[
    {
        "id": "875",
        "name": "Шампион от DreamHack 2013",
        "image": "https://raw.githubusercontent.com/Nereziel/cs2-WeaponPaints/main/website/img/skins/collectible-875.png"
    },
    {
        "id": "876",
        "name": "Финалист от DreamHack 2013",
        "image": "https://raw.githubusercontent.com/Nereziel/cs2-WeaponPaints/main/website/img/skins/collectible-876.png"
    },
    {
        "id": "877",
        "name": "Полуфиналист от DreamHack 2013",
        "image": "https://raw.githubusercontent.com/Nereziel/cs2-WeaponPaints/main/website/img/skins/collectible-877.png"
    },
    {
        "id": "878",
        "name": "Четвъртфиналист от DreamHack 2013",
        "image": "https://raw.githubusercontent.com/Nereziel/cs2-WeaponPaints/main/website/img/skins/collectible-878.png"
    },
    {
        "id": "879",
        "name": "Шампион от EMS One Katowice 2014",
        "image": "https://raw.githubusercontent.com/Nereziel/cs2-WeaponPaints/main/website/img/skins/collectible-879.png"
    },
    {
        "id": "880",
        "name": "Финалист от EMS One Katowice 2014",
        "image": "https://raw.githubusercontent.com/Nereziel/cs2-WeaponPaints/main/website/img/skins/collectible-880.png"
    },
    {
        "id": "881",
        "name": "Полуфиналист от EMS One Katowice 2014",
        "image": "https://raw.githubusercontent.com/Nereziel/cs2-WeaponPaints/main/website/img/skins/collectible-881.png"
    },
    {
        "id": "882",
        "name": "Четвъртфиналист от EMS One Katowice 2014",
        "image": "https://raw.githubusercontent.com/Nereziel/cs2-WeaponPaints/main/website/img/skins/collectible-882.png"
    },
    {
        "id": "883",
        "name": "Шампион от ESL One Cologne 2014",
        "image": "https://raw.githubusercontent.com/Nereziel/cs2-WeaponPaints/main/website/img/skins/collectible-883.png"
    },
    {
        "id": "884",
        "name": "Финалист от ESL One Cologne 2014",
        "image": "https://raw.githubusercontent.com/Nereziel/cs2-WeaponPaints/main/website/img/skins/collectible-884.png"
    },
    {
        "id": "885",
        "name": "Полуфиналист от ESL One Cologne 2014",
        "image": "https://raw.githubusercontent.com/Nereziel/cs2-WeaponPaints/main/website/img/skins/collectible-885.png"
    },
    {
        "id": "886",
        "name": "Четвъртфиналист от ESL One Cologne 2014",
        "image": "https://raw.githubusercontent.com/Nereziel/cs2-WeaponPaints/main/website/img/skins/collectible-886.png"
    },
    {
        "id": "887",
        "name": "Бронзов трофей от Cologne 2014 „Pick'Em“",
        "image": "https://raw.githubusercontent.com/Nereziel/cs2-WeaponPaints/main/website/img/skins/collectible-887.png"
    },
    {
        "id": "888",
        "name": "Сребърен трофей от Cologne 2014 „Pick'Em“",
        "image": "https://raw.githubusercontent.com/Nereziel/cs2-WeaponPaints/main/website/img/skins/collectible-888.png"
    },
    {
        "id": "889",
        "name": "Златен трофей от Cologne 2014 „Pick'Em“",
        "image": "https://raw.githubusercontent.com/Nereziel/cs2-WeaponPaints/main/website/img/skins/collectible-889.png"
    },
    {
        "id": "890",
        "name": "Шампион от DreamHack Winter 2014",
        "image": "https://raw.githubusercontent.com/Nereziel/cs2-WeaponPaints/main/website/img/skins/collectible-890.png"
    },
    {
        "id": "891",
        "name": "Финалист от ESL DreamHack Winter 2014",
        "image": "https://raw.githubusercontent.com/Nereziel/cs2-WeaponPaints/main/website/img/skins/collectible-891.png"
    },
    {
        "id": "892",
        "name": "Полуфиналист от DreamHack Winter 2014",
        "image": "https://raw.githubusercontent.com/Nereziel/cs2-WeaponPaints/main/website/img/skins/collectible-892.png"
    },
    {
        "id": "893",
        "name": "Четвъртфиналист от DreamHack Winter 2014",
        "image": "https://raw.githubusercontent.com/Nereziel/cs2-WeaponPaints/main/website/img/skins/collectible-893.png"
    },
    {
        "id": "894",
        "name": "Бронзов трофей от DreamHack 2014 „Pick'Em“",
        "image": "https://raw.githubusercontent.com/Nereziel/cs2-WeaponPaints/main/website/img/skins/collectible-894.png"
    },
    {
        "id": "895",
        "name": "Сребърен трофей от DreamHack 2014 „Pick'Em“",
        "image": "https://raw.githubusercontent.com/Nereziel/cs2-WeaponPaints/main/website/img/skins/collectible-895.png"
    },
    {
        "id": "896",
        "name": "Златен трофей от DreamHack 2014 „Pick'Em“",
        "image": "https://raw.githubusercontent.com/Nereziel/cs2-WeaponPaints/main/website/img/skins/collectible-896.png"
    },
    {
        "id": "897",
        "name": "Шампион от ESL One Katowice 2015",
        "image": "https://raw.githubusercontent.com/Nereziel/cs2-WeaponPaints/main/website/img/skins/collectible-897.png"
    },
    {
        "id": "898",
        "name": "Финалист от ESL One Katowice 2015",
        "image": "https://raw.githubusercontent.com/Nereziel/cs2-WeaponPaints/main/website/img/skins/collectible-898.png"
    },
    {
        "id": "899",
        "name": "Полуфиналист от ESL One Katowice 2015",
        "image": "https://raw.githubusercontent.com/Nereziel/cs2-WeaponPaints/main/website/img/skins/collectible-899.png"
    },
    {
        "id": "900",
        "name": "Четвъртфиналист от ESL One Katowice 2015",
        "image": "https://raw.githubusercontent.com/Nereziel/cs2-WeaponPaints/main/website/img/skins/collectible-900.png"
    },
    {
        "id": "901",
        "name": "Бронзов трофей от Katowice 2015 „Pick'Em“",
        "image": "https://raw.githubusercontent.com/Nereziel/cs2-WeaponPaints/main/website/img/skins/collectible-901.png"
    },
    {
        "id": "902",
        "name": "Сребърен трофей от Katowice 2015 „Pick'Em“",
        "image": "https://raw.githubusercontent.com/Nereziel/cs2-WeaponPaints/main/website/img/skins/collectible-902.png"
    },
    {
        "id": "903",
        "name": "Златен трофей от Katowice 2015 „Pick'Em“",
        "image": "https://raw.githubusercontent.com/Nereziel/cs2-WeaponPaints/main/website/img/skins/collectible-903.png"
    },
    {
        "id": "904",
        "name": "Шампион от ESL One Cologne 2015",
        "image": "https://raw.githubusercontent.com/Nereziel/cs2-WeaponPaints/main/website/img/skins/collectible-904.png"
    },
    {
        "id": "905",
        "name": "Финалист от ESL One Cologne 2015",
        "image": "https://raw.githubusercontent.com/Nereziel/cs2-WeaponPaints/main/website/img/skins/collectible-905.png"
    },
    {
        "id": "906",
        "name": "Полуфиналист от ESL One Cologne 2015",
        "image": "https://raw.githubusercontent.com/Nereziel/cs2-WeaponPaints/main/website/img/skins/collectible-906.png"
    },
    {
        "id": "907",
        "name": "Четвъртфиналист от ESL One Cologne 2015",
        "image": "https://raw.githubusercontent.com/Nereziel/cs2-WeaponPaints/main/website/img/skins/collectible-907.png"
    },
    {
        "id": "908",
        "name": "Бронзов трофей от Cologne 2015 „Pick'Em“",
        "image": "https://raw.githubusercontent.com/Nereziel/cs2-WeaponPaints/main/website/img/skins/collectible-908.png"
    },
    {
        "id": "909",
        "name": "Сребърен трофей от Cologne 2015 „Pick'Em“",
        "image": "https://raw.githubusercontent.com/Nereziel/cs2-WeaponPaints/main/website/img/skins/collectible-909.png"
    },
    {
        "id": "910",
        "name": "Златен трофей от Cologne 2015 „Pick'Em“",
        "image": "https://raw.githubusercontent.com/Nereziel/cs2-WeaponPaints/main/website/img/skins/collectible-910.png"
    },
    {
        "id": "911",
        "name": "Бронзов трофей от Cluj-Napoca 2015 „Pick'Em“",
        "image": "https://raw.githubusercontent.com/Nereziel/cs2-WeaponPaints/main/website/img/skins/collectible-911.png"
    },
    {
        "id": "912",
        "name": "Сребърен трофей от Cluj-Napoca 2015 „Pick'Em“",
        "image": "https://raw.githubusercontent.com/Nereziel/cs2-WeaponPaints/main/website/img/skins/collectible-912.png"
    },
    {
        "id": "913",
        "name": "Златен трофей от Cluj-Napoca 2015 „Pick'Em“",
        "image": "https://raw.githubusercontent.com/Nereziel/cs2-WeaponPaints/main/website/img/skins/collectible-913.png"
    },
    {
        "id": "914",
        "name": "Бронзов въображаем трофей от Cluj-Napoca 2015",
        "image": "https://raw.githubusercontent.com/Nereziel/cs2-WeaponPaints/main/website/img/skins/collectible-914.png"
    },
    {
        "id": "915",
        "name": "Сребърен въображаем трофей от Cluj-Napoca 2015",
        "image": "https://raw.githubusercontent.com/Nereziel/cs2-WeaponPaints/main/website/img/skins/collectible-915.png"
    },
    {
        "id": "916",
        "name": "Златен въображаем трофей от Cluj-Napoca 2015",
        "image": "https://raw.githubusercontent.com/Nereziel/cs2-WeaponPaints/main/website/img/skins/collectible-916.png"
    },
    {
        "id": "917",
        "name": "Шампион от DreamHack Cluj-Napoca 2015",
        "image": "https://raw.githubusercontent.com/Nereziel/cs2-WeaponPaints/main/website/img/skins/collectible-917.png"
    },
    {
        "id": "918",
        "name": "Финалист от DreamHack Cluj-Napoca 2015",
        "image": "https://raw.githubusercontent.com/Nereziel/cs2-WeaponPaints/main/website/img/skins/collectible-918.png"
    },
    {
        "id": "919",
        "name": "Полуфиналист от DreamHack Cluj-Napoca 2015",
        "image": "https://raw.githubusercontent.com/Nereziel/cs2-WeaponPaints/main/website/img/skins/collectible-919.png"
    },
    {
        "id": "920",
        "name": "Четвъртфиналист от DreamHack Cluj-Napoca 2015",
        "image": "https://raw.githubusercontent.com/Nereziel/cs2-WeaponPaints/main/website/img/skins/collectible-920.png"
    },
    {
        "id": "921",
        "name": "Бронзов трофей от Columbus 2016 „Pick'Em“",
        "image": "https://raw.githubusercontent.com/Nereziel/cs2-WeaponPaints/main/website/img/skins/collectible-921.png"
    },
    {
        "id": "922",
        "name": "Сребърен трофей от Columbus 2016 „Pick'Em“",
        "image": "https://raw.githubusercontent.com/Nereziel/cs2-WeaponPaints/main/website/img/skins/collectible-922.png"
    },
    {
        "id": "923",
        "name": "Златен трофей от Columbus 2016 „Pick'Em“",
        "image": "https://raw.githubusercontent.com/Nereziel/cs2-WeaponPaints/main/website/img/skins/collectible-923.png"
    },
    {
        "id": "924",
        "name": "Бронзов въображаем трофей от Columbus 2016",
        "image": "https://raw.githubusercontent.com/Nereziel/cs2-WeaponPaints/main/website/img/skins/collectible-924.png"
    },
    {
        "id": "925",
        "name": "Сребърен въображаем трофей от Columbus 2016",
        "image": "https://raw.githubusercontent.com/Nereziel/cs2-WeaponPaints/main/website/img/skins/collectible-925.png"
    },
    {
        "id": "926",
        "name": "Златен въображаем трофей от Columbus 2016",
        "image": "https://raw.githubusercontent.com/Nereziel/cs2-WeaponPaints/main/website/img/skins/collectible-926.png"
    },
    {
        "id": "927",
        "name": "Шампион от MLG Columbus 2016",
        "image": "https://raw.githubusercontent.com/Nereziel/cs2-WeaponPaints/main/website/img/skins/collectible-927.png"
    },
    {
        "id": "928",
        "name": "Финалист от MLG Columbus 2016",
        "image": "https://raw.githubusercontent.com/Nereziel/cs2-WeaponPaints/main/website/img/skins/collectible-928.png"
    },
    {
        "id": "929",
        "name": "Полуфиналист от MLG Columbus 2016",
        "image": "https://raw.githubusercontent.com/Nereziel/cs2-WeaponPaints/main/website/img/skins/collectible-929.png"
    },
    {
        "id": "930",
        "name": "Четвъртфиналист от MLG Columbus 2016",
        "image": "https://raw.githubusercontent.com/Nereziel/cs2-WeaponPaints/main/website/img/skins/collectible-930.png"
    },
    {
        "id": "931",
        "name": "Шампион от ESL One Cologne 2016",
        "image": "https://raw.githubusercontent.com/Nereziel/cs2-WeaponPaints/main/website/img/skins/collectible-931.png"
    },
    {
        "id": "932",
        "name": "Финалист от ESL One Cologne 2016",
        "image": "https://raw.githubusercontent.com/Nereziel/cs2-WeaponPaints/main/website/img/skins/collectible-932.png"
    },
    {
        "id": "933",
        "name": "Полуфиналист от ESL One Cologne 2016",
        "image": "https://raw.githubusercontent.com/Nereziel/cs2-WeaponPaints/main/website/img/skins/collectible-933.png"
    },
    {
        "id": "934",
        "name": "Четвъртфиналист от ESL One Cologne 2016",
        "image": "https://raw.githubusercontent.com/Nereziel/cs2-WeaponPaints/main/website/img/skins/collectible-934.png"
    },
    {
        "id": "935",
        "name": "Бронзов трофей от Cologne 2016 „Pick'Em“",
        "image": "https://raw.githubusercontent.com/Nereziel/cs2-WeaponPaints/main/website/img/skins/collectible-935.png"
    },
    {
        "id": "936",
        "name": "Сребърен трофей от Cologne 2016 „Pick'Em“",
        "image": "https://raw.githubusercontent.com/Nereziel/cs2-WeaponPaints/main/website/img/skins/collectible-936.png"
    },
    {
        "id": "937",
        "name": "Златен трофей от Cologne 2016 „Pick'Em“",
        "image": "https://raw.githubusercontent.com/Nereziel/cs2-WeaponPaints/main/website/img/skins/collectible-937.png"
    },
    {
        "id": "938",
        "name": "Бронзов въображаем трофей от Cologne 2016",
        "image": "https://raw.githubusercontent.com/Nereziel/cs2-WeaponPaints/main/website/img/skins/collectible-938.png"
    },
    {
        "id": "939",
        "name": "Сребърен въображаем трофей от Cologne 2016",
        "image": "https://raw.githubusercontent.com/Nereziel/cs2-WeaponPaints/main/website/img/skins/collectible-939.png"
    },
    {
        "id": "940",
        "name": "Златен въображаем трофей от Cologne 2016",
        "image": "https://raw.githubusercontent.com/Nereziel/cs2-WeaponPaints/main/website/img/skins/collectible-940.png"
    },
    {
        "id": "941",
        "name": "Шампион от ELEAGUE Atlanta 2017",
        "image": "https://raw.githubusercontent.com/Nereziel/cs2-WeaponPaints/main/website/img/skins/collectible-941.png"
    },
    {
        "id": "942",
        "name": "Финалист от ELEAGUE Atlanta 2017",
        "image": "https://raw.githubusercontent.com/Nereziel/cs2-WeaponPaints/main/website/img/skins/collectible-942.png"
    },
    {
        "id": "943",
        "name": "Полуфиналист от ELEAGUE Atlanta 2017",
        "image": "https://raw.githubusercontent.com/Nereziel/cs2-WeaponPaints/main/website/img/skins/collectible-943.png"
    },
    {
        "id": "944",
        "name": "Четвъртфиналист от ELEAGUE Atlanta 2017",
        "image": "https://raw.githubusercontent.com/Nereziel/cs2-WeaponPaints/main/website/img/skins/collectible-944.png"
    },
    {
        "id": "945",
        "name": "Бронзов трофей от Atlanta 2017 „Pick'Em“",
        "image": "https://raw.githubusercontent.com/Nereziel/cs2-WeaponPaints/main/website/img/skins/collectible-945.png"
    },
    {
        "id": "946",
        "name": "Сребърен трофей от Cologne 2016 „Pick'Em“",
        "image": "https://raw.githubusercontent.com/Nereziel/cs2-WeaponPaints/main/website/img/skins/collectible-946.png"
    },
    {
        "id": "947",
        "name": "Златен трофей от Atlanta 2017 „Pick'Em“",
        "image": "https://raw.githubusercontent.com/Nereziel/cs2-WeaponPaints/main/website/img/skins/collectible-947.png"
    },
    {
        "id": "948",
        "name": "Шампион от PGL Krakow 2017",
        "image": "https://raw.githubusercontent.com/Nereziel/cs2-WeaponPaints/main/website/img/skins/collectible-948.png"
    },
    {
        "id": "949",
        "name": "Финалист от PGL Krakow 2017",
        "image": "https://raw.githubusercontent.com/Nereziel/cs2-WeaponPaints/main/website/img/skins/collectible-949.png"
    },
    {
        "id": "950",
        "name": "Полуфиналист от PGL Krakow 2017",
        "image": "https://raw.githubusercontent.com/Nereziel/cs2-WeaponPaints/main/website/img/skins/collectible-950.png"
    },
    {
        "id": "951",
        "name": "Четвъртфиналист от PGL Krakow 2017",
        "image": "https://raw.githubusercontent.com/Nereziel/cs2-WeaponPaints/main/website/img/skins/collectible-951.png"
    },
    {
        "id": "952",
        "name": "Бронзов трофей от Krakow 2017 „Pick'Em“",
        "image": "https://raw.githubusercontent.com/Nereziel/cs2-WeaponPaints/main/website/img/skins/collectible-952.png"
    },
    {
        "id": "953",
        "name": "Сребърен трофей от Krakow 2017 „Pick'Em“",
        "image": "https://raw.githubusercontent.com/Nereziel/cs2-WeaponPaints/main/website/img/skins/collectible-953.png"
    },
    {
        "id": "954",
        "name": "Златен трофей от Krakow 2017 „Pick'Em“",
        "image": "https://raw.githubusercontent.com/Nereziel/cs2-WeaponPaints/main/website/img/skins/collectible-954.png"
    },
    {
        "id": "955",
        "name": "Шампион от ELEAGUE Boston 2018",
        "image": "https://raw.githubusercontent.com/Nereziel/cs2-WeaponPaints/main/website/img/skins/collectible-955.png"
    },
    {
        "id": "956",
        "name": "Финалист от ELEAGUE Boston 2018",
        "image": "https://raw.githubusercontent.com/Nereziel/cs2-WeaponPaints/main/website/img/skins/collectible-956.png"
    },
    {
        "id": "957",
        "name": "Полуфиналист от ELEAGUE Boston 2018",
        "image": "https://raw.githubusercontent.com/Nereziel/cs2-WeaponPaints/main/website/img/skins/collectible-957.png"
    },
    {
        "id": "958",
        "name": "Четвъртфиналист от ELEAGUE Boston 2018",
        "image": "https://raw.githubusercontent.com/Nereziel/cs2-WeaponPaints/main/website/img/skins/collectible-958.png"
    },
    {
        "id": "959",
        "name": "Бронзов трофей от Boston 2018 „Pick'Em“",
        "image": "https://raw.githubusercontent.com/Nereziel/cs2-WeaponPaints/main/website/img/skins/collectible-959.png"
    },
    {
        "id": "960",
        "name": "Сребърен трофей от Boston 2018 „Pick'Em“",
        "image": "https://raw.githubusercontent.com/Nereziel/cs2-WeaponPaints/main/website/img/skins/collectible-960.png"
    },
    {
        "id": "961",
        "name": "Златен трофей от Boston 2018 „Pick'Em“",
        "image": "https://raw.githubusercontent.com/Nereziel/cs2-WeaponPaints/main/website/img/skins/collectible-961.png"
    },
    {
        "id": "962",
        "name": "Шампион от FACEIT London 2018",
        "image": "https://raw.githubusercontent.com/Nereziel/cs2-WeaponPaints/main/website/img/skins/collectible-962.png"
    },
    {
        "id": "963",
        "name": "Финалист от FACEIT London 2018",
        "image": "https://raw.githubusercontent.com/Nereziel/cs2-WeaponPaints/main/website/img/skins/collectible-963.png"
    },
    {
        "id": "964",
        "name": "Полуфиналист от FACEIT London 2018",
        "image": "https://raw.githubusercontent.com/Nereziel/cs2-WeaponPaints/main/website/img/skins/collectible-964.png"
    },
    {
        "id": "965",
        "name": "Четвъртфиналист от FACEIT London 2018",
        "image": "https://raw.githubusercontent.com/Nereziel/cs2-WeaponPaints/main/website/img/skins/collectible-965.png"
    },
    {
        "id": "966",
        "name": "Бронзов трофей от London 2018 „Pick'Em“",
        "image": "https://raw.githubusercontent.com/Nereziel/cs2-WeaponPaints/main/website/img/skins/collectible-966.png"
    },
    {
        "id": "967",
        "name": "Сребърен трофей от London 2018 „Pick'Em“",
        "image": "https://raw.githubusercontent.com/Nereziel/cs2-WeaponPaints/main/website/img/skins/collectible-967.png"
    },
    {
        "id": "968",
        "name": "Златен трофей от London 2018 „Pick'Em“",
        "image": "https://raw.githubusercontent.com/Nereziel/cs2-WeaponPaints/main/website/img/skins/collectible-968.png"
    },
    {
        "id": "971",
        "name": "Шампион от IEM Katowice 2019",
        "image": "https://raw.githubusercontent.com/Nereziel/cs2-WeaponPaints/main/website/img/skins/collectible-971.png"
    },
    {
        "id": "972",
        "name": "Финалист от IEM Katowice 2019",
        "image": "https://raw.githubusercontent.com/Nereziel/cs2-WeaponPaints/main/website/img/skins/collectible-972.png"
    },
    {
        "id": "973",
        "name": "Полуфиналист от IEM Katowice 2019",
        "image": "https://raw.githubusercontent.com/Nereziel/cs2-WeaponPaints/main/website/img/skins/collectible-973.png"
    },
    {
        "id": "974",
        "name": "Четвъртфиналист от IEM Katowice 2019",
        "image": "https://raw.githubusercontent.com/Nereziel/cs2-WeaponPaints/main/website/img/skins/collectible-974.png"
    },
    {
        "id": "975",
        "name": "Шампион от StarLadder Berlin 2019",
        "image": "https://raw.githubusercontent.com/Nereziel/cs2-WeaponPaints/main/website/img/skins/collectible-975.png"
    },
    {
        "id": "976",
        "name": "Финалист от StarLadder Berlin 2019",
        "image": "https://raw.githubusercontent.com/Nereziel/cs2-WeaponPaints/main/website/img/skins/collectible-976.png"
    },
    {
        "id": "977",
        "name": "Полуфиналист от StarLadder Berlin 2019",
        "image": "https://raw.githubusercontent.com/Nereziel/cs2-WeaponPaints/main/website/img/skins/collectible-977.png"
    },
    {
        "id": "978",
        "name": "Четвъртфиналист от StarLadder Berlin 2019",
        "image": "https://raw.githubusercontent.com/Nereziel/cs2-WeaponPaints/main/website/img/skins/collectible-978.png"
    },
    {
        "id": "979",
        "name": "Шампион от PGL Stockholm 2021",
        "image": "https://raw.githubusercontent.com/Nereziel/cs2-WeaponPaints/main/website/img/skins/collectible-979.png"
    },
    {
        "id": "980",
        "name": "Финалист от PGL Stockholm 2021",
        "image": "https://raw.githubusercontent.com/Nereziel/cs2-WeaponPaints/main/website/img/skins/collectible-980.png"
    },
    {
        "id": "981",
        "name": "Полуфиналист от PGL Stockholm 2021",
        "image": "https://raw.githubusercontent.com/Nereziel/cs2-WeaponPaints/main/website/img/skins/collectible-981.png"
    },
    {
        "id": "982",
        "name": "Четвъртфиналист от PGL Stockholm 2021",
        "image": "https://raw.githubusercontent.com/Nereziel/cs2-WeaponPaints/main/website/img/skins/collectible-982.png"
    },
    {
        "id": "983",
        "name": "Шампион от PGL Antwerp 2022",
        "image": "https://raw.githubusercontent.com/Nereziel/cs2-WeaponPaints/main/website/img/skins/collectible-983.png"
    },
    {
        "id": "984",
        "name": "Финалист от PGL Antwerp 2022",
        "image": "https://raw.githubusercontent.com/Nereziel/cs2-WeaponPaints/main/website/img/skins/collectible-984.png"
    },
    {
        "id": "985",
        "name": "Полуфиналист от PGL Antwerp 2022",
        "image": "https://raw.githubusercontent.com/Nereziel/cs2-WeaponPaints/main/website/img/skins/collectible-985.png"
    },
    {
        "id": "986",
        "name": "Четвъртфиналист от PGL Antwerp 2022",
        "image": "https://raw.githubusercontent.com/Nereziel/cs2-WeaponPaints/main/website/img/skins/collectible-986.png"
    },
    {
        "id": "988",
        "name": "Шампион от IEM Rio 2022",
        "image": "https://raw.githubusercontent.com/Nereziel/cs2-WeaponPaints/main/website/img/skins/collectible-988.png"
    },
    {
        "id": "989",
        "name": "Финалист от IEM Rio 2022",
        "image": "https://raw.githubusercontent.com/Nereziel/cs2-WeaponPaints/main/website/img/skins/collectible-989.png"
    },
    {
        "id": "990",
        "name": "Полуфиналист от IEM Rio 2022",
        "image": "https://raw.githubusercontent.com/Nereziel/cs2-WeaponPaints/main/website/img/skins/collectible-990.png"
    },
    {
        "id": "991",
        "name": "Четвъртфиналист от IEM Rio 2022",
        "image": "https://raw.githubusercontent.com/Nereziel/cs2-WeaponPaints/main/website/img/skins/collectible-991.png"
    },
    {
        "id": "992",
        "name": "Шампион от BLAST.tv Paris 2023",
        "image": "https://raw.githubusercontent.com/Nereziel/cs2-WeaponPaints/main/website/img/skins/collectible-992.png"
    },
    {
        "id": "993",
        "name": "Финалист от BLAST.tv Paris 2023",
        "image": "https://raw.githubusercontent.com/Nereziel/cs2-WeaponPaints/main/website/img/skins/collectible-993.png"
    },
    {
        "id": "994",
        "name": "Полуфиналист от BLAST.tv Paris 2023",
        "image": "https://raw.githubusercontent.com/Nereziel/cs2-WeaponPaints/main/website/img/skins/collectible-994.png"
    },
    {
        "id": "995",
        "name": "Четвъртфиналист от BLAST.tv Paris 2023",
        "image": "https://raw.githubusercontent.com/Nereziel/cs2-WeaponPaints/main/website/img/skins/collectible-995.png"
    },
    {
        "id": "1001",
        "name": "Монета от предизвикателство в операция „Разплата“",
        "image": "https://raw.githubusercontent.com/Nereziel/cs2-WeaponPaints/main/website/img/skins/collectible-1001.png"
    },
    {
        "id": "1002",
        "name": "Сребърна монета от операция „Разплата“",
        "image": "https://raw.githubusercontent.com/Nereziel/cs2-WeaponPaints/main/website/img/skins/collectible-1002.png"
    },
    {
        "id": "1003",
        "name": "Златна монета от операция „Разплата“",
        "image": "https://raw.githubusercontent.com/Nereziel/cs2-WeaponPaints/main/website/img/skins/collectible-1003.png"
    },
    {
        "id": "1004",
        "name": "Монета за картата Museum",
        "image": "https://raw.githubusercontent.com/Nereziel/cs2-WeaponPaints/main/website/img/skins/collectible-1004.png"
    },
    {
        "id": "1005",
        "name": "Монета за картата Downtown",
        "image": "https://raw.githubusercontent.com/Nereziel/cs2-WeaponPaints/main/website/img/skins/collectible-1005.png"
    },
    {
        "id": "1006",
        "name": "Монета за картата Thunder",
        "image": "https://raw.githubusercontent.com/Nereziel/cs2-WeaponPaints/main/website/img/skins/collectible-1006.png"
    },
    {
        "id": "1007",
        "name": "Монета за картата Favela",
        "image": "https://raw.githubusercontent.com/Nereziel/cs2-WeaponPaints/main/website/img/skins/collectible-1007.png"
    },
    {
        "id": "1008",
        "name": "Монета за картата Motel",
        "image": "https://raw.githubusercontent.com/Nereziel/cs2-WeaponPaints/main/website/img/skins/collectible-1008.png"
    },
    {
        "id": "1009",
        "name": "Монета за картата Seaside",
        "image": "https://raw.githubusercontent.com/Nereziel/cs2-WeaponPaints/main/website/img/skins/collectible-1009.png"
    },
    {
        "id": "1010",
        "name": "Монета за картата Library",
        "image": "https://raw.githubusercontent.com/Nereziel/cs2-WeaponPaints/main/website/img/skins/collectible-1010.png"
    },
    {
        "id": "1013",
        "name": "Монета от предизвикателство в операция „Браво“",
        "image": "https://raw.githubusercontent.com/Nereziel/cs2-WeaponPaints/main/website/img/skins/collectible-1013.png"
    },
    {
        "id": "1014",
        "name": "Сребърна монета от операция „Браво“",
        "image": "https://raw.githubusercontent.com/Nereziel/cs2-WeaponPaints/main/website/img/skins/collectible-1014.png"
    },
    {
        "id": "1015",
        "name": "Златна монета от операция „Браво“",
        "image": "https://raw.githubusercontent.com/Nereziel/cs2-WeaponPaints/main/website/img/skins/collectible-1015.png"
    },
    {
        "id": "1016",
        "name": "Монета за картата Agency",
        "image": "https://raw.githubusercontent.com/Nereziel/cs2-WeaponPaints/main/website/img/skins/collectible-1016.png"
    },
    {
        "id": "1017",
        "name": "Монета за картата Ali",
        "image": "https://raw.githubusercontent.com/Nereziel/cs2-WeaponPaints/main/website/img/skins/collectible-1017.png"
    },
    {
        "id": "1018",
        "name": "Монета за картата Cache",
        "image": "https://raw.githubusercontent.com/Nereziel/cs2-WeaponPaints/main/website/img/skins/collectible-1018.png"
    },
    {
        "id": "1019",
        "name": "Монета за картата Chinatown",
        "image": "https://raw.githubusercontent.com/Nereziel/cs2-WeaponPaints/main/website/img/skins/collectible-1019.png"
    },
    {
        "id": "1020",
        "name": "Монета за картата Gwalior",
        "image": "https://raw.githubusercontent.com/Nereziel/cs2-WeaponPaints/main/website/img/skins/collectible-1020.png"
    },
    {
        "id": "1021",
        "name": "Монета за картата Ruins",
        "image": "https://raw.githubusercontent.com/Nereziel/cs2-WeaponPaints/main/website/img/skins/collectible-1021.png"
    },
    {
        "id": "1022",
        "name": "Монета за картата Siege",
        "image": "https://raw.githubusercontent.com/Nereziel/cs2-WeaponPaints/main/website/img/skins/collectible-1022.png"
    },
    {
        "id": "1024",
        "name": "Монета от предизвикателство в операция „Феникс“",
        "image": "https://raw.githubusercontent.com/Nereziel/cs2-WeaponPaints/main/website/img/skins/collectible-1024.png"
    },
    {
        "id": "1025",
        "name": "Сребърна монета от операция „Феникс“",
        "image": "https://raw.githubusercontent.com/Nereziel/cs2-WeaponPaints/main/website/img/skins/collectible-1025.png"
    },
    {
        "id": "1026",
        "name": "Златна монета от операция „Феникс“",
        "image": "https://raw.githubusercontent.com/Nereziel/cs2-WeaponPaints/main/website/img/skins/collectible-1026.png"
    },
    {
        "id": "1028",
        "name": "Монета от предизвикателство в операция „Пробив“",
        "image": "https://raw.githubusercontent.com/Nereziel/cs2-WeaponPaints/main/website/img/skins/collectible-1028.png"
    },
    {
        "id": "1029",
        "name": "Сребърна монета от операция „Пробив“",
        "image": "https://raw.githubusercontent.com/Nereziel/cs2-WeaponPaints/main/website/img/skins/collectible-1029.png"
    },
    {
        "id": "1030",
        "name": "Златна монета от операция „Пробив“",
        "image": "https://raw.githubusercontent.com/Nereziel/cs2-WeaponPaints/main/website/img/skins/collectible-1030.png"
    },
    {
        "id": "1031",
        "name": "Монета за картата Castle",
        "image": "https://raw.githubusercontent.com/Nereziel/cs2-WeaponPaints/main/website/img/skins/collectible-1031.png"
    },
    {
        "id": "1032",
        "name": "Монета за картата Black Gold",
        "image": "https://raw.githubusercontent.com/Nereziel/cs2-WeaponPaints/main/website/img/skins/collectible-1032.png"
    },
    {
        "id": "1033",
        "name": "Монета за картата Rush",
        "image": "https://raw.githubusercontent.com/Nereziel/cs2-WeaponPaints/main/website/img/skins/collectible-1033.png"
    },
    {
        "id": "1034",
        "name": "Монета за картата Mist",
        "image": "https://raw.githubusercontent.com/Nereziel/cs2-WeaponPaints/main/website/img/skins/collectible-1034.png"
    },
    {
        "id": "1035",
        "name": "Монета за картата Insertion",
        "image": "https://raw.githubusercontent.com/Nereziel/cs2-WeaponPaints/main/website/img/skins/collectible-1035.png"
    },
    {
        "id": "1036",
        "name": "Монета за картата Overgrown",
        "image": "https://raw.githubusercontent.com/Nereziel/cs2-WeaponPaints/main/website/img/skins/collectible-1036.png"
    },
    {
        "id": "1037",
        "name": "Монета за картата Marquis",
        "image": "https://raw.githubusercontent.com/Nereziel/cs2-WeaponPaints/main/website/img/skins/collectible-1037.png"
    },
    {
        "id": "1038",
        "name": "Монета за картата Workout",
        "image": "https://raw.githubusercontent.com/Nereziel/cs2-WeaponPaints/main/website/img/skins/collectible-1038.png"
    },
    {
        "id": "1039",
        "name": "Монета за картата Backalley",
        "image": "https://raw.githubusercontent.com/Nereziel/cs2-WeaponPaints/main/website/img/skins/collectible-1039.png"
    },
    {
        "id": "1040",
        "name": "Монета за картата Season",
        "image": "https://raw.githubusercontent.com/Nereziel/cs2-WeaponPaints/main/website/img/skins/collectible-1040.png"
    },
    {
        "id": "1041",
        "name": "Монета за картата Bazaar",
        "image": "https://raw.githubusercontent.com/Nereziel/cs2-WeaponPaints/main/website/img/skins/collectible-1041.png"
    },
    {
        "id": "1042",
        "name": "Монета за картата Facade",
        "image": "https://raw.githubusercontent.com/Nereziel/cs2-WeaponPaints/main/website/img/skins/collectible-1042.png"
    },
    {
        "id": "1043",
        "name": "Монета за картата Log",
        "image": "https://raw.githubusercontent.com/Nereziel/cs2-WeaponPaints/main/website/img/skins/collectible-1043.png"
    },
    {
        "id": "1044",
        "name": "Монета за картата Rails",
        "image": "https://raw.githubusercontent.com/Nereziel/cs2-WeaponPaints/main/website/img/skins/collectible-1044.png"
    },
    {
        "id": "1045",
        "name": "Монета за картата Resort",
        "image": "https://raw.githubusercontent.com/Nereziel/cs2-WeaponPaints/main/website/img/skins/collectible-1045.png"
    },
    {
        "id": "1046",
        "name": "Монета за картата Zoo",
        "image": "https://raw.githubusercontent.com/Nereziel/cs2-WeaponPaints/main/website/img/skins/collectible-1046.png"
    },
    {
        "id": "1047",
        "name": "Монета за картата Santorini",
        "image": "https://raw.githubusercontent.com/Nereziel/cs2-WeaponPaints/main/website/img/skins/collectible-1047.png"
    },
    {
        "id": "1048",
        "name": "Монета за картата Coast",
        "image": "https://raw.githubusercontent.com/Nereziel/cs2-WeaponPaints/main/website/img/skins/collectible-1048.png"
    },
    {
        "id": "1049",
        "name": "Монета за картата Mikla",
        "image": "https://raw.githubusercontent.com/Nereziel/cs2-WeaponPaints/main/website/img/skins/collectible-1049.png"
    },
    {
        "id": "1050",
        "name": "Монета за картата Royal",
        "image": "https://raw.githubusercontent.com/Nereziel/cs2-WeaponPaints/main/website/img/skins/collectible-1050.png"
    },
    {
        "id": "1051",
        "name": "Монета за картата Empire",
        "image": "https://raw.githubusercontent.com/Nereziel/cs2-WeaponPaints/main/website/img/skins/collectible-1051.png"
    },
    {
        "id": "1052",
        "name": "Монета за картата Tulip",
        "image": "https://raw.githubusercontent.com/Nereziel/cs2-WeaponPaints/main/website/img/skins/collectible-1052.png"
    },
    {
        "id": "1053",
        "name": "Монета за картата Cruise",
        "image": "https://raw.githubusercontent.com/Nereziel/cs2-WeaponPaints/main/website/img/skins/collectible-1053.png"
    },
    {
        "id": "1054",
        "name": "Монета за картата Subzero",
        "image": "https://raw.githubusercontent.com/Nereziel/cs2-WeaponPaints/main/website/img/skins/collectible-1054.png"
    },
    {
        "id": "1055",
        "name": "Монета за картата Biome",
        "image": "https://raw.githubusercontent.com/Nereziel/cs2-WeaponPaints/main/website/img/skins/collectible-1055.png"
    },
    {
        "id": "1056",
        "name": "Монета за картата Abbey",
        "image": "https://raw.githubusercontent.com/Nereziel/cs2-WeaponPaints/main/website/img/skins/collectible-1056.png"
    },
    {
        "id": "1057",
        "name": "Монета за картата Ruby",
        "image": "https://raw.githubusercontent.com/Nereziel/cs2-WeaponPaints/main/website/img/skins/collectible-1057.png"
    },
    {
        "id": "1058",
        "name": "Монета за картата Breach",
        "image": "https://raw.githubusercontent.com/Nereziel/cs2-WeaponPaints/main/website/img/skins/collectible-1058.png"
    },
    {
        "id": "1059",
        "name": "Монета за картата Studio",
        "image": "https://raw.githubusercontent.com/Nereziel/cs2-WeaponPaints/main/website/img/skins/collectible-1059.png"
    },
    {
        "id": "1060",
        "name": "Монета за картата Jungle",
        "image": "https://raw.githubusercontent.com/Nereziel/cs2-WeaponPaints/main/website/img/skins/collectible-1060.png"
    },
    {
        "id": "1061",
        "name": "Монета за картата Anubis",
        "image": "https://raw.githubusercontent.com/Nereziel/cs2-WeaponPaints/main/website/img/skins/collectible-1061.png"
    },
    {
        "id": "1062",
        "name": "Монета за картата Chlorine",
        "image": "https://raw.githubusercontent.com/Nereziel/cs2-WeaponPaints/main/website/img/skins/collectible-1062.png"
    },
    {
        "id": "1063",
        "name": "Монета за картата Mutiny",
        "image": "https://raw.githubusercontent.com/Nereziel/cs2-WeaponPaints/main/website/img/skins/collectible-1063.png"
    },
    {
        "id": "1064",
        "name": "Монета за картата Swamp",
        "image": "https://raw.githubusercontent.com/Nereziel/cs2-WeaponPaints/main/website/img/skins/collectible-1064.png"
    },
    {
        "id": "1065",
        "name": "Монета за картата Frostbite",
        "image": "https://raw.githubusercontent.com/Nereziel/cs2-WeaponPaints/main/website/img/skins/collectible-1065.png"
    },
    {
        "id": "1066",
        "name": "Монета за картата Engage",
        "image": "https://raw.githubusercontent.com/Nereziel/cs2-WeaponPaints/main/website/img/skins/collectible-1066.png"
    },
    {
        "id": "1067",
        "name": "Монета за картата Apollo",
        "image": "https://raw.githubusercontent.com/Nereziel/cs2-WeaponPaints/main/website/img/skins/collectible-1067.png"
    },
    {
        "id": "1068",
        "name": "Монета за картата Guard",
        "image": "https://raw.githubusercontent.com/Nereziel/cs2-WeaponPaints/main/website/img/skins/collectible-1068.png"
    },
    {
        "id": "1069",
        "name": "Монета за картата Elysion",
        "image": "https://raw.githubusercontent.com/Nereziel/cs2-WeaponPaints/main/website/img/skins/collectible-1069.png"
    },
    {
        "id": "1070",
        "name": "Монета за картата Grind",
        "image": "https://raw.githubusercontent.com/Nereziel/cs2-WeaponPaints/main/website/img/skins/collectible-1070.png"
    },
    {
        "id": "1071",
        "name": "Монета за картата Mocha",
        "image": "https://raw.githubusercontent.com/Nereziel/cs2-WeaponPaints/main/website/img/skins/collectible-1071.png"
    },
    {
        "id": "1072",
        "name": "Монета за картата Calavera",
        "image": "https://raw.githubusercontent.com/Nereziel/cs2-WeaponPaints/main/website/img/skins/collectible-1072.png"
    },
    {
        "id": "1073",
        "name": "Монета за картата Pitstop",
        "image": "https://raw.githubusercontent.com/Nereziel/cs2-WeaponPaints/main/website/img/skins/collectible-1073.png"
    },
    {
        "id": "1074",
        "name": "Монета за картата Basalt",
        "image": "https://raw.githubusercontent.com/Nereziel/cs2-WeaponPaints/main/website/img/skins/collectible-1074.png"
    },
    {
        "id": "1075",
        "name": "Монета за картата Insertion II",
        "image": "https://raw.githubusercontent.com/Nereziel/cs2-WeaponPaints/main/website/img/skins/collectible-1075.png"
    },
    {
        "id": "1076",
        "name": "Монета за картата Ravine",
        "image": "https://raw.githubusercontent.com/Nereziel/cs2-WeaponPaints/main/website/img/skins/collectible-1076.png"
    },
    {
        "id": "1077",
        "name": "Монета за картата Extraction",
        "image": "https://raw.githubusercontent.com/Nereziel/cs2-WeaponPaints/main/website/img/skins/collectible-1077.png"
    },
    {
        "id": "1078",
        "name": "Монета за картата County",
        "image": "https://raw.githubusercontent.com/Nereziel/cs2-WeaponPaints/main/website/img/skins/collectible-1078.png"
    },
    {
        "id": "1079",
        "name": "Монета за картата Iris",
        "image": "https://raw.githubusercontent.com/Nereziel/cs2-WeaponPaints/main/website/img/skins/collectible-1079.png"
    },
    {
        "id": "1080",
        "name": "Монета за картата Climb",
        "image": "https://raw.githubusercontent.com/Nereziel/cs2-WeaponPaints/main/website/img/skins/collectible-1080.png"
    },
    {
        "id": "1081",
        "name": "Монета за картата Crete",
        "image": "https://raw.githubusercontent.com/Nereziel/cs2-WeaponPaints/main/website/img/skins/collectible-1081.png"
    },
    {
        "id": "1082",
        "name": "Монета за картата Hive",
        "image": "https://raw.githubusercontent.com/Nereziel/cs2-WeaponPaints/main/website/img/skins/collectible-1082.png"
    },
    {
        "id": "1083",
        "name": "Монета за картата Vineyard",
        "image": "https://raw.githubusercontent.com/Nereziel/cs2-WeaponPaints/main/website/img/skins/collectible-1083.png"
    },
    {
        "id": "1084",
        "name": "Монета за картата Ember",
        "image": "https://raw.githubusercontent.com/Nereziel/cs2-WeaponPaints/main/website/img/skins/collectible-1084.png"
    },
    {
        "id": "1085",
        "name": "Монета за картата Tuscan",
        "image": "https://raw.githubusercontent.com/Nereziel/cs2-WeaponPaints/main/website/img/skins/collectible-1085.png"
    },
    {
        "id": "1086",
        "name": "Монета за картата Cascade",
        "image": "https://raw.githubusercontent.com/Nereziel/cs2-WeaponPaints/main/website/img/skins/collectible-1086.png"
    },
    {
        "id": "1087",
        "name": "Монета за картата Blagai",
        "image": "https://raw.githubusercontent.com/Nereziel/cs2-WeaponPaints/main/website/img/skins/collectible-1087.png"
    },
    {
        "id": "1088",
        "name": "Монета за картата Boyard",
        "image": "https://raw.githubusercontent.com/Nereziel/cs2-WeaponPaints/main/website/img/skins/collectible-1088.png"
    },
    {
        "id": "1089",
        "name": "Монета за картата Chalice",
        "image": "https://raw.githubusercontent.com/Nereziel/cs2-WeaponPaints/main/website/img/skins/collectible-1089.png"
    },
    {
        "id": "1316",
        "name": "Монета от предизвикателство в операция „Авангард“",
        "image": "https://raw.githubusercontent.com/Nereziel/cs2-WeaponPaints/main/website/img/skins/collectible-1316.png"
    },
    {
        "id": "1317",
        "name": "Сребърна монета от операция „Авангард“",
        "image": "https://raw.githubusercontent.com/Nereziel/cs2-WeaponPaints/main/website/img/skins/collectible-1317.png"
    },
    {
        "id": "1318",
        "name": "Златна монета от операция „Авангард“",
        "image": "https://raw.githubusercontent.com/Nereziel/cs2-WeaponPaints/main/website/img/skins/collectible-1318.png"
    },
    {
        "id": "1327",
        "name": "Монета от предизвикателство в операция „Хрътка“",
        "image": "https://raw.githubusercontent.com/Nereziel/cs2-WeaponPaints/main/website/img/skins/collectible-1327.png"
    },
    {
        "id": "1328",
        "name": "Сребърна монета от операция „Хрътка“",
        "image": "https://raw.githubusercontent.com/Nereziel/cs2-WeaponPaints/main/website/img/skins/collectible-1328.png"
    },
    {
        "id": "1329",
        "name": "Златна монета от операция „Хрътка“",
        "image": "https://raw.githubusercontent.com/Nereziel/cs2-WeaponPaints/main/website/img/skins/collectible-1329.png"
    },
    {
        "id": "1331",
        "name": "Медал за служба 2015",
        "image": "https://raw.githubusercontent.com/Nereziel/cs2-WeaponPaints/main/website/img/skins/collectible-1331.png"
    },
    {
        "id": "1332",
        "name": "Медал за служба 2015",
        "image": "https://raw.githubusercontent.com/Nereziel/cs2-WeaponPaints/main/website/img/skins/collectible-1332.png"
    },
    {
        "id": "1336",
        "name": "Монета от предизвикателство в операция „Опустошителен огън“",
        "image": "https://raw.githubusercontent.com/Nereziel/cs2-WeaponPaints/main/website/img/skins/collectible-1336.png"
    },
    {
        "id": "1337",
        "name": "Сребърна монета от операция „Опустошителен огън“",
        "image": "https://raw.githubusercontent.com/Nereziel/cs2-WeaponPaints/main/website/img/skins/collectible-1337.png"
    },
    {
        "id": "1338",
        "name": "Златна монета от операция „Опустошителен огън“",
        "image": "https://raw.githubusercontent.com/Nereziel/cs2-WeaponPaints/main/website/img/skins/collectible-1338.png"
    },
    {
        "id": "1339",
        "name": "Медал за служба 2016",
        "image": "https://raw.githubusercontent.com/Nereziel/cs2-WeaponPaints/main/website/img/skins/collectible-1339.png"
    },
    {
        "id": "1340",
        "name": "Медал за служба 2016",
        "image": "https://raw.githubusercontent.com/Nereziel/cs2-WeaponPaints/main/website/img/skins/collectible-1340.png"
    },
    {
        "id": "1341",
        "name": "Медал за служба 2016",
        "image": "https://raw.githubusercontent.com/Nereziel/cs2-WeaponPaints/main/website/img/skins/collectible-1341.png"
    },
    {
        "id": "1342",
        "name": "Медал за служба 2016",
        "image": "https://raw.githubusercontent.com/Nereziel/cs2-WeaponPaints/main/website/img/skins/collectible-1342.png"
    },
    {
        "id": "1343",
        "name": "Медал за служба 2016",
        "image": "https://raw.githubusercontent.com/Nereziel/cs2-WeaponPaints/main/website/img/skins/collectible-1343.png"
    },
    {
        "id": "1344",
        "name": "Медал за служба 2016",
        "image": "https://raw.githubusercontent.com/Nereziel/cs2-WeaponPaints/main/website/img/skins/collectible-1344.png"
    },
    {
        "id": "1357",
        "name": "Медал за служба 2017",
        "image": "https://raw.githubusercontent.com/Nereziel/cs2-WeaponPaints/main/website/img/skins/collectible-1357.png"
    },
    {
        "id": "1358",
        "name": "Медал за служба 2017",
        "image": "https://raw.githubusercontent.com/Nereziel/cs2-WeaponPaints/main/website/img/skins/collectible-1358.png"
    },
    {
        "id": "1359",
        "name": "Медал за служба 2017",
        "image": "https://raw.githubusercontent.com/Nereziel/cs2-WeaponPaints/main/website/img/skins/collectible-1359.png"
    },
    {
        "id": "1360",
        "name": "Медал за служба 2017",
        "image": "https://raw.githubusercontent.com/Nereziel/cs2-WeaponPaints/main/website/img/skins/collectible-1360.png"
    },
    {
        "id": "1361",
        "name": "Медал за служба 2017",
        "image": "https://raw.githubusercontent.com/Nereziel/cs2-WeaponPaints/main/website/img/skins/collectible-1361.png"
    },
    {
        "id": "1362",
        "name": "Медал за служба 2017",
        "image": "https://raw.githubusercontent.com/Nereziel/cs2-WeaponPaints/main/website/img/skins/collectible-1362.png"
    },
    {
        "id": "1363",
        "name": "Медал за служба 2017",
        "image": "https://raw.githubusercontent.com/Nereziel/cs2-WeaponPaints/main/website/img/skins/collectible-1363.png"
    },
    {
        "id": "1367",
        "name": "Медал за служба 2018",
        "image": "https://raw.githubusercontent.com/Nereziel/cs2-WeaponPaints/main/website/img/skins/collectible-1367.png"
    },
    {
        "id": "1368",
        "name": "Медал за служба 2018",
        "image": "https://raw.githubusercontent.com/Nereziel/cs2-WeaponPaints/main/website/img/skins/collectible-1368.png"
    },
    {
        "id": "1369",
        "name": "Медал за служба 2018",
        "image": "https://raw.githubusercontent.com/Nereziel/cs2-WeaponPaints/main/website/img/skins/collectible-1369.png"
    },
    {
        "id": "1370",
        "name": "Медал за служба 2018",
        "image": "https://raw.githubusercontent.com/Nereziel/cs2-WeaponPaints/main/website/img/skins/collectible-1370.png"
    },
    {
        "id": "1371",
        "name": "Медал за служба 2018",
        "image": "https://raw.githubusercontent.com/Nereziel/cs2-WeaponPaints/main/website/img/skins/collectible-1371.png"
    },
    {
        "id": "1372",
        "name": "Медал за служба 2018",
        "image": "https://raw.githubusercontent.com/Nereziel/cs2-WeaponPaints/main/website/img/skins/collectible-1372.png"
    },
    {
        "id": "1376",
        "name": "Медал за служба 2019",
        "image": "https://raw.githubusercontent.com/Nereziel/cs2-WeaponPaints/main/website/img/skins/collectible-1376.png"
    },
    {
        "id": "1377",
        "name": "Медал за служба 2019",
        "image": "https://raw.githubusercontent.com/Nereziel/cs2-WeaponPaints/main/website/img/skins/collectible-1377.png"
    },
    {
        "id": "1378",
        "name": "Медал за служба 2019",
        "image": "https://raw.githubusercontent.com/Nereziel/cs2-WeaponPaints/main/website/img/skins/collectible-1378.png"
    },
    {
        "id": "1379",
        "name": "Медал за служба 2019",
        "image": "https://raw.githubusercontent.com/Nereziel/cs2-WeaponPaints/main/website/img/skins/collectible-1379.png"
    },
    {
        "id": "1380",
        "name": "Медал за служба 2019",
        "image": "https://raw.githubusercontent.com/Nereziel/cs2-WeaponPaints/main/website/img/skins/collectible-1380.png"
    },
    {
        "id": "1381",
        "name": "Медал за служба 2019",
        "image": "https://raw.githubusercontent.com/Nereziel/cs2-WeaponPaints/main/website/img/skins/collectible-1381.png"
    },
    {
        "id": "4353",
        "name": "Монета от предизвикателство в операция „Хидра“",
        "image": "https://raw.githubusercontent.com/Nereziel/cs2-WeaponPaints/main/website/img/skins/collectible-4353.png"
    },
    {
        "id": "4354",
        "name": "Сребърна монета от операция „Хидра“",
        "image": "https://raw.githubusercontent.com/Nereziel/cs2-WeaponPaints/main/website/img/skins/collectible-4354.png"
    },
    {
        "id": "4355",
        "name": "Златна монета от операция „Хидра“",
        "image": "https://raw.githubusercontent.com/Nereziel/cs2-WeaponPaints/main/website/img/skins/collectible-4355.png"
    },
    {
        "id": "4356",
        "name": "Диамантена монета от операция „Хидра“",
        "image": "https://raw.githubusercontent.com/Nereziel/cs2-WeaponPaints/main/website/img/skins/collectible-4356.png"
    },
    {
        "id": "4550",
        "name": "Монета от предизвикателство в операция „Разбита мрежа“",
        "image": "https://raw.githubusercontent.com/Nereziel/cs2-WeaponPaints/main/website/img/skins/collectible-4550.png"
    },
    {
        "id": "4551",
        "name": "Сребърна монета от операция „Разбита мрежа“",
        "image": "https://raw.githubusercontent.com/Nereziel/cs2-WeaponPaints/main/website/img/skins/collectible-4551.png"
    },
    {
        "id": "4552",
        "name": "Златна монета от операция „Разбита мрежа“",
        "image": "https://raw.githubusercontent.com/Nereziel/cs2-WeaponPaints/main/website/img/skins/collectible-4552.png"
    },
    {
        "id": "4553",
        "name": "Диамантена монета от операция „Разбита мрежа“",
        "image": "https://raw.githubusercontent.com/Nereziel/cs2-WeaponPaints/main/website/img/skins/collectible-4553.png"
    },
    {
        "id": "4555",
        "name": "Katowice 2019 монета",
        "image": "https://raw.githubusercontent.com/Nereziel/cs2-WeaponPaints/main/website/img/skins/collectible-4555.png"
    },
    {
        "id": "4556",
        "name": "Katowice 2019 сребърна монета",
        "image": "https://raw.githubusercontent.com/Nereziel/cs2-WeaponPaints/main/website/img/skins/collectible-4556.png"
    },
    {
        "id": "4557",
        "name": "Katowice 2019 златна монета",
        "image": "https://raw.githubusercontent.com/Nereziel/cs2-WeaponPaints/main/website/img/skins/collectible-4557.png"
    },
    {
        "id": "4558",
        "name": "Katowice 2019 диамантена монета",
        "image": "https://raw.githubusercontent.com/Nereziel/cs2-WeaponPaints/main/website/img/skins/collectible-4558.png"
    },
    {
        "id": "4623",
        "name": "Berlin 2019 монета",
        "image": "https://raw.githubusercontent.com/Nereziel/cs2-WeaponPaints/main/website/img/skins/collectible-4623.png"
    },
    {
        "id": "4624",
        "name": "Berlin 2019 сребърна монета",
        "image": "https://raw.githubusercontent.com/Nereziel/cs2-WeaponPaints/main/website/img/skins/collectible-4624.png"
    },
    {
        "id": "4625",
        "name": "Berlin 2019 златна монета",
        "image": "https://raw.githubusercontent.com/Nereziel/cs2-WeaponPaints/main/website/img/skins/collectible-4625.png"
    },
    {
        "id": "4626",
        "name": "Berlin 2019 диамантена монета",
        "image": "https://raw.githubusercontent.com/Nereziel/cs2-WeaponPaints/main/website/img/skins/collectible-4626.png"
    },
    {
        "id": "4674",
        "name": "Медал за служба 2020",
        "image": "https://raw.githubusercontent.com/Nereziel/cs2-WeaponPaints/main/website/img/skins/collectible-4674.png"
    },
    {
        "id": "4675",
        "name": "Медал за служба 2020",
        "image": "https://raw.githubusercontent.com/Nereziel/cs2-WeaponPaints/main/website/img/skins/collectible-4675.png"
    },
    {
        "id": "4676",
        "name": "Медал за служба 2020",
        "image": "https://raw.githubusercontent.com/Nereziel/cs2-WeaponPaints/main/website/img/skins/collectible-4676.png"
    },
    {
        "id": "4677",
        "name": "Медал за служба 2020",
        "image": "https://raw.githubusercontent.com/Nereziel/cs2-WeaponPaints/main/website/img/skins/collectible-4677.png"
    },
    {
        "id": "4678",
        "name": "Медал за служба 2020",
        "image": "https://raw.githubusercontent.com/Nereziel/cs2-WeaponPaints/main/website/img/skins/collectible-4678.png"
    },
    {
        "id": "4679",
        "name": "Медал за служба 2020",
        "image": "https://raw.githubusercontent.com/Nereziel/cs2-WeaponPaints/main/website/img/skins/collectible-4679.png"
    },
    {
        "id": "4682",
        "name": "Значка „Гражданска защита“",
        "image": "https://raw.githubusercontent.com/Nereziel/cs2-WeaponPaints/main/website/img/skins/collectible-4682.png"
    },
    {
        "id": "4683",
        "name": "Значка „Препитание!“",
        "image": "https://raw.githubusercontent.com/Nereziel/cs2-WeaponPaints/main/website/img/skins/collectible-4683.png"
    },
    {
        "id": "4684",
        "name": "Значка „Вортигонт“",
        "image": "https://raw.githubusercontent.com/Nereziel/cs2-WeaponPaints/main/website/img/skins/collectible-4684.png"
    },
    {
        "id": "4685",
        "name": "Значка „Глиф на главорак“",
        "image": "https://raw.githubusercontent.com/Nereziel/cs2-WeaponPaints/main/website/img/skins/collectible-4685.png"
    },
    {
        "id": "4686",
        "name": "Значка „Здраве“",
        "image": "https://raw.githubusercontent.com/Nereziel/cs2-WeaponPaints/main/website/img/skins/collectible-4686.png"
    },
    {
        "id": "4687",
        "name": "Значка „Ламбда“",
        "image": "https://raw.githubusercontent.com/Nereziel/cs2-WeaponPaints/main/website/img/skins/collectible-4687.png"
    },
    {
        "id": "4688",
        "name": "Значка „Медна ламбда“",
        "image": "https://raw.githubusercontent.com/Nereziel/cs2-WeaponPaints/main/website/img/skins/collectible-4688.png"
    },
    {
        "id": "4689",
        "name": "Значка „ИНТЕГРАТОР“",
        "image": "https://raw.githubusercontent.com/Nereziel/cs2-WeaponPaints/main/website/img/skins/collectible-4689.png"
    },
    {
        "id": "4690",
        "name": "Значка „Блек Меса“",
        "image": "https://raw.githubusercontent.com/Nereziel/cs2-WeaponPaints/main/website/img/skins/collectible-4690.png"
    },
    {
        "id": "4691",
        "name": "Значка „Шлем на интегратор“",
        "image": "https://raw.githubusercontent.com/Nereziel/cs2-WeaponPaints/main/website/img/skins/collectible-4691.png"
    },
    {
        "id": "4692",
        "name": "Значка „Град 17“",
        "image": "https://raw.githubusercontent.com/Nereziel/cs2-WeaponPaints/main/website/img/skins/collectible-4692.png"
    },
    {
        "id": "4700",
        "name": "Монета от предизвикателство в операция „Счупен зъб“",
        "image": "https://raw.githubusercontent.com/Nereziel/cs2-WeaponPaints/main/website/img/skins/collectible-4700.png"
    },
    {
        "id": "4701",
        "name": "Сребърна монета от операция „Счупен зъб“",
        "image": "https://raw.githubusercontent.com/Nereziel/cs2-WeaponPaints/main/website/img/skins/collectible-4701.png"
    },
    {
        "id": "4702",
        "name": "Златна монета от операция „Счупен зъб“",
        "image": "https://raw.githubusercontent.com/Nereziel/cs2-WeaponPaints/main/website/img/skins/collectible-4702.png"
    },
    {
        "id": "4703",
        "name": "Диамантена монета от операция „Счупен зъб“",
        "image": "https://raw.githubusercontent.com/Nereziel/cs2-WeaponPaints/main/website/img/skins/collectible-4703.png"
    },
    {
        "id": "4737",
        "name": "Медал за служба 2021",
        "image": "https://raw.githubusercontent.com/Nereziel/cs2-WeaponPaints/main/website/img/skins/collectible-4737.png"
    },
    {
        "id": "4738",
        "name": "Медал за служба 2021",
        "image": "https://raw.githubusercontent.com/Nereziel/cs2-WeaponPaints/main/website/img/skins/collectible-4738.png"
    },
    {
        "id": "4739",
        "name": "Медал за служба 2021",
        "image": "https://raw.githubusercontent.com/Nereziel/cs2-WeaponPaints/main/website/img/skins/collectible-4739.png"
    },
    {
        "id": "4740",
        "name": "Медал за служба 2021",
        "image": "https://raw.githubusercontent.com/Nereziel/cs2-WeaponPaints/main/website/img/skins/collectible-4740.png"
    },
    {
        "id": "4741",
        "name": "Медал за служба 2021",
        "image": "https://raw.githubusercontent.com/Nereziel/cs2-WeaponPaints/main/website/img/skins/collectible-4741.png"
    },
    {
        "id": "4742",
        "name": "Медал за служба 2021",
        "image": "https://raw.githubusercontent.com/Nereziel/cs2-WeaponPaints/main/website/img/skins/collectible-4742.png"
    },
    {
        "id": "4759",
        "name": "Монета от предизвикателство в операция „Коварно течение“",
        "image": "https://raw.githubusercontent.com/Nereziel/cs2-WeaponPaints/main/website/img/skins/collectible-4759.png"
    },
    {
        "id": "4760",
        "name": "Сребърна монета от операция „Коварно течение“",
        "image": "https://raw.githubusercontent.com/Nereziel/cs2-WeaponPaints/main/website/img/skins/collectible-4760.png"
    },
    {
        "id": "4761",
        "name": "Златна монета от операция „Коварно течение“",
        "image": "https://raw.githubusercontent.com/Nereziel/cs2-WeaponPaints/main/website/img/skins/collectible-4761.png"
    },
    {
        "id": "4762",
        "name": "Диамантена монета от операция „Коварно течение“",
        "image": "https://raw.githubusercontent.com/Nereziel/cs2-WeaponPaints/main/website/img/skins/collectible-4762.png"
    },
    {
        "id": "4797",
        "name": "Stockholm 2021 монета",
        "image": "https://raw.githubusercontent.com/Nereziel/cs2-WeaponPaints/main/website/img/skins/collectible-4797.png"
    },
    {
        "id": "4798",
        "name": "Stockholm 2021 сребърна монета",
        "image": "https://raw.githubusercontent.com/Nereziel/cs2-WeaponPaints/main/website/img/skins/collectible-4798.png"
    },
    {
        "id": "4799",
        "name": "Stockholm 2021 златна монета",
        "image": "https://raw.githubusercontent.com/Nereziel/cs2-WeaponPaints/main/website/img/skins/collectible-4799.png"
    },
    {
        "id": "4800",
        "name": "Stockholm 2021 диамантена монета",
        "image": "https://raw.githubusercontent.com/Nereziel/cs2-WeaponPaints/main/website/img/skins/collectible-4800.png"
    },
    {
        "id": "4819",
        "name": "Медал за служба 2022",
        "image": "https://raw.githubusercontent.com/Nereziel/cs2-WeaponPaints/main/website/img/skins/collectible-4819.png"
    },
    {
        "id": "4820",
        "name": "Медал за служба 2022",
        "image": "https://raw.githubusercontent.com/Nereziel/cs2-WeaponPaints/main/website/img/skins/collectible-4820.png"
    },
    {
        "id": "4821",
        "name": "Медал за служба 2022",
        "image": "https://raw.githubusercontent.com/Nereziel/cs2-WeaponPaints/main/website/img/skins/collectible-4821.png"
    },
    {
        "id": "4822",
        "name": "Медал за служба 2022",
        "image": "https://raw.githubusercontent.com/Nereziel/cs2-WeaponPaints/main/website/img/skins/collectible-4822.png"
    },
    {
        "id": "4823",
        "name": "Медал за служба 2022",
        "image": "https://raw.githubusercontent.com/Nereziel/cs2-WeaponPaints/main/website/img/skins/collectible-4823.png"
    },
    {
        "id": "4824",
        "name": "Медал за служба 2022",
        "image": "https://raw.githubusercontent.com/Nereziel/cs2-WeaponPaints/main/website/img/skins/collectible-4824.png"
    },
    {
        "id": "4826",
        "name": "Antwerp 2022 монета",
        "image": "https://raw.githubusercontent.com/Nereziel/cs2-WeaponPaints/main/website/img/skins/collectible-4826.png"
    },
    {
        "id": "4827",
        "name": "Antwerp 2022 сребърна монета",
        "image": "https://raw.githubusercontent.com/Nereziel/cs2-WeaponPaints/main/website/img/skins/collectible-4827.png"
    },
    {
        "id": "4828",
        "name": "Antwerp 2022 златна монета",
        "image": "https://raw.githubusercontent.com/Nereziel/cs2-WeaponPaints/main/website/img/skins/collectible-4828.png"
    },
    {
        "id": "4829",
        "name": "Antwerp 2022 диамантена монета",
        "image": "https://raw.githubusercontent.com/Nereziel/cs2-WeaponPaints/main/website/img/skins/collectible-4829.png"
    },
    {
        "id": "4851",
        "name": "Rio 2022 монета",
        "image": "https://raw.githubusercontent.com/Nereziel/cs2-WeaponPaints/main/website/img/skins/collectible-4851.png"
    },
    {
        "id": "4852",
        "name": "Rio 2022 сребърна монета",
        "image": "https://raw.githubusercontent.com/Nereziel/cs2-WeaponPaints/main/website/img/skins/collectible-4852.png"
    },
    {
        "id": "4853",
        "name": "Rio 2022 златна монета",
        "image": "https://raw.githubusercontent.com/Nereziel/cs2-WeaponPaints/main/website/img/skins/collectible-4853.png"
    },
    {
        "id": "4854",
        "name": "Rio 2022 диамантена монета",
        "image": "https://raw.githubusercontent.com/Nereziel/cs2-WeaponPaints/main/website/img/skins/collectible-4854.png"
    },
    {
        "id": "4873",
        "name": "Медал за служба 2023",
        "image": "https://raw.githubusercontent.com/Nereziel/cs2-WeaponPaints/main/website/img/skins/collectible-4873.png"
    },
    {
        "id": "4874",
        "name": "Медал за служба 2023",
        "image": "https://raw.githubusercontent.com/Nereziel/cs2-WeaponPaints/main/website/img/skins/collectible-4874.png"
    },
    {
        "id": "4875",
        "name": "Медал за служба 2023",
        "image": "https://raw.githubusercontent.com/Nereziel/cs2-WeaponPaints/main/website/img/skins/collectible-4875.png"
    },
    {
        "id": "4876",
        "name": "Медал за служба 2023",
        "image": "https://raw.githubusercontent.com/Nereziel/cs2-WeaponPaints/main/website/img/skins/collectible-4876.png"
    },
    {
        "id": "4877",
        "name": "Медал за служба 2023",
        "image": "https://raw.githubusercontent.com/Nereziel/cs2-WeaponPaints/main/website/img/skins/collectible-4877.png"
    },
    {
        "id": "4878",
        "name": "Медал за служба 2023",
        "image": "https://raw.githubusercontent.com/Nereziel/cs2-WeaponPaints/main/website/img/skins/collectible-4878.png"
    },
    {
        "id": "4884",
        "name": "Paris 2023 монета",
        "image": "https://raw.githubusercontent.com/Nereziel/cs2-WeaponPaints/main/website/img/skins/collectible-4884.png"
    },
    {
        "id": "4885",
        "name": "Paris 2023 сребърна монета",
        "image": "https://raw.githubusercontent.com/Nereziel/cs2-WeaponPaints/main/website/img/skins/collectible-4885.png"
    },
    {
        "id": "4886",
        "name": "Paris 2023 златна монета",
        "image": "https://raw.githubusercontent.com/Nereziel/cs2-WeaponPaints/main/website/img/skins/collectible-4886.png"
    },
    {
        "id": "4887",
        "name": "Paris 2023 диамантена монета",
        "image": "https://raw.githubusercontent.com/Nereziel/cs2-WeaponPaints/main/website/img/skins/collectible-4887.png"
    },
    {
        "id": "4906",
        "name": "Медал за служба 2024",
        "image": "https://raw.githubusercontent.com/Nereziel/cs2-WeaponPaints/main/website/img/skins/collectible-4906.png"
    },
    {
        "id": "4907",
        "name": "Медал за служба 2024",
        "image": "https://raw.githubusercontent.com/Nereziel/cs2-WeaponPaints/main/website/img/skins/collectible-4907.png"
    },
    {
        "id": "4908",
        "name": "Медал за служба 2024",
        "image": "https://raw.githubusercontent.com/Nereziel/cs2-WeaponPaints/main/website/img/skins/collectible-4908.png"
    },
    {
        "id": "4909",
        "name": "Медал за служба 2024",
        "image": "https://raw.githubusercontent.com/Nereziel/cs2-WeaponPaints/main/website/img/skins/collectible-4909.png"
    },
    {
        "id": "4910",
        "name": "Медал за служба 2024",
        "image": "https://raw.githubusercontent.com/Nereziel/cs2-WeaponPaints/main/website/img/skins/collectible-4910.png"
    },
    {
        "id": "4911",
        "name": "Медал за служба 2024",
        "image": "https://raw.githubusercontent.com/Nereziel/cs2-WeaponPaints/main/website/img/skins/collectible-4911.png"
    },
    {
        "id": "4917",
        "name": "Copenhagen 2024 монета",
        "image": "https://raw.githubusercontent.com/Nereziel/cs2-WeaponPaints/main/website/img/skins/collectible-4917.png"
    },
    {
        "id": "4918",
        "name": "Copenhagen 2024 сребърна монета",
        "image": "https://raw.githubusercontent.com/Nereziel/cs2-WeaponPaints/main/website/img/skins/collectible-4918.png"
    },
    {
        "id": "4919",
        "name": "Copenhagen 2024 златна монета",
        "image": "https://raw.githubusercontent.com/Nereziel/cs2-WeaponPaints/main/website/img/skins/collectible-4919.png"
    },
    {
        "id": "4920",
        "name": "Copenhagen 2024 диамантена монета",
        "image": "https://raw.githubusercontent.com/Nereziel/cs2-WeaponPaints/main/website/img/skins/collectible-4920.png"
    },
    {
        "id": "4933",
        "name": "Шампион от PGL Copenhagen 2024",
        "image": "https://raw.githubusercontent.com/Nereziel/cs2-WeaponPaints/main/website/img/skins/collectible-4933.png"
    },
    {
        "id": "4934",
        "name": "Финалист от PGL Copenhagen 2024",
        "image": "https://raw.githubusercontent.com/Nereziel/cs2-WeaponPaints/main/website/img/skins/collectible-4934.png"
    },
    {
        "id": "4935",
        "name": "Полуфиналист от PGL Copenhagen 2024",
        "image": "https://raw.githubusercontent.com/Nereziel/cs2-WeaponPaints/main/website/img/skins/collectible-4935.png"
    },
    {
        "id": "4936",
        "name": "Четвъртфиналист от PGL Copenhagen 2024",
        "image": "https://raw.githubusercontent.com/Nereziel/cs2-WeaponPaints/main/website/img/skins/collectible-4936.png"
    },
    {
        "id": "4941",
        "name": "Монета за картата Thera",
        "image": "https://raw.githubusercontent.com/Nereziel/cs2-WeaponPaints/main/website/img/skins/collectible-4941.png"
    },
    {
        "id": "4942",
        "name": "Монета за картата Mills",
        "image": "https://raw.githubusercontent.com/Nereziel/cs2-WeaponPaints/main/website/img/skins/collectible-4942.png"
    },
    {
        "id": "4943",
        "name": "Монета за картата Assembly",
        "image": "https://raw.githubusercontent.com/Nereziel/cs2-WeaponPaints/main/website/img/skins/collectible-4943.png"
    },
    {
        "id": "4944",
        "name": "Монета за картата Memento",
        "image": "https://raw.githubusercontent.com/Nereziel/cs2-WeaponPaints/main/website/img/skins/collectible-4944.png"
    },
    {
        "id": "4945",
        "name": "Монета за картата Pool Day",
        "image": "https://raw.githubusercontent.com/Nereziel/cs2-WeaponPaints/main/website/img/skins/collectible-4945.png"
    },
    {
        "id": "6001",
        "name": "Автентичен Значка за Dust II",
        "image": "https://raw.githubusercontent.com/Nereziel/cs2-WeaponPaints/main/website/img/skins/collectible-6001.png"
    },
    {
        "id": "6002",
        "name": "Автентичен Значка „Елитен пазител“",
        "image": "https://raw.githubusercontent.com/Nereziel/cs2-WeaponPaints/main/website/img/skins/collectible-6002.png"
    },
    {
        "id": "6003",
        "name": "Автентичен Значка за Mirage",
        "image": "https://raw.githubusercontent.com/Nereziel/cs2-WeaponPaints/main/website/img/skins/collectible-6003.png"
    },
    {
        "id": "6004",
        "name": "Автентичен Значка за Inferno",
        "image": "https://raw.githubusercontent.com/Nereziel/cs2-WeaponPaints/main/website/img/skins/collectible-6004.png"
    },
    {
        "id": "6005",
        "name": "Автентичен Значка за Italy",
        "image": "https://raw.githubusercontent.com/Nereziel/cs2-WeaponPaints/main/website/img/skins/collectible-6005.png"
    },
    {
        "id": "6006",
        "name": "Автентичен Значка „Победа“",
        "image": "https://raw.githubusercontent.com/Nereziel/cs2-WeaponPaints/main/website/img/skins/collectible-6006.png"
    },
    {
        "id": "6007",
        "name": "Автентичен Значка за Militia",
        "image": "https://raw.githubusercontent.com/Nereziel/cs2-WeaponPaints/main/website/img/skins/collectible-6007.png"
    },
    {
        "id": "6008",
        "name": "Автентичен Значка за Nuke",
        "image": "https://raw.githubusercontent.com/Nereziel/cs2-WeaponPaints/main/website/img/skins/collectible-6008.png"
    },
    {
        "id": "6009",
        "name": "Автентичен Значка за Train",
        "image": "https://raw.githubusercontent.com/Nereziel/cs2-WeaponPaints/main/website/img/skins/collectible-6009.png"
    },
    {
        "id": "6010",
        "name": "Автентичен Значка „Пазител“",
        "image": "https://raw.githubusercontent.com/Nereziel/cs2-WeaponPaints/main/website/img/skins/collectible-6010.png"
    },
    {
        "id": "6011",
        "name": "Автентичен Значка „Тактики“",
        "image": "https://raw.githubusercontent.com/Nereziel/cs2-WeaponPaints/main/website/img/skins/collectible-6011.png"
    },
    {
        "id": "6012",
        "name": "Автентичен Значка „Пазител 2“",
        "image": "https://raw.githubusercontent.com/Nereziel/cs2-WeaponPaints/main/website/img/skins/collectible-6012.png"
    },
    {
        "id": "6013",
        "name": "Автентичен Значка „Браво“",
        "image": "https://raw.githubusercontent.com/Nereziel/cs2-WeaponPaints/main/website/img/skins/collectible-6013.png"
    },
    {
        "id": "6014",
        "name": "Автентичен Значка за Baggage",
        "image": "https://raw.githubusercontent.com/Nereziel/cs2-WeaponPaints/main/website/img/skins/collectible-6014.png"
    },
    {
        "id": "6015",
        "name": "Автентичен Значка „Феникс“",
        "image": "https://raw.githubusercontent.com/Nereziel/cs2-WeaponPaints/main/website/img/skins/collectible-6015.png"
    },
    {
        "id": "6016",
        "name": "Автентичен Значка за Office",
        "image": "https://raw.githubusercontent.com/Nereziel/cs2-WeaponPaints/main/website/img/skins/collectible-6016.png"
    },
    {
        "id": "6017",
        "name": "Автентичен Значка за Cobblestone",
        "image": "https://raw.githubusercontent.com/Nereziel/cs2-WeaponPaints/main/website/img/skins/collectible-6017.png"
    },
    {
        "id": "6018",
        "name": "Автентичен Значка за Overpass",
        "image": "https://raw.githubusercontent.com/Nereziel/cs2-WeaponPaints/main/website/img/skins/collectible-6018.png"
    },
    {
        "id": "6019",
        "name": "Автентичен Значка „Хрътка“",
        "image": "https://raw.githubusercontent.com/Nereziel/cs2-WeaponPaints/main/website/img/skins/collectible-6019.png"
    },
    {
        "id": "6020",
        "name": "Автентичен Значка за Cache",
        "image": "https://raw.githubusercontent.com/Nereziel/cs2-WeaponPaints/main/website/img/skins/collectible-6020.png"
    },
    {
        "id": "6021",
        "name": "Автентичен Значка „Валерия Феникс“",
        "image": "https://raw.githubusercontent.com/Nereziel/cs2-WeaponPaints/main/website/img/skins/collectible-6021.png"
    },
    {
        "id": "6022",
        "name": "Автентичен Значка „Обагряне“",
        "image": "https://raw.githubusercontent.com/Nereziel/cs2-WeaponPaints/main/website/img/skins/collectible-6022.png"
    },
    {
        "id": "6023",
        "name": "Автентичен Значка „Пазител 3“",
        "image": "https://raw.githubusercontent.com/Nereziel/cs2-WeaponPaints/main/website/img/skins/collectible-6023.png"
    },
    {
        "id": "6024",
        "name": "Автентичен Значка „Canals“",
        "image": "https://raw.githubusercontent.com/Nereziel/cs2-WeaponPaints/main/website/img/skins/collectible-6024.png"
    },
    {
        "id": "6025",
        "name": "Автентичен Значка „Добре дошли в критичната схватка“",
        "image": "https://raw.githubusercontent.com/Nereziel/cs2-WeaponPaints/main/website/img/skins/collectible-6025.png"
    },
    {
        "id": "6026",
        "name": "Автентичен Значка „Смъртна присъда“",
        "image": "https://raw.githubusercontent.com/Nereziel/cs2-WeaponPaints/main/website/img/skins/collectible-6026.png"
    },
    {
        "id": "6027",
        "name": "Автентичен Значка „Inferno 2“",
        "image": "https://raw.githubusercontent.com/Nereziel/cs2-WeaponPaints/main/website/img/skins/collectible-6027.png"
    },
    {
        "id": "6028",
        "name": "Автентичен Значка „Опустошителен огън“",
        "image": "https://raw.githubusercontent.com/Nereziel/cs2-WeaponPaints/main/website/img/skins/collectible-6028.png"
    },
    {
        "id": "6029",
        "name": "Автентичен Значка „Фасулска работа“",
        "image": "https://raw.githubusercontent.com/Nereziel/cs2-WeaponPaints/main/website/img/skins/collectible-6029.png"
    },
    {
        "id": "6030",
        "name": "Автентичен Значка „Всичко коз“",
        "image": "https://raw.githubusercontent.com/Nereziel/cs2-WeaponPaints/main/website/img/skins/collectible-6030.png"
    },
    {
        "id": "6031",
        "name": "Автентичен Значка „Хидра“",
        "image": "https://raw.githubusercontent.com/Nereziel/cs2-WeaponPaints/main/website/img/skins/collectible-6031.png"
    },
    {
        "id": "6032",
        "name": "Автентичен Значка „Вой“",
        "image": "https://raw.githubusercontent.com/Nereziel/cs2-WeaponPaints/main/website/img/skins/collectible-6032.png"
    },
    {
        "id": "6033",
        "name": "Автентичен Значка „Бригаден генерал“",
        "image": "https://raw.githubusercontent.com/Nereziel/cs2-WeaponPaints/main/website/img/skins/collectible-6033.png"
    },
    {
        "id": "6034",
        "name": "Автентичен Значка „Аликс“",
        "image": "https://raw.githubusercontent.com/Nereziel/cs2-WeaponPaints/main/website/img/skins/collectible-6034.png"
    },
    {
        "id": "6101",
        "name": "Значка за Dust II",
        "image": "https://raw.githubusercontent.com/Nereziel/cs2-WeaponPaints/main/website/img/skins/collectible-6101.png"
    },
    {
        "id": "6102",
        "name": "Значка „Елитен пазител“",
        "image": "https://raw.githubusercontent.com/Nereziel/cs2-WeaponPaints/main/website/img/skins/collectible-6102.png"
    },
    {
        "id": "6103",
        "name": "Значка за Mirage",
        "image": "https://raw.githubusercontent.com/Nereziel/cs2-WeaponPaints/main/website/img/skins/collectible-6103.png"
    },
    {
        "id": "6104",
        "name": "Значка за Inferno",
        "image": "https://raw.githubusercontent.com/Nereziel/cs2-WeaponPaints/main/website/img/skins/collectible-6104.png"
    },
    {
        "id": "6105",
        "name": "Значка за Italy",
        "image": "https://raw.githubusercontent.com/Nereziel/cs2-WeaponPaints/main/website/img/skins/collectible-6105.png"
    },
    {
        "id": "6106",
        "name": "Значка „Победа“",
        "image": "https://raw.githubusercontent.com/Nereziel/cs2-WeaponPaints/main/website/img/skins/collectible-6106.png"
    },
    {
        "id": "6107",
        "name": "Значка за Militia",
        "image": "https://raw.githubusercontent.com/Nereziel/cs2-WeaponPaints/main/website/img/skins/collectible-6107.png"
    },
    {
        "id": "6108",
        "name": "Значка за Nuke",
        "image": "https://raw.githubusercontent.com/Nereziel/cs2-WeaponPaints/main/website/img/skins/collectible-6108.png"
    },
    {
        "id": "6109",
        "name": "Значка за Train",
        "image": "https://raw.githubusercontent.com/Nereziel/cs2-WeaponPaints/main/website/img/skins/collectible-6109.png"
    },
    {
        "id": "6110",
        "name": "Значка „Пазител“",
        "image": "https://raw.githubusercontent.com/Nereziel/cs2-WeaponPaints/main/website/img/skins/collectible-6110.png"
    },
    {
        "id": "6111",
        "name": "Значка „Тактики“",
        "image": "https://raw.githubusercontent.com/Nereziel/cs2-WeaponPaints/main/website/img/skins/collectible-6111.png"
    },
    {
        "id": "6112",
        "name": "Значка „Пазител 2“",
        "image": "https://raw.githubusercontent.com/Nereziel/cs2-WeaponPaints/main/website/img/skins/collectible-6112.png"
    },
    {
        "id": "6113",
        "name": "Значка „Браво“",
        "image": "https://raw.githubusercontent.com/Nereziel/cs2-WeaponPaints/main/website/img/skins/collectible-6113.png"
    },
    {
        "id": "6114",
        "name": "Значка за Baggage",
        "image": "https://raw.githubusercontent.com/Nereziel/cs2-WeaponPaints/main/website/img/skins/collectible-6114.png"
    },
    {
        "id": "6115",
        "name": "Значка „Феникс“",
        "image": "https://raw.githubusercontent.com/Nereziel/cs2-WeaponPaints/main/website/img/skins/collectible-6115.png"
    },
    {
        "id": "6116",
        "name": "Значка за Office",
        "image": "https://raw.githubusercontent.com/Nereziel/cs2-WeaponPaints/main/website/img/skins/collectible-6116.png"
    },
    {
        "id": "6117",
        "name": "Значка за Cobblestone",
        "image": "https://raw.githubusercontent.com/Nereziel/cs2-WeaponPaints/main/website/img/skins/collectible-6117.png"
    },
    {
        "id": "6118",
        "name": "Значка за Overpass",
        "image": "https://raw.githubusercontent.com/Nereziel/cs2-WeaponPaints/main/website/img/skins/collectible-6118.png"
    },
    {
        "id": "6119",
        "name": "Значка „Хрътка“",
        "image": "https://raw.githubusercontent.com/Nereziel/cs2-WeaponPaints/main/website/img/skins/collectible-6119.png"
    },
    {
        "id": "6120",
        "name": "Значка за Cache",
        "image": "https://raw.githubusercontent.com/Nereziel/cs2-WeaponPaints/main/website/img/skins/collectible-6120.png"
    },
    {
        "id": "6121",
        "name": "Значка „Валерия Феникс“",
        "image": "https://raw.githubusercontent.com/Nereziel/cs2-WeaponPaints/main/website/img/skins/collectible-6121.png"
    },
    {
        "id": "6122",
        "name": "Значка „Обагряне“",
        "image": "https://raw.githubusercontent.com/Nereziel/cs2-WeaponPaints/main/website/img/skins/collectible-6122.png"
    },
    {
        "id": "6123",
        "name": "Значка „Пазител 3“",
        "image": "https://raw.githubusercontent.com/Nereziel/cs2-WeaponPaints/main/website/img/skins/collectible-6123.png"
    },
    {
        "id": "6124",
        "name": "Значка „Canals“",
        "image": "https://raw.githubusercontent.com/Nereziel/cs2-WeaponPaints/main/website/img/skins/collectible-6124.png"
    },
    {
        "id": "6125",
        "name": "Значка „Добре дошли в критичната схватка“",
        "image": "https://raw.githubusercontent.com/Nereziel/cs2-WeaponPaints/main/website/img/skins/collectible-6125.png"
    },
    {
        "id": "6126",
        "name": "Значка „Смъртна присъда“",
        "image": "https://raw.githubusercontent.com/Nereziel/cs2-WeaponPaints/main/website/img/skins/collectible-6126.png"
    },
    {
        "id": "6127",
        "name": "Значка „Inferno 2“",
        "image": "https://raw.githubusercontent.com/Nereziel/cs2-WeaponPaints/main/website/img/skins/collectible-6127.png"
    },
    {
        "id": "6128",
        "name": "Значка „Опустошителен огън“",
        "image": "https://raw.githubusercontent.com/Nereziel/cs2-WeaponPaints/main/website/img/skins/collectible-6128.png"
    },
    {
        "id": "6129",
        "name": "Значка „Фасулска работа“",
        "image": "https://raw.githubusercontent.com/Nereziel/cs2-WeaponPaints/main/website/img/skins/collectible-6129.png"
    },
    {
        "id": "6130",
        "name": "Значка „Всичко коз“",
        "image": "https://raw.githubusercontent.com/Nereziel/cs2-WeaponPaints/main/website/img/skins/collectible-6130.png"
    },
    {
        "id": "6131",
        "name": "Значка „Хидра“",
        "image": "https://raw.githubusercontent.com/Nereziel/cs2-WeaponPaints/main/website/img/skins/collectible-6131.png"
    },
    {
        "id": "6132",
        "name": "Значка „Вой“",
        "image": "https://raw.githubusercontent.com/Nereziel/cs2-WeaponPaints/main/website/img/skins/collectible-6132.png"
    },
    {
        "id": "6133",
        "name": "Значка „Бригаден генерал“",
        "image": "https://raw.githubusercontent.com/Nereziel/cs2-WeaponPaints/main/website/img/skins/collectible-6133.png"
    },
    {
        "id": "6134",
        "name": "Значка „Аликс“",
        "image": "https://raw.githubusercontent.com/Nereziel/cs2-WeaponPaints/main/website/img/skins/collectible-6134.png"
    }
]