[
    {
        "id": "875",
        "name": "Kampioen van DreamHack 2013",
        "image": "https://raw.githubusercontent.com/Nereziel/cs2-WeaponPaints/main/website/img/skins/collectible-875.png"
    },
    {
        "id": "876",
        "name": "Finalist van DreamHack 2013",
        "image": "https://raw.githubusercontent.com/Nereziel/cs2-WeaponPaints/main/website/img/skins/collectible-876.png"
    },
    {
        "id": "877",
        "name": "Halvefinalist van DreamHack 2013",
        "image": "https://raw.githubusercontent.com/Nereziel/cs2-WeaponPaints/main/website/img/skins/collectible-877.png"
    },
    {
        "id": "878",
        "name": "Kwartfinalist van DreamHack 2013",
        "image": "https://raw.githubusercontent.com/Nereziel/cs2-WeaponPaints/main/website/img/skins/collectible-878.png"
    },
    {
        "id": "879",
        "name": "Kampioen van EMS One Katowice 2014",
        "image": "https://raw.githubusercontent.com/Nereziel/cs2-WeaponPaints/main/website/img/skins/collectible-879.png"
    },
    {
        "id": "880",
        "name": "Finalist van EMS One Katowice 2014",
        "image": "https://raw.githubusercontent.com/Nereziel/cs2-WeaponPaints/main/website/img/skins/collectible-880.png"
    },
    {
        "id": "881",
        "name": "Halvefinalist van EMS One Katowice 2014",
        "image": "https://raw.githubusercontent.com/Nereziel/cs2-WeaponPaints/main/website/img/skins/collectible-881.png"
    },
    {
        "id": "882",
        "name": "Kwartfinalist van EMS One Katowice 2014",
        "image": "https://raw.githubusercontent.com/Nereziel/cs2-WeaponPaints/main/website/img/skins/collectible-882.png"
    },
    {
        "id": "883",
        "name": "Kampioen van ESL One Cologne 2014",
        "image": "https://raw.githubusercontent.com/Nereziel/cs2-WeaponPaints/main/website/img/skins/collectible-883.png"
    },
    {
        "id": "884",
        "name": "Finalist van ESL One Cologne 2014",
        "image": "https://raw.githubusercontent.com/Nereziel/cs2-WeaponPaints/main/website/img/skins/collectible-884.png"
    },
    {
        "id": "885",
        "name": "Halvefinalist van ESL One Cologne 2014",
        "image": "https://raw.githubusercontent.com/Nereziel/cs2-WeaponPaints/main/website/img/skins/collectible-885.png"
    },
    {
        "id": "886",
        "name": "Kwartfinalist van ESL One Cologne 2014",
        "image": "https://raw.githubusercontent.com/Nereziel/cs2-WeaponPaints/main/website/img/skins/collectible-886.png"
    },
    {
        "id": "887",
        "name": "Bronzen Cologne 2014 Pick'Em-trofee",
        "image": "https://raw.githubusercontent.com/Nereziel/cs2-WeaponPaints/main/website/img/skins/collectible-887.png"
    },
    {
        "id": "888",
        "name": "Zilveren Cologne 2014 Pick'Em-trofee",
        "image": "https://raw.githubusercontent.com/Nereziel/cs2-WeaponPaints/main/website/img/skins/collectible-888.png"
    },
    {
        "id": "889",
        "name": "Gouden Cologne 2014 Pick'Em-trofee",
        "image": "https://raw.githubusercontent.com/Nereziel/cs2-WeaponPaints/main/website/img/skins/collectible-889.png"
    },
    {
        "id": "890",
        "name": "Kampioen van DreamHack Winter 2014",
        "image": "https://raw.githubusercontent.com/Nereziel/cs2-WeaponPaints/main/website/img/skins/collectible-890.png"
    },
    {
        "id": "891",
        "name": "Finalist van DreamHack Winter 2014",
        "image": "https://raw.githubusercontent.com/Nereziel/cs2-WeaponPaints/main/website/img/skins/collectible-891.png"
    },
    {
        "id": "892",
        "name": "Halvefinalist van DreamHack Winter 2014",
        "image": "https://raw.githubusercontent.com/Nereziel/cs2-WeaponPaints/main/website/img/skins/collectible-892.png"
    },
    {
        "id": "893",
        "name": "Kwartfinalist van DreamHack Winter 2014",
        "image": "https://raw.githubusercontent.com/Nereziel/cs2-WeaponPaints/main/website/img/skins/collectible-893.png"
    },
    {
        "id": "894",
        "name": "Bronzen DreamHack 2014 Pick'Em-trofee",
        "image": "https://raw.githubusercontent.com/Nereziel/cs2-WeaponPaints/main/website/img/skins/collectible-894.png"
    },
    {
        "id": "895",
        "name": "Zilveren DreamHack 2014 Pick'Em-trofee",
        "image": "https://raw.githubusercontent.com/Nereziel/cs2-WeaponPaints/main/website/img/skins/collectible-895.png"
    },
    {
        "id": "896",
        "name": "Gouden DreamHack 2014 Pick'Em-trofee",
        "image": "https://raw.githubusercontent.com/Nereziel/cs2-WeaponPaints/main/website/img/skins/collectible-896.png"
    },
    {
        "id": "897",
        "name": "Kampioen van ESL One Katowice 2015",
        "image": "https://raw.githubusercontent.com/Nereziel/cs2-WeaponPaints/main/website/img/skins/collectible-897.png"
    },
    {
        "id": "898",
        "name": "Finalist van ESL One Katowice 2015",
        "image": "https://raw.githubusercontent.com/Nereziel/cs2-WeaponPaints/main/website/img/skins/collectible-898.png"
    },
    {
        "id": "899",
        "name": "Halvefinalist van ESL One Katowice 2015",
        "image": "https://raw.githubusercontent.com/Nereziel/cs2-WeaponPaints/main/website/img/skins/collectible-899.png"
    },
    {
        "id": "900",
        "name": "Kwartfinalist van ESL One Katowice 2015",
        "image": "https://raw.githubusercontent.com/Nereziel/cs2-WeaponPaints/main/website/img/skins/collectible-900.png"
    },
    {
        "id": "901",
        "name": "Bronzen Katowice 2015 Pick'Em-trofee",
        "image": "https://raw.githubusercontent.com/Nereziel/cs2-WeaponPaints/main/website/img/skins/collectible-901.png"
    },
    {
        "id": "902",
        "name": "Zilveren Katowice 2015 Pick'Em-trofee",
        "image": "https://raw.githubusercontent.com/Nereziel/cs2-WeaponPaints/main/website/img/skins/collectible-902.png"
    },
    {
        "id": "903",
        "name": "Gouden Katowice 2015 Pick'Em-trofee",
        "image": "https://raw.githubusercontent.com/Nereziel/cs2-WeaponPaints/main/website/img/skins/collectible-903.png"
    },
    {
        "id": "904",
        "name": "Kampioen van ESL One Cologne 2015",
        "image": "https://raw.githubusercontent.com/Nereziel/cs2-WeaponPaints/main/website/img/skins/collectible-904.png"
    },
    {
        "id": "905",
        "name": "Finalist van ESL One Cologne 2015",
        "image": "https://raw.githubusercontent.com/Nereziel/cs2-WeaponPaints/main/website/img/skins/collectible-905.png"
    },
    {
        "id": "906",
        "name": "Halvefinalist van ESL One Cologne 2015",
        "image": "https://raw.githubusercontent.com/Nereziel/cs2-WeaponPaints/main/website/img/skins/collectible-906.png"
    },
    {
        "id": "907",
        "name": "Kwartfinalist van ESL One Cologne 2015",
        "image": "https://raw.githubusercontent.com/Nereziel/cs2-WeaponPaints/main/website/img/skins/collectible-907.png"
    },
    {
        "id": "908",
        "name": "Bronzen Cologne 2015 Pick'Em-trofee",
        "image": "https://raw.githubusercontent.com/Nereziel/cs2-WeaponPaints/main/website/img/skins/collectible-908.png"
    },
    {
        "id": "909",
        "name": "Zilveren Cologne 2015 Pick'Em-trofee",
        "image": "https://raw.githubusercontent.com/Nereziel/cs2-WeaponPaints/main/website/img/skins/collectible-909.png"
    },
    {
        "id": "910",
        "name": "Gouden Cologne 2015 Pick'Em-trofee",
        "image": "https://raw.githubusercontent.com/Nereziel/cs2-WeaponPaints/main/website/img/skins/collectible-910.png"
    },
    {
        "id": "911",
        "name": "Bronzen Cluj-Napoca 2015 Pick'Em-trofee",
        "image": "https://raw.githubusercontent.com/Nereziel/cs2-WeaponPaints/main/website/img/skins/collectible-911.png"
    },
    {
        "id": "912",
        "name": "Zilveren Cluj-Napoca 2015 Pick'Em-trofee",
        "image": "https://raw.githubusercontent.com/Nereziel/cs2-WeaponPaints/main/website/img/skins/collectible-912.png"
    },
    {
        "id": "913",
        "name": "Gouden Cluj-Napoca 2015 Pick'Em-trofee",
        "image": "https://raw.githubusercontent.com/Nereziel/cs2-WeaponPaints/main/website/img/skins/collectible-913.png"
    },
    {
        "id": "914",
        "name": "Bronzen Cluj-Napoca 2015 Fantasy-trofee",
        "image": "https://raw.githubusercontent.com/Nereziel/cs2-WeaponPaints/main/website/img/skins/collectible-914.png"
    },
    {
        "id": "915",
        "name": "Zilveren Cluj-Napoca 2015 Fantasy-trofee",
        "image": "https://raw.githubusercontent.com/Nereziel/cs2-WeaponPaints/main/website/img/skins/collectible-915.png"
    },
    {
        "id": "916",
        "name": "Gouden Cluj-Napoca 2015 Fantasy-trofee",
        "image": "https://raw.githubusercontent.com/Nereziel/cs2-WeaponPaints/main/website/img/skins/collectible-916.png"
    },
    {
        "id": "917",
        "name": "Kampioen van DreamHack Cluj-Napoca 2015",
        "image": "https://raw.githubusercontent.com/Nereziel/cs2-WeaponPaints/main/website/img/skins/collectible-917.png"
    },
    {
        "id": "918",
        "name": "Finalist van DreamHack Cluj-Napoca 2015",
        "image": "https://raw.githubusercontent.com/Nereziel/cs2-WeaponPaints/main/website/img/skins/collectible-918.png"
    },
    {
        "id": "919",
        "name": "Halvefinalist van DreamHack Cluj-Napoca 2015",
        "image": "https://raw.githubusercontent.com/Nereziel/cs2-WeaponPaints/main/website/img/skins/collectible-919.png"
    },
    {
        "id": "920",
        "name": "Kwartfinalist van DreamHack Cluj-Napoca 2015",
        "image": "https://raw.githubusercontent.com/Nereziel/cs2-WeaponPaints/main/website/img/skins/collectible-920.png"
    },
    {
        "id": "921",
        "name": "Bronzen Columbus 2016 Pick'Em-trofee",
        "image": "https://raw.githubusercontent.com/Nereziel/cs2-WeaponPaints/main/website/img/skins/collectible-921.png"
    },
    {
        "id": "922",
        "name": "Zilveren Columbus 2016 Pick'Em-trofee",
        "image": "https://raw.githubusercontent.com/Nereziel/cs2-WeaponPaints/main/website/img/skins/collectible-922.png"
    },
    {
        "id": "923",
        "name": "Gouden Columbus 2016 Pick'Em-trofee",
        "image": "https://raw.githubusercontent.com/Nereziel/cs2-WeaponPaints/main/website/img/skins/collectible-923.png"
    },
    {
        "id": "924",
        "name": "Bronzen Columbus 2016 Fantasy-trofee",
        "image": "https://raw.githubusercontent.com/Nereziel/cs2-WeaponPaints/main/website/img/skins/collectible-924.png"
    },
    {
        "id": "925",
        "name": "Zilveren Columbus 2016 Fantasy-trofee",
        "image": "https://raw.githubusercontent.com/Nereziel/cs2-WeaponPaints/main/website/img/skins/collectible-925.png"
    },
    {
        "id": "926",
        "name": "Gouden Columbus 2016 Fantasy-trofee",
        "image": "https://raw.githubusercontent.com/Nereziel/cs2-WeaponPaints/main/website/img/skins/collectible-926.png"
    },
    {
        "id": "927",
        "name": "Kampioen van MLG Columbus 2016",
        "image": "https://raw.githubusercontent.com/Nereziel/cs2-WeaponPaints/main/website/img/skins/collectible-927.png"
    },
    {
        "id": "928",
        "name": "Finalist van MLG Columbus 2016",
        "image": "https://raw.githubusercontent.com/Nereziel/cs2-WeaponPaints/main/website/img/skins/collectible-928.png"
    },
    {
        "id": "929",
        "name": "Halvefinalist van MLG Columbus 2016",
        "image": "https://raw.githubusercontent.com/Nereziel/cs2-WeaponPaints/main/website/img/skins/collectible-929.png"
    },
    {
        "id": "930",
        "name": "Kwartfinalist van MLG Columbus 2016",
        "image": "https://raw.githubusercontent.com/Nereziel/cs2-WeaponPaints/main/website/img/skins/collectible-930.png"
    },
    {
        "id": "931",
        "name": "Kampioen van ESL One Cologne 2016",
        "image": "https://raw.githubusercontent.com/Nereziel/cs2-WeaponPaints/main/website/img/skins/collectible-931.png"
    },
    {
        "id": "932",
        "name": "Finalist van ESL One Cologne 2016",
        "image": "https://raw.githubusercontent.com/Nereziel/cs2-WeaponPaints/main/website/img/skins/collectible-932.png"
    },
    {
        "id": "933",
        "name": "Halvefinalist van ESL One Cologne 2016",
        "image": "https://raw.githubusercontent.com/Nereziel/cs2-WeaponPaints/main/website/img/skins/collectible-933.png"
    },
    {
        "id": "934",
        "name": "Kwartfinalist van ESL One Cologne 2016",
        "image": "https://raw.githubusercontent.com/Nereziel/cs2-WeaponPaints/main/website/img/skins/collectible-934.png"
    },
    {
        "id": "935",
        "name": "Bronzen Cologne 2016 Pick'Em-trofee",
        "image": "https://raw.githubusercontent.com/Nereziel/cs2-WeaponPaints/main/website/img/skins/collectible-935.png"
    },
    {
        "id": "936",
        "name": "Zilveren Cologne 2016 Pick'Em-trofee",
        "image": "https://raw.githubusercontent.com/Nereziel/cs2-WeaponPaints/main/website/img/skins/collectible-936.png"
    },
    {
        "id": "937",
        "name": "Gouden Cologne 2016 Pick'Em-trofee",
        "image": "https://raw.githubusercontent.com/Nereziel/cs2-WeaponPaints/main/website/img/skins/collectible-937.png"
    },
    {
        "id": "938",
        "name": "Bronzen Cologne 2016 Fantasy-trofee",
        "image": "https://raw.githubusercontent.com/Nereziel/cs2-WeaponPaints/main/website/img/skins/collectible-938.png"
    },
    {
        "id": "939",
        "name": "Zilveren Cologne 2016 Fantasy-trofee",
        "image": "https://raw.githubusercontent.com/Nereziel/cs2-WeaponPaints/main/website/img/skins/collectible-939.png"
    },
    {
        "id": "940",
        "name": "Gouden Cologne 2016 Fantasy-trofee",
        "image": "https://raw.githubusercontent.com/Nereziel/cs2-WeaponPaints/main/website/img/skins/collectible-940.png"
    },
    {
        "id": "941",
        "name": "Kampioen van ELEAGUE Atlanta 2017",
        "image": "https://raw.githubusercontent.com/Nereziel/cs2-WeaponPaints/main/website/img/skins/collectible-941.png"
    },
    {
        "id": "942",
        "name": "Finalist van ELEAGUE Atlanta 2017",
        "image": "https://raw.githubusercontent.com/Nereziel/cs2-WeaponPaints/main/website/img/skins/collectible-942.png"
    },
    {
        "id": "943",
        "name": "Halvefinalist van ELEAGUE Atlanta 2017",
        "image": "https://raw.githubusercontent.com/Nereziel/cs2-WeaponPaints/main/website/img/skins/collectible-943.png"
    },
    {
        "id": "944",
        "name": "Kwartfinalist van ELEAGUE Atlanta 2017",
        "image": "https://raw.githubusercontent.com/Nereziel/cs2-WeaponPaints/main/website/img/skins/collectible-944.png"
    },
    {
        "id": "945",
        "name": "Bronzen Atlanta 2017 Pick'Em-trofee",
        "image": "https://raw.githubusercontent.com/Nereziel/cs2-WeaponPaints/main/website/img/skins/collectible-945.png"
    },
    {
        "id": "946",
        "name": "Zilveren Atlanta 2017 Pick'Em-trofee",
        "image": "https://raw.githubusercontent.com/Nereziel/cs2-WeaponPaints/main/website/img/skins/collectible-946.png"
    },
    {
        "id": "947",
        "name": "Gouden Atlanta 2017 Pick'Em-trofee",
        "image": "https://raw.githubusercontent.com/Nereziel/cs2-WeaponPaints/main/website/img/skins/collectible-947.png"
    },
    {
        "id": "948",
        "name": "Kampioen van PGL Krakow 2017",
        "image": "https://raw.githubusercontent.com/Nereziel/cs2-WeaponPaints/main/website/img/skins/collectible-948.png"
    },
    {
        "id": "949",
        "name": "Finalist van PGL Krakow 2017",
        "image": "https://raw.githubusercontent.com/Nereziel/cs2-WeaponPaints/main/website/img/skins/collectible-949.png"
    },
    {
        "id": "950",
        "name": "Halvefinalist van PGL Krakow 2017",
        "image": "https://raw.githubusercontent.com/Nereziel/cs2-WeaponPaints/main/website/img/skins/collectible-950.png"
    },
    {
        "id": "951",
        "name": "Kwartfinalist van PGL Krakow 2017",
        "image": "https://raw.githubusercontent.com/Nereziel/cs2-WeaponPaints/main/website/img/skins/collectible-951.png"
    },
    {
        "id": "952",
        "name": "Bronzen Krakow 2017 Pick'Em-trofee",
        "image": "https://raw.githubusercontent.com/Nereziel/cs2-WeaponPaints/main/website/img/skins/collectible-952.png"
    },
    {
        "id": "953",
        "name": "Zilveren Krakow 2017 Pick'Em-trofee",
        "image": "https://raw.githubusercontent.com/Nereziel/cs2-WeaponPaints/main/website/img/skins/collectible-953.png"
    },
    {
        "id": "954",
        "name": "Gouden Krakow 2017 Pick'Em-trofee",
        "image": "https://raw.githubusercontent.com/Nereziel/cs2-WeaponPaints/main/website/img/skins/collectible-954.png"
    },
    {
        "id": "955",
        "name": "Kampioen van ELEAGUE Boston 2018",
        "image": "https://raw.githubusercontent.com/Nereziel/cs2-WeaponPaints/main/website/img/skins/collectible-955.png"
    },
    {
        "id": "956",
        "name": "Finalist van ELEAGUE Boston 2018",
        "image": "https://raw.githubusercontent.com/Nereziel/cs2-WeaponPaints/main/website/img/skins/collectible-956.png"
    },
    {
        "id": "957",
        "name": "Halvefinalist van ELEAGUE Boston 2018",
        "image": "https://raw.githubusercontent.com/Nereziel/cs2-WeaponPaints/main/website/img/skins/collectible-957.png"
    },
    {
        "id": "958",
        "name": "Kwartfinalist van ELEAGUE Boston 2018",
        "image": "https://raw.githubusercontent.com/Nereziel/cs2-WeaponPaints/main/website/img/skins/collectible-958.png"
    },
    {
        "id": "959",
        "name": "Bronzen Boston 2018 Pick'Em-trofee",
        "image": "https://raw.githubusercontent.com/Nereziel/cs2-WeaponPaints/main/website/img/skins/collectible-959.png"
    },
    {
        "id": "960",
        "name": "Zilveren Boston 2018 Pick'Em-trofee",
        "image": "https://raw.githubusercontent.com/Nereziel/cs2-WeaponPaints/main/website/img/skins/collectible-960.png"
    },
    {
        "id": "961",
        "name": "Gouden Boston 2018 Pick'Em-trofee",
        "image": "https://raw.githubusercontent.com/Nereziel/cs2-WeaponPaints/main/website/img/skins/collectible-961.png"
    },
    {
        "id": "962",
        "name": "Kampioen van FACEIT London 2018",
        "image": "https://raw.githubusercontent.com/Nereziel/cs2-WeaponPaints/main/website/img/skins/collectible-962.png"
    },
    {
        "id": "963",
        "name": "Finalist van FACEIT London 2018",
        "image": "https://raw.githubusercontent.com/Nereziel/cs2-WeaponPaints/main/website/img/skins/collectible-963.png"
    },
    {
        "id": "964",
        "name": "Halvefinalist van FACEIT London 2018",
        "image": "https://raw.githubusercontent.com/Nereziel/cs2-WeaponPaints/main/website/img/skins/collectible-964.png"
    },
    {
        "id": "965",
        "name": "Kwartfinalist van FACEIT London 2018",
        "image": "https://raw.githubusercontent.com/Nereziel/cs2-WeaponPaints/main/website/img/skins/collectible-965.png"
    },
    {
        "id": "966",
        "name": "Bronzen London 2018 Pick'Em-trofee",
        "image": "https://raw.githubusercontent.com/Nereziel/cs2-WeaponPaints/main/website/img/skins/collectible-966.png"
    },
    {
        "id": "967",
        "name": "Zilveren London 2018 Pick'Em-trofee",
        "image": "https://raw.githubusercontent.com/Nereziel/cs2-WeaponPaints/main/website/img/skins/collectible-967.png"
    },
    {
        "id": "968",
        "name": "Gouden London 2018 Pick'Em-trofee",
        "image": "https://raw.githubusercontent.com/Nereziel/cs2-WeaponPaints/main/website/img/skins/collectible-968.png"
    },
    {
        "id": "971",
        "name": "Kampioen van IEM Katowice 2019",
        "image": "https://raw.githubusercontent.com/Nereziel/cs2-WeaponPaints/main/website/img/skins/collectible-971.png"
    },
    {
        "id": "972",
        "name": "Finalist van IEM Katowice 2019",
        "image": "https://raw.githubusercontent.com/Nereziel/cs2-WeaponPaints/main/website/img/skins/collectible-972.png"
    },
    {
        "id": "973",
        "name": "Halvefinalist van IEM Katowice 2019",
        "image": "https://raw.githubusercontent.com/Nereziel/cs2-WeaponPaints/main/website/img/skins/collectible-973.png"
    },
    {
        "id": "974",
        "name": "Kwartfinalist van IEM Katowice 2019",
        "image": "https://raw.githubusercontent.com/Nereziel/cs2-WeaponPaints/main/website/img/skins/collectible-974.png"
    },
    {
        "id": "975",
        "name": "Kampioen van StarLadder Berlin 2019",
        "image": "https://raw.githubusercontent.com/Nereziel/cs2-WeaponPaints/main/website/img/skins/collectible-975.png"
    },
    {
        "id": "976",
        "name": "Finalist van StarLadder Berlin 2019",
        "image": "https://raw.githubusercontent.com/Nereziel/cs2-WeaponPaints/main/website/img/skins/collectible-976.png"
    },
    {
        "id": "977",
        "name": "Halvefinalist van StarLadder Berlin 2019",
        "image": "https://raw.githubusercontent.com/Nereziel/cs2-WeaponPaints/main/website/img/skins/collectible-977.png"
    },
    {
        "id": "978",
        "name": "Kwartfinalist van StarLadder Berlin 2019",
        "image": "https://raw.githubusercontent.com/Nereziel/cs2-WeaponPaints/main/website/img/skins/collectible-978.png"
    },
    {
        "id": "979",
        "name": "Kampioen van PGL Stockholm 2021",
        "image": "https://raw.githubusercontent.com/Nereziel/cs2-WeaponPaints/main/website/img/skins/collectible-979.png"
    },
    {
        "id": "980",
        "name": "Finalist van PGL Stockholm 2021",
        "image": "https://raw.githubusercontent.com/Nereziel/cs2-WeaponPaints/main/website/img/skins/collectible-980.png"
    },
    {
        "id": "981",
        "name": "Halvefinalist van PGL Stockholm 2021",
        "image": "https://raw.githubusercontent.com/Nereziel/cs2-WeaponPaints/main/website/img/skins/collectible-981.png"
    },
    {
        "id": "982",
        "name": "Kwartfinalist van PGL Stockholm 2021",
        "image": "https://raw.githubusercontent.com/Nereziel/cs2-WeaponPaints/main/website/img/skins/collectible-982.png"
    },
    {
        "id": "983",
        "name": "Champion at PGL Antwerp 2022",
        "image": "https://raw.githubusercontent.com/Nereziel/cs2-WeaponPaints/main/website/img/skins/collectible-983.png"
    },
    {
        "id": "984",
        "name": "Finalist at PGL Antwerp 2022",
        "image": "https://raw.githubusercontent.com/Nereziel/cs2-WeaponPaints/main/website/img/skins/collectible-984.png"
    },
    {
        "id": "985",
        "name": "Semifinalist at PGL Antwerp 2022",
        "image": "https://raw.githubusercontent.com/Nereziel/cs2-WeaponPaints/main/website/img/skins/collectible-985.png"
    },
    {
        "id": "986",
        "name": "Quarterfinalist at PGL Antwerp 2022",
        "image": "https://raw.githubusercontent.com/Nereziel/cs2-WeaponPaints/main/website/img/skins/collectible-986.png"
    },
    {
        "id": "988",
        "name": "Champion at IEM Rio 2022",
        "image": "https://raw.githubusercontent.com/Nereziel/cs2-WeaponPaints/main/website/img/skins/collectible-988.png"
    },
    {
        "id": "989",
        "name": "Finalist at IEM Rio 2022",
        "image": "https://raw.githubusercontent.com/Nereziel/cs2-WeaponPaints/main/website/img/skins/collectible-989.png"
    },
    {
        "id": "990",
        "name": "Semifinalist at IEM Rio 2022",
        "image": "https://raw.githubusercontent.com/Nereziel/cs2-WeaponPaints/main/website/img/skins/collectible-990.png"
    },
    {
        "id": "991",
        "name": "Quarterfinalist at IEM Rio 2022",
        "image": "https://raw.githubusercontent.com/Nereziel/cs2-WeaponPaints/main/website/img/skins/collectible-991.png"
    },
    {
        "id": "992",
        "name": "Champion at BLAST.tv Paris 2023",
        "image": "https://raw.githubusercontent.com/Nereziel/cs2-WeaponPaints/main/website/img/skins/collectible-992.png"
    },
    {
        "id": "993",
        "name": "Finalist at BLAST.tv Paris 2023",
        "image": "https://raw.githubusercontent.com/Nereziel/cs2-WeaponPaints/main/website/img/skins/collectible-993.png"
    },
    {
        "id": "994",
        "name": "Semifinalist at BLAST.tv Paris 2023",
        "image": "https://raw.githubusercontent.com/Nereziel/cs2-WeaponPaints/main/website/img/skins/collectible-994.png"
    },
    {
        "id": "995",
        "name": "Quarterfinalist at BLAST.tv Paris 2023",
        "image": "https://raw.githubusercontent.com/Nereziel/cs2-WeaponPaints/main/website/img/skins/collectible-995.png"
    },
    {
        "id": "1001",
        "name": "Operation Payback-uitdagingsmunt",
        "image": "https://raw.githubusercontent.com/Nereziel/cs2-WeaponPaints/main/website/img/skins/collectible-1001.png"
    },
    {
        "id": "1002",
        "name": "Zilveren Operation Payback-munt",
        "image": "https://raw.githubusercontent.com/Nereziel/cs2-WeaponPaints/main/website/img/skins/collectible-1002.png"
    },
    {
        "id": "1003",
        "name": "Gouden Operation Payback-munt",
        "image": "https://raw.githubusercontent.com/Nereziel/cs2-WeaponPaints/main/website/img/skins/collectible-1003.png"
    },
    {
        "id": "1004",
        "name": "Museum-mapmunt",
        "image": "https://raw.githubusercontent.com/Nereziel/cs2-WeaponPaints/main/website/img/skins/collectible-1004.png"
    },
    {
        "id": "1005",
        "name": "Downtown-mapmunt",
        "image": "https://raw.githubusercontent.com/Nereziel/cs2-WeaponPaints/main/website/img/skins/collectible-1005.png"
    },
    {
        "id": "1006",
        "name": "Thunder-mapmunt",
        "image": "https://raw.githubusercontent.com/Nereziel/cs2-WeaponPaints/main/website/img/skins/collectible-1006.png"
    },
    {
        "id": "1007",
        "name": "Favela-mapmunt",
        "image": "https://raw.githubusercontent.com/Nereziel/cs2-WeaponPaints/main/website/img/skins/collectible-1007.png"
    },
    {
        "id": "1008",
        "name": "Motel-mapmunt",
        "image": "https://raw.githubusercontent.com/Nereziel/cs2-WeaponPaints/main/website/img/skins/collectible-1008.png"
    },
    {
        "id": "1009",
        "name": "Seaside-mapmunt",
        "image": "https://raw.githubusercontent.com/Nereziel/cs2-WeaponPaints/main/website/img/skins/collectible-1009.png"
    },
    {
        "id": "1010",
        "name": "Library-mapmunt",
        "image": "https://raw.githubusercontent.com/Nereziel/cs2-WeaponPaints/main/website/img/skins/collectible-1010.png"
    },
    {
        "id": "1013",
        "name": "Operation Bravo-uitdagingsmunt",
        "image": "https://raw.githubusercontent.com/Nereziel/cs2-WeaponPaints/main/website/img/skins/collectible-1013.png"
    },
    {
        "id": "1014",
        "name": "Zilveren Operation Bravo-munt",
        "image": "https://raw.githubusercontent.com/Nereziel/cs2-WeaponPaints/main/website/img/skins/collectible-1014.png"
    },
    {
        "id": "1015",
        "name": "Gouden Operation Bravo-munt",
        "image": "https://raw.githubusercontent.com/Nereziel/cs2-WeaponPaints/main/website/img/skins/collectible-1015.png"
    },
    {
        "id": "1016",
        "name": "Agency-mapmunt",
        "image": "https://raw.githubusercontent.com/Nereziel/cs2-WeaponPaints/main/website/img/skins/collectible-1016.png"
    },
    {
        "id": "1017",
        "name": "Ali-mapmunt",
        "image": "https://raw.githubusercontent.com/Nereziel/cs2-WeaponPaints/main/website/img/skins/collectible-1017.png"
    },
    {
        "id": "1018",
        "name": "Cache-mapmunt",
        "image": "https://raw.githubusercontent.com/Nereziel/cs2-WeaponPaints/main/website/img/skins/collectible-1018.png"
    },
    {
        "id": "1019",
        "name": "Chinatown-mapmunt",
        "image": "https://raw.githubusercontent.com/Nereziel/cs2-WeaponPaints/main/website/img/skins/collectible-1019.png"
    },
    {
        "id": "1020",
        "name": "Gwalior-mapmunt",
        "image": "https://raw.githubusercontent.com/Nereziel/cs2-WeaponPaints/main/website/img/skins/collectible-1020.png"
    },
    {
        "id": "1021",
        "name": "Ruins-mapmunt",
        "image": "https://raw.githubusercontent.com/Nereziel/cs2-WeaponPaints/main/website/img/skins/collectible-1021.png"
    },
    {
        "id": "1022",
        "name": "Siege-mapmunt",
        "image": "https://raw.githubusercontent.com/Nereziel/cs2-WeaponPaints/main/website/img/skins/collectible-1022.png"
    },
    {
        "id": "1024",
        "name": "Operation Phoenix-uitdagingsmunt",
        "image": "https://raw.githubusercontent.com/Nereziel/cs2-WeaponPaints/main/website/img/skins/collectible-1024.png"
    },
    {
        "id": "1025",
        "name": "Zilveren Operation Phoenix-munt",
        "image": "https://raw.githubusercontent.com/Nereziel/cs2-WeaponPaints/main/website/img/skins/collectible-1025.png"
    },
    {
        "id": "1026",
        "name": "Gouden Operation Phoenix-munt",
        "image": "https://raw.githubusercontent.com/Nereziel/cs2-WeaponPaints/main/website/img/skins/collectible-1026.png"
    },
    {
        "id": "1028",
        "name": "Operation Breakout-uitdagingsmunt",
        "image": "https://raw.githubusercontent.com/Nereziel/cs2-WeaponPaints/main/website/img/skins/collectible-1028.png"
    },
    {
        "id": "1029",
        "name": "Zilveren Operation Breakout-munt",
        "image": "https://raw.githubusercontent.com/Nereziel/cs2-WeaponPaints/main/website/img/skins/collectible-1029.png"
    },
    {
        "id": "1030",
        "name": "Gouden Operation Breakout-munt",
        "image": "https://raw.githubusercontent.com/Nereziel/cs2-WeaponPaints/main/website/img/skins/collectible-1030.png"
    },
    {
        "id": "1031",
        "name": "Castle-mapmunt",
        "image": "https://raw.githubusercontent.com/Nereziel/cs2-WeaponPaints/main/website/img/skins/collectible-1031.png"
    },
    {
        "id": "1032",
        "name": "Black Gold-mapmunt",
        "image": "https://raw.githubusercontent.com/Nereziel/cs2-WeaponPaints/main/website/img/skins/collectible-1032.png"
    },
    {
        "id": "1033",
        "name": "Rush-mapmunt",
        "image": "https://raw.githubusercontent.com/Nereziel/cs2-WeaponPaints/main/website/img/skins/collectible-1033.png"
    },
    {
        "id": "1034",
        "name": "Mist-mapmunt",
        "image": "https://raw.githubusercontent.com/Nereziel/cs2-WeaponPaints/main/website/img/skins/collectible-1034.png"
    },
    {
        "id": "1035",
        "name": "Insertion-mapmunt",
        "image": "https://raw.githubusercontent.com/Nereziel/cs2-WeaponPaints/main/website/img/skins/collectible-1035.png"
    },
    {
        "id": "1036",
        "name": "Overgrown-mapmunt",
        "image": "https://raw.githubusercontent.com/Nereziel/cs2-WeaponPaints/main/website/img/skins/collectible-1036.png"
    },
    {
        "id": "1037",
        "name": "Marquis-mapmunt",
        "image": "https://raw.githubusercontent.com/Nereziel/cs2-WeaponPaints/main/website/img/skins/collectible-1037.png"
    },
    {
        "id": "1038",
        "name": "Workout-mapmunt",
        "image": "https://raw.githubusercontent.com/Nereziel/cs2-WeaponPaints/main/website/img/skins/collectible-1038.png"
    },
    {
        "id": "1039",
        "name": "Backalley-mapmunt",
        "image": "https://raw.githubusercontent.com/Nereziel/cs2-WeaponPaints/main/website/img/skins/collectible-1039.png"
    },
    {
        "id": "1040",
        "name": "Season-mapmunt",
        "image": "https://raw.githubusercontent.com/Nereziel/cs2-WeaponPaints/main/website/img/skins/collectible-1040.png"
    },
    {
        "id": "1041",
        "name": "Bazaar-mapmunt",
        "image": "https://raw.githubusercontent.com/Nereziel/cs2-WeaponPaints/main/website/img/skins/collectible-1041.png"
    },
    {
        "id": "1042",
        "name": "Facade-mapmunt",
        "image": "https://raw.githubusercontent.com/Nereziel/cs2-WeaponPaints/main/website/img/skins/collectible-1042.png"
    },
    {
        "id": "1043",
        "name": "Log-mapmunt",
        "image": "https://raw.githubusercontent.com/Nereziel/cs2-WeaponPaints/main/website/img/skins/collectible-1043.png"
    },
    {
        "id": "1044",
        "name": "Rails-mapmunt",
        "image": "https://raw.githubusercontent.com/Nereziel/cs2-WeaponPaints/main/website/img/skins/collectible-1044.png"
    },
    {
        "id": "1045",
        "name": "Resort-mapmunt",
        "image": "https://raw.githubusercontent.com/Nereziel/cs2-WeaponPaints/main/website/img/skins/collectible-1045.png"
    },
    {
        "id": "1046",
        "name": "Zoo-mapmunt",
        "image": "https://raw.githubusercontent.com/Nereziel/cs2-WeaponPaints/main/website/img/skins/collectible-1046.png"
    },
    {
        "id": "1047",
        "name": "Santorini-mapmunt",
        "image": "https://raw.githubusercontent.com/Nereziel/cs2-WeaponPaints/main/website/img/skins/collectible-1047.png"
    },
    {
        "id": "1048",
        "name": "Coast-mapmunt",
        "image": "https://raw.githubusercontent.com/Nereziel/cs2-WeaponPaints/main/website/img/skins/collectible-1048.png"
    },
    {
        "id": "1049",
        "name": "Mikla-mapmunt",
        "image": "https://raw.githubusercontent.com/Nereziel/cs2-WeaponPaints/main/website/img/skins/collectible-1049.png"
    },
    {
        "id": "1050",
        "name": "Royal-mapmunt",
        "image": "https://raw.githubusercontent.com/Nereziel/cs2-WeaponPaints/main/website/img/skins/collectible-1050.png"
    },
    {
        "id": "1051",
        "name": "Empire-mapmunt",
        "image": "https://raw.githubusercontent.com/Nereziel/cs2-WeaponPaints/main/website/img/skins/collectible-1051.png"
    },
    {
        "id": "1052",
        "name": "Tulip-mapmunt",
        "image": "https://raw.githubusercontent.com/Nereziel/cs2-WeaponPaints/main/website/img/skins/collectible-1052.png"
    },
    {
        "id": "1053",
        "name": "Cruise-mapmunt",
        "image": "https://raw.githubusercontent.com/Nereziel/cs2-WeaponPaints/main/website/img/skins/collectible-1053.png"
    },
    {
        "id": "1054",
        "name": "Subzero-mapmunt",
        "image": "https://raw.githubusercontent.com/Nereziel/cs2-WeaponPaints/main/website/img/skins/collectible-1054.png"
    },
    {
        "id": "1055",
        "name": "Biome-mapmunt",
        "image": "https://raw.githubusercontent.com/Nereziel/cs2-WeaponPaints/main/website/img/skins/collectible-1055.png"
    },
    {
        "id": "1056",
        "name": "Abbey-mapmunt",
        "image": "https://raw.githubusercontent.com/Nereziel/cs2-WeaponPaints/main/website/img/skins/collectible-1056.png"
    },
    {
        "id": "1057",
        "name": "Ruby-mapmunt",
        "image": "https://raw.githubusercontent.com/Nereziel/cs2-WeaponPaints/main/website/img/skins/collectible-1057.png"
    },
    {
        "id": "1058",
        "name": "Breach-mapmunt",
        "image": "https://raw.githubusercontent.com/Nereziel/cs2-WeaponPaints/main/website/img/skins/collectible-1058.png"
    },
    {
        "id": "1059",
        "name": "Studio-mapmunt",
        "image": "https://raw.githubusercontent.com/Nereziel/cs2-WeaponPaints/main/website/img/skins/collectible-1059.png"
    },
    {
        "id": "1060",
        "name": "Jungle-mapmunt",
        "image": "https://raw.githubusercontent.com/Nereziel/cs2-WeaponPaints/main/website/img/skins/collectible-1060.png"
    },
    {
        "id": "1061",
        "name": "Anubis-mapmunt",
        "image": "https://raw.githubusercontent.com/Nereziel/cs2-WeaponPaints/main/website/img/skins/collectible-1061.png"
    },
    {
        "id": "1062",
        "name": "Chlorine-mapmunt",
        "image": "https://raw.githubusercontent.com/Nereziel/cs2-WeaponPaints/main/website/img/skins/collectible-1062.png"
    },
    {
        "id": "1063",
        "name": "Mutiny-mapmunt",
        "image": "https://raw.githubusercontent.com/Nereziel/cs2-WeaponPaints/main/website/img/skins/collectible-1063.png"
    },
    {
        "id": "1064",
        "name": "Swamp-mapmunt",
        "image": "https://raw.githubusercontent.com/Nereziel/cs2-WeaponPaints/main/website/img/skins/collectible-1064.png"
    },
    {
        "id": "1065",
        "name": "Frostbite-mapmunt",
        "image": "https://raw.githubusercontent.com/Nereziel/cs2-WeaponPaints/main/website/img/skins/collectible-1065.png"
    },
    {
        "id": "1066",
        "name": "Engage-mapmunt",
        "image": "https://raw.githubusercontent.com/Nereziel/cs2-WeaponPaints/main/website/img/skins/collectible-1066.png"
    },
    {
        "id": "1067",
        "name": "Apollo-mapmunt",
        "image": "https://raw.githubusercontent.com/Nereziel/cs2-WeaponPaints/main/website/img/skins/collectible-1067.png"
    },
    {
        "id": "1068",
        "name": "Guard-mapmunt",
        "image": "https://raw.githubusercontent.com/Nereziel/cs2-WeaponPaints/main/website/img/skins/collectible-1068.png"
    },
    {
        "id": "1069",
        "name": "Elysion-mapmunt",
        "image": "https://raw.githubusercontent.com/Nereziel/cs2-WeaponPaints/main/website/img/skins/collectible-1069.png"
    },
    {
        "id": "1070",
        "name": "Grind-mapmunt",
        "image": "https://raw.githubusercontent.com/Nereziel/cs2-WeaponPaints/main/website/img/skins/collectible-1070.png"
    },
    {
        "id": "1071",
        "name": "Mocha-mapmunt",
        "image": "https://raw.githubusercontent.com/Nereziel/cs2-WeaponPaints/main/website/img/skins/collectible-1071.png"
    },
    {
        "id": "1072",
        "name": "Calavera-mapmunt",
        "image": "https://raw.githubusercontent.com/Nereziel/cs2-WeaponPaints/main/website/img/skins/collectible-1072.png"
    },
    {
        "id": "1073",
        "name": "Pitstop-mapmunt",
        "image": "https://raw.githubusercontent.com/Nereziel/cs2-WeaponPaints/main/website/img/skins/collectible-1073.png"
    },
    {
        "id": "1074",
        "name": "Basalt-mapmunt",
        "image": "https://raw.githubusercontent.com/Nereziel/cs2-WeaponPaints/main/website/img/skins/collectible-1074.png"
    },
    {
        "id": "1075",
        "name": "Insertion II-mapmunt",
        "image": "https://raw.githubusercontent.com/Nereziel/cs2-WeaponPaints/main/website/img/skins/collectible-1075.png"
    },
    {
        "id": "1076",
        "name": "Ravine-mapmunt",
        "image": "https://raw.githubusercontent.com/Nereziel/cs2-WeaponPaints/main/website/img/skins/collectible-1076.png"
    },
    {
        "id": "1077",
        "name": "Extraction-mapmunt",
        "image": "https://raw.githubusercontent.com/Nereziel/cs2-WeaponPaints/main/website/img/skins/collectible-1077.png"
    },
    {
        "id": "1078",
        "name": "County-mapmunt",
        "image": "https://raw.githubusercontent.com/Nereziel/cs2-WeaponPaints/main/website/img/skins/collectible-1078.png"
    },
    {
        "id": "1079",
        "name": "Iris-mapmunt",
        "image": "https://raw.githubusercontent.com/Nereziel/cs2-WeaponPaints/main/website/img/skins/collectible-1079.png"
    },
    {
        "id": "1080",
        "name": "Climb-mapmunt",
        "image": "https://raw.githubusercontent.com/Nereziel/cs2-WeaponPaints/main/website/img/skins/collectible-1080.png"
    },
    {
        "id": "1081",
        "name": "Crete-mapmunt",
        "image": "https://raw.githubusercontent.com/Nereziel/cs2-WeaponPaints/main/website/img/skins/collectible-1081.png"
    },
    {
        "id": "1082",
        "name": "Hive-mapmunt",
        "image": "https://raw.githubusercontent.com/Nereziel/cs2-WeaponPaints/main/website/img/skins/collectible-1082.png"
    },
    {
        "id": "1083",
        "name": "Vineyard-mapmunt",
        "image": "https://raw.githubusercontent.com/Nereziel/cs2-WeaponPaints/main/website/img/skins/collectible-1083.png"
    },
    {
        "id": "1084",
        "name": "Ember-mapmunt",
        "image": "https://raw.githubusercontent.com/Nereziel/cs2-WeaponPaints/main/website/img/skins/collectible-1084.png"
    },
    {
        "id": "1085",
        "name": "Tuscan-mapmunt",
        "image": "https://raw.githubusercontent.com/Nereziel/cs2-WeaponPaints/main/website/img/skins/collectible-1085.png"
    },
    {
        "id": "1086",
        "name": "Cascade-mapmunt",
        "image": "https://raw.githubusercontent.com/Nereziel/cs2-WeaponPaints/main/website/img/skins/collectible-1086.png"
    },
    {
        "id": "1087",
        "name": "Blagai-mapmunt",
        "image": "https://raw.githubusercontent.com/Nereziel/cs2-WeaponPaints/main/website/img/skins/collectible-1087.png"
    },
    {
        "id": "1088",
        "name": "Boyard-mapmunt",
        "image": "https://raw.githubusercontent.com/Nereziel/cs2-WeaponPaints/main/website/img/skins/collectible-1088.png"
    },
    {
        "id": "1089",
        "name": "Chalice-mapmunt",
        "image": "https://raw.githubusercontent.com/Nereziel/cs2-WeaponPaints/main/website/img/skins/collectible-1089.png"
    },
    {
        "id": "1316",
        "name": "Operation Vanguard-uitdagingsmunt",
        "image": "https://raw.githubusercontent.com/Nereziel/cs2-WeaponPaints/main/website/img/skins/collectible-1316.png"
    },
    {
        "id": "1317",
        "name": "Zilveren Operation Vanguard-munt",
        "image": "https://raw.githubusercontent.com/Nereziel/cs2-WeaponPaints/main/website/img/skins/collectible-1317.png"
    },
    {
        "id": "1318",
        "name": "Gouden Operation Vanguard-munt",
        "image": "https://raw.githubusercontent.com/Nereziel/cs2-WeaponPaints/main/website/img/skins/collectible-1318.png"
    },
    {
        "id": "1327",
        "name": "Operation Bloodhound-uitdagingsmunt",
        "image": "https://raw.githubusercontent.com/Nereziel/cs2-WeaponPaints/main/website/img/skins/collectible-1327.png"
    },
    {
        "id": "1328",
        "name": "Zilveren Operation Bloodhound-munt",
        "image": "https://raw.githubusercontent.com/Nereziel/cs2-WeaponPaints/main/website/img/skins/collectible-1328.png"
    },
    {
        "id": "1329",
        "name": "Gouden Operation Bloodhound-munt",
        "image": "https://raw.githubusercontent.com/Nereziel/cs2-WeaponPaints/main/website/img/skins/collectible-1329.png"
    },
    {
        "id": "1331",
        "name": "Dienstmedaille 2015",
        "image": "https://raw.githubusercontent.com/Nereziel/cs2-WeaponPaints/main/website/img/skins/collectible-1331.png"
    },
    {
        "id": "1332",
        "name": "Dienstmedaille 2015",
        "image": "https://raw.githubusercontent.com/Nereziel/cs2-WeaponPaints/main/website/img/skins/collectible-1332.png"
    },
    {
        "id": "1336",
        "name": "Operation Wildfire-uitdagingsmunt",
        "image": "https://raw.githubusercontent.com/Nereziel/cs2-WeaponPaints/main/website/img/skins/collectible-1336.png"
    },
    {
        "id": "1337",
        "name": "Zilveren Operation Wildfire-munt",
        "image": "https://raw.githubusercontent.com/Nereziel/cs2-WeaponPaints/main/website/img/skins/collectible-1337.png"
    },
    {
        "id": "1338",
        "name": "Gouden Operation Wildfire-munt",
        "image": "https://raw.githubusercontent.com/Nereziel/cs2-WeaponPaints/main/website/img/skins/collectible-1338.png"
    },
    {
        "id": "1339",
        "name": "Dienstmedaille 2016",
        "image": "https://raw.githubusercontent.com/Nereziel/cs2-WeaponPaints/main/website/img/skins/collectible-1339.png"
    },
    {
        "id": "1340",
        "name": "Dienstmedaille 2016",
        "image": "https://raw.githubusercontent.com/Nereziel/cs2-WeaponPaints/main/website/img/skins/collectible-1340.png"
    },
    {
        "id": "1341",
        "name": "Dienstmedaille 2016",
        "image": "https://raw.githubusercontent.com/Nereziel/cs2-WeaponPaints/main/website/img/skins/collectible-1341.png"
    },
    {
        "id": "1342",
        "name": "Dienstmedaille 2016",
        "image": "https://raw.githubusercontent.com/Nereziel/cs2-WeaponPaints/main/website/img/skins/collectible-1342.png"
    },
    {
        "id": "1343",
        "name": "Dienstmedaille 2016",
        "image": "https://raw.githubusercontent.com/Nereziel/cs2-WeaponPaints/main/website/img/skins/collectible-1343.png"
    },
    {
        "id": "1344",
        "name": "Dienstmedaille 2016",
        "image": "https://raw.githubusercontent.com/Nereziel/cs2-WeaponPaints/main/website/img/skins/collectible-1344.png"
    },
    {
        "id": "1357",
        "name": "Dienstmedaille 2017",
        "image": "https://raw.githubusercontent.com/Nereziel/cs2-WeaponPaints/main/website/img/skins/collectible-1357.png"
    },
    {
        "id": "1358",
        "name": "Dienstmedaille 2017",
        "image": "https://raw.githubusercontent.com/Nereziel/cs2-WeaponPaints/main/website/img/skins/collectible-1358.png"
    },
    {
        "id": "1359",
        "name": "Dienstmedaille 2017",
        "image": "https://raw.githubusercontent.com/Nereziel/cs2-WeaponPaints/main/website/img/skins/collectible-1359.png"
    },
    {
        "id": "1360",
        "name": "Dienstmedaille 2017",
        "image": "https://raw.githubusercontent.com/Nereziel/cs2-WeaponPaints/main/website/img/skins/collectible-1360.png"
    },
    {
        "id": "1361",
        "name": "Dienstmedaille 2017",
        "image": "https://raw.githubusercontent.com/Nereziel/cs2-WeaponPaints/main/website/img/skins/collectible-1361.png"
    },
    {
        "id": "1362",
        "name": "Dienstmedaille 2017",
        "image": "https://raw.githubusercontent.com/Nereziel/cs2-WeaponPaints/main/website/img/skins/collectible-1362.png"
    },
    {
        "id": "1363",
        "name": "Dienstmedaille 2017",
        "image": "https://raw.githubusercontent.com/Nereziel/cs2-WeaponPaints/main/website/img/skins/collectible-1363.png"
    },
    {
        "id": "1367",
        "name": "Dienstmedaille 2018",
        "image": "https://raw.githubusercontent.com/Nereziel/cs2-WeaponPaints/main/website/img/skins/collectible-1367.png"
    },
    {
        "id": "1368",
        "name": "Dienstmedaille 2018",
        "image": "https://raw.githubusercontent.com/Nereziel/cs2-WeaponPaints/main/website/img/skins/collectible-1368.png"
    },
    {
        "id": "1369",
        "name": "Dienstmedaille 2018",
        "image": "https://raw.githubusercontent.com/Nereziel/cs2-WeaponPaints/main/website/img/skins/collectible-1369.png"
    },
    {
        "id": "1370",
        "name": "Dienstmedaille 2018",
        "image": "https://raw.githubusercontent.com/Nereziel/cs2-WeaponPaints/main/website/img/skins/collectible-1370.png"
    },
    {
        "id": "1371",
        "name": "Dienstmedaille 2018",
        "image": "https://raw.githubusercontent.com/Nereziel/cs2-WeaponPaints/main/website/img/skins/collectible-1371.png"
    },
    {
        "id": "1372",
        "name": "Dienstmedaille 2018",
        "image": "https://raw.githubusercontent.com/Nereziel/cs2-WeaponPaints/main/website/img/skins/collectible-1372.png"
    },
    {
        "id": "1376",
        "name": "Dienstmedaille 2019",
        "image": "https://raw.githubusercontent.com/Nereziel/cs2-WeaponPaints/main/website/img/skins/collectible-1376.png"
    },
    {
        "id": "1377",
        "name": "Dienstmedaille 2019",
        "image": "https://raw.githubusercontent.com/Nereziel/cs2-WeaponPaints/main/website/img/skins/collectible-1377.png"
    },
    {
        "id": "1378",
        "name": "Dienstmedaille 2019",
        "image": "https://raw.githubusercontent.com/Nereziel/cs2-WeaponPaints/main/website/img/skins/collectible-1378.png"
    },
    {
        "id": "1379",
        "name": "Dienstmedaille 2019",
        "image": "https://raw.githubusercontent.com/Nereziel/cs2-WeaponPaints/main/website/img/skins/collectible-1379.png"
    },
    {
        "id": "1380",
        "name": "Dienstmedaille 2019",
        "image": "https://raw.githubusercontent.com/Nereziel/cs2-WeaponPaints/main/website/img/skins/collectible-1380.png"
    },
    {
        "id": "1381",
        "name": "Dienstmedaille 2019",
        "image": "https://raw.githubusercontent.com/Nereziel/cs2-WeaponPaints/main/website/img/skins/collectible-1381.png"
    },
    {
        "id": "4353",
        "name": "Operation Hydra-uitdagingsmunt",
        "image": "https://raw.githubusercontent.com/Nereziel/cs2-WeaponPaints/main/website/img/skins/collectible-4353.png"
    },
    {
        "id": "4354",
        "name": "Zilveren Operation Hydra-munt",
        "image": "https://raw.githubusercontent.com/Nereziel/cs2-WeaponPaints/main/website/img/skins/collectible-4354.png"
    },
    {
        "id": "4355",
        "name": "Gouden Operation Hydra-munt",
        "image": "https://raw.githubusercontent.com/Nereziel/cs2-WeaponPaints/main/website/img/skins/collectible-4355.png"
    },
    {
        "id": "4356",
        "name": "Diamanten Operation Hydra-munt",
        "image": "https://raw.githubusercontent.com/Nereziel/cs2-WeaponPaints/main/website/img/skins/collectible-4356.png"
    },
    {
        "id": "4550",
        "name": "Operation Shattered Web-uitdagingsmunt",
        "image": "https://raw.githubusercontent.com/Nereziel/cs2-WeaponPaints/main/website/img/skins/collectible-4550.png"
    },
    {
        "id": "4551",
        "name": "Zilveren Operation Shattered Web-munt",
        "image": "https://raw.githubusercontent.com/Nereziel/cs2-WeaponPaints/main/website/img/skins/collectible-4551.png"
    },
    {
        "id": "4552",
        "name": "Gouden Operation Shattered Web-munt",
        "image": "https://raw.githubusercontent.com/Nereziel/cs2-WeaponPaints/main/website/img/skins/collectible-4552.png"
    },
    {
        "id": "4553",
        "name": "Diamanten Operation Shattered Web-munt",
        "image": "https://raw.githubusercontent.com/Nereziel/cs2-WeaponPaints/main/website/img/skins/collectible-4553.png"
    },
    {
        "id": "4555",
        "name": "Katowice 2019-munt",
        "image": "https://raw.githubusercontent.com/Nereziel/cs2-WeaponPaints/main/website/img/skins/collectible-4555.png"
    },
    {
        "id": "4556",
        "name": "Zilveren Katowice 2019-munt",
        "image": "https://raw.githubusercontent.com/Nereziel/cs2-WeaponPaints/main/website/img/skins/collectible-4556.png"
    },
    {
        "id": "4557",
        "name": "Gouden Katowice 2019-munt",
        "image": "https://raw.githubusercontent.com/Nereziel/cs2-WeaponPaints/main/website/img/skins/collectible-4557.png"
    },
    {
        "id": "4558",
        "name": "Diamanten Katowice 2019-munt",
        "image": "https://raw.githubusercontent.com/Nereziel/cs2-WeaponPaints/main/website/img/skins/collectible-4558.png"
    },
    {
        "id": "4623",
        "name": "Berlin 2019-munt",
        "image": "https://raw.githubusercontent.com/Nereziel/cs2-WeaponPaints/main/website/img/skins/collectible-4623.png"
    },
    {
        "id": "4624",
        "name": "Berlin 2019 Silver Coin",
        "image": "https://raw.githubusercontent.com/Nereziel/cs2-WeaponPaints/main/website/img/skins/collectible-4624.png"
    },
    {
        "id": "4625",
        "name": "Berlin 2019 Gold Coin",
        "image": "https://raw.githubusercontent.com/Nereziel/cs2-WeaponPaints/main/website/img/skins/collectible-4625.png"
    },
    {
        "id": "4626",
        "name": "Diamanten Berlin 2019-munt",
        "image": "https://raw.githubusercontent.com/Nereziel/cs2-WeaponPaints/main/website/img/skins/collectible-4626.png"
    },
    {
        "id": "4674",
        "name": "Dienstmedaille 2020",
        "image": "https://raw.githubusercontent.com/Nereziel/cs2-WeaponPaints/main/website/img/skins/collectible-4674.png"
    },
    {
        "id": "4675",
        "name": "Dienstmedaille 2020",
        "image": "https://raw.githubusercontent.com/Nereziel/cs2-WeaponPaints/main/website/img/skins/collectible-4675.png"
    },
    {
        "id": "4676",
        "name": "Dienstmedaille 2020",
        "image": "https://raw.githubusercontent.com/Nereziel/cs2-WeaponPaints/main/website/img/skins/collectible-4676.png"
    },
    {
        "id": "4677",
        "name": "Dienstmedaille 2020",
        "image": "https://raw.githubusercontent.com/Nereziel/cs2-WeaponPaints/main/website/img/skins/collectible-4677.png"
    },
    {
        "id": "4678",
        "name": "Dienstmedaille 2020",
        "image": "https://raw.githubusercontent.com/Nereziel/cs2-WeaponPaints/main/website/img/skins/collectible-4678.png"
    },
    {
        "id": "4679",
        "name": "Dienstmedaille 2020",
        "image": "https://raw.githubusercontent.com/Nereziel/cs2-WeaponPaints/main/website/img/skins/collectible-4679.png"
    },
    {
        "id": "4682",
        "name": "Civil Protection-speld",
        "image": "https://raw.githubusercontent.com/Nereziel/cs2-WeaponPaints/main/website/img/skins/collectible-4682.png"
    },
    {
        "id": "4683",
        "name": "Sustenance!-speld",
        "image": "https://raw.githubusercontent.com/Nereziel/cs2-WeaponPaints/main/website/img/skins/collectible-4683.png"
    },
    {
        "id": "4684",
        "name": "Vortigaunt-speld",
        "image": "https://raw.githubusercontent.com/Nereziel/cs2-WeaponPaints/main/website/img/skins/collectible-4684.png"
    },
    {
        "id": "4685",
        "name": "Headcrab Glyph-speld",
        "image": "https://raw.githubusercontent.com/Nereziel/cs2-WeaponPaints/main/website/img/skins/collectible-4685.png"
    },
    {
        "id": "4686",
        "name": "Health-speld",
        "image": "https://raw.githubusercontent.com/Nereziel/cs2-WeaponPaints/main/website/img/skins/collectible-4686.png"
    },
    {
        "id": "4687",
        "name": "Lambda-speld",
        "image": "https://raw.githubusercontent.com/Nereziel/cs2-WeaponPaints/main/website/img/skins/collectible-4687.png"
    },
    {
        "id": "4688",
        "name": "Copper Lambda-speld",
        "image": "https://raw.githubusercontent.com/Nereziel/cs2-WeaponPaints/main/website/img/skins/collectible-4688.png"
    },
    {
        "id": "4689",
        "name": "CMB-speld",
        "image": "https://raw.githubusercontent.com/Nereziel/cs2-WeaponPaints/main/website/img/skins/collectible-4689.png"
    },
    {
        "id": "4690",
        "name": "Black Mesa-speld",
        "image": "https://raw.githubusercontent.com/Nereziel/cs2-WeaponPaints/main/website/img/skins/collectible-4690.png"
    },
    {
        "id": "4691",
        "name": "Combine Helmet-speld",
        "image": "https://raw.githubusercontent.com/Nereziel/cs2-WeaponPaints/main/website/img/skins/collectible-4691.png"
    },
    {
        "id": "4692",
        "name": "City 17-speld",
        "image": "https://raw.githubusercontent.com/Nereziel/cs2-WeaponPaints/main/website/img/skins/collectible-4692.png"
    },
    {
        "id": "4700",
        "name": "Operation Broken Fang-uitdagingsmunt",
        "image": "https://raw.githubusercontent.com/Nereziel/cs2-WeaponPaints/main/website/img/skins/collectible-4700.png"
    },
    {
        "id": "4701",
        "name": "Zilveren Operation Broken Fang-munt",
        "image": "https://raw.githubusercontent.com/Nereziel/cs2-WeaponPaints/main/website/img/skins/collectible-4701.png"
    },
    {
        "id": "4702",
        "name": "Gouden Operation Broken Fang-munt",
        "image": "https://raw.githubusercontent.com/Nereziel/cs2-WeaponPaints/main/website/img/skins/collectible-4702.png"
    },
    {
        "id": "4703",
        "name": "Diamanten Operation Broken Fang-munt",
        "image": "https://raw.githubusercontent.com/Nereziel/cs2-WeaponPaints/main/website/img/skins/collectible-4703.png"
    },
    {
        "id": "4737",
        "name": "Dienstmedaille 2021",
        "image": "https://raw.githubusercontent.com/Nereziel/cs2-WeaponPaints/main/website/img/skins/collectible-4737.png"
    },
    {
        "id": "4738",
        "name": "Dienstmedaille 2021",
        "image": "https://raw.githubusercontent.com/Nereziel/cs2-WeaponPaints/main/website/img/skins/collectible-4738.png"
    },
    {
        "id": "4739",
        "name": "Dienstmedaille 2021",
        "image": "https://raw.githubusercontent.com/Nereziel/cs2-WeaponPaints/main/website/img/skins/collectible-4739.png"
    },
    {
        "id": "4740",
        "name": "Dienstmedaille 2021",
        "image": "https://raw.githubusercontent.com/Nereziel/cs2-WeaponPaints/main/website/img/skins/collectible-4740.png"
    },
    {
        "id": "4741",
        "name": "Dienstmedaille 2021",
        "image": "https://raw.githubusercontent.com/Nereziel/cs2-WeaponPaints/main/website/img/skins/collectible-4741.png"
    },
    {
        "id": "4742",
        "name": "Dienstmedaille 2021",
        "image": "https://raw.githubusercontent.com/Nereziel/cs2-WeaponPaints/main/website/img/skins/collectible-4742.png"
    },
    {
        "id": "4759",
        "name": "Operation Riptide-uitdagingsmunt",
        "image": "https://raw.githubusercontent.com/Nereziel/cs2-WeaponPaints/main/website/img/skins/collectible-4759.png"
    },
    {
        "id": "4760",
        "name": "Zilveren Operation Riptide-munt",
        "image": "https://raw.githubusercontent.com/Nereziel/cs2-WeaponPaints/main/website/img/skins/collectible-4760.png"
    },
    {
        "id": "4761",
        "name": "Gouden Operation Riptide-munt",
        "image": "https://raw.githubusercontent.com/Nereziel/cs2-WeaponPaints/main/website/img/skins/collectible-4761.png"
    },
    {
        "id": "4762",
        "name": "Diamanten Operation Riptide-munt",
        "image": "https://raw.githubusercontent.com/Nereziel/cs2-WeaponPaints/main/website/img/skins/collectible-4762.png"
    },
    {
        "id": "4797",
        "name": "Stockholm 2021-munt",
        "image": "https://raw.githubusercontent.com/Nereziel/cs2-WeaponPaints/main/website/img/skins/collectible-4797.png"
    },
    {
        "id": "4798",
        "name": "Zilveren Stockholm 2021-munt",
        "image": "https://raw.githubusercontent.com/Nereziel/cs2-WeaponPaints/main/website/img/skins/collectible-4798.png"
    },
    {
        "id": "4799",
        "name": "Gouden Stockholm 2021-munt",
        "image": "https://raw.githubusercontent.com/Nereziel/cs2-WeaponPaints/main/website/img/skins/collectible-4799.png"
    },
    {
        "id": "4800",
        "name": "Diamanten Stockholm 2021-munt",
        "image": "https://raw.githubusercontent.com/Nereziel/cs2-WeaponPaints/main/website/img/skins/collectible-4800.png"
    },
    {
        "id": "4819",
        "name": "Dienstmedaille 2022",
        "image": "https://raw.githubusercontent.com/Nereziel/cs2-WeaponPaints/main/website/img/skins/collectible-4819.png"
    },
    {
        "id": "4820",
        "name": "Dienstmedaille 2022",
        "image": "https://raw.githubusercontent.com/Nereziel/cs2-WeaponPaints/main/website/img/skins/collectible-4820.png"
    },
    {
        "id": "4821",
        "name": "Dienstmedaille 2022",
        "image": "https://raw.githubusercontent.com/Nereziel/cs2-WeaponPaints/main/website/img/skins/collectible-4821.png"
    },
    {
        "id": "4822",
        "name": "Dienstmedaille 2022",
        "image": "https://raw.githubusercontent.com/Nereziel/cs2-WeaponPaints/main/website/img/skins/collectible-4822.png"
    },
    {
        "id": "4823",
        "name": "Dienstmedaille 2022",
        "image": "https://raw.githubusercontent.com/Nereziel/cs2-WeaponPaints/main/website/img/skins/collectible-4823.png"
    },
    {
        "id": "4824",
        "name": "Dienstmedaille 2022",
        "image": "https://raw.githubusercontent.com/Nereziel/cs2-WeaponPaints/main/website/img/skins/collectible-4824.png"
    },
    {
        "id": "4826",
        "name": "Antwerp 2022 Coin",
        "image": "https://raw.githubusercontent.com/Nereziel/cs2-WeaponPaints/main/website/img/skins/collectible-4826.png"
    },
    {
        "id": "4827",
        "name": "Antwerp 2022 Silver Coin",
        "image": "https://raw.githubusercontent.com/Nereziel/cs2-WeaponPaints/main/website/img/skins/collectible-4827.png"
    },
    {
        "id": "4828",
        "name": "Antwerp 2022 Gold Coin",
        "image": "https://raw.githubusercontent.com/Nereziel/cs2-WeaponPaints/main/website/img/skins/collectible-4828.png"
    },
    {
        "id": "4829",
        "name": "Antwerp 2022 Diamond Coin",
        "image": "https://raw.githubusercontent.com/Nereziel/cs2-WeaponPaints/main/website/img/skins/collectible-4829.png"
    },
    {
        "id": "4851",
        "name": "Rio 2022 Coin",
        "image": "https://raw.githubusercontent.com/Nereziel/cs2-WeaponPaints/main/website/img/skins/collectible-4851.png"
    },
    {
        "id": "4852",
        "name": "Rio 2022 Silver Coin",
        "image": "https://raw.githubusercontent.com/Nereziel/cs2-WeaponPaints/main/website/img/skins/collectible-4852.png"
    },
    {
        "id": "4853",
        "name": "Rio 2022 Gold Coin",
        "image": "https://raw.githubusercontent.com/Nereziel/cs2-WeaponPaints/main/website/img/skins/collectible-4853.png"
    },
    {
        "id": "4854",
        "name": "Rio 2022 Diamond Coin",
        "image": "https://raw.githubusercontent.com/Nereziel/cs2-WeaponPaints/main/website/img/skins/collectible-4854.png"
    },
    {
        "id": "4873",
        "name": "Dienstmedaille 2023",
        "image": "https://raw.githubusercontent.com/Nereziel/cs2-WeaponPaints/main/website/img/skins/collectible-4873.png"
    },
    {
        "id": "4874",
        "name": "Dienstmedaille 2023",
        "image": "https://raw.githubusercontent.com/Nereziel/cs2-WeaponPaints/main/website/img/skins/collectible-4874.png"
    },
    {
        "id": "4875",
        "name": "Dienstmedaille 2023",
        "image": "https://raw.githubusercontent.com/Nereziel/cs2-WeaponPaints/main/website/img/skins/collectible-4875.png"
    },
    {
        "id": "4876",
        "name": "Dienstmedaille 2023",
        "image": "https://raw.githubusercontent.com/Nereziel/cs2-WeaponPaints/main/website/img/skins/collectible-4876.png"
    },
    {
        "id": "4877",
        "name": "Dienstmedaille 2023",
        "image": "https://raw.githubusercontent.com/Nereziel/cs2-WeaponPaints/main/website/img/skins/collectible-4877.png"
    },
    {
        "id": "4878",
        "name": "Dienstmedaille 2023",
        "image": "https://raw.githubusercontent.com/Nereziel/cs2-WeaponPaints/main/website/img/skins/collectible-4878.png"
    },
    {
        "id": "4884",
        "name": "Paris 2023 Coin",
        "image": "https://raw.githubusercontent.com/Nereziel/cs2-WeaponPaints/main/website/img/skins/collectible-4884.png"
    },
    {
        "id": "4885",
        "name": "Paris 2023 Silver Coin",
        "image": "https://raw.githubusercontent.com/Nereziel/cs2-WeaponPaints/main/website/img/skins/collectible-4885.png"
    },
    {
        "id": "4886",
        "name": "Paris 2023 Gold Coin",
        "image": "https://raw.githubusercontent.com/Nereziel/cs2-WeaponPaints/main/website/img/skins/collectible-4886.png"
    },
    {
        "id": "4887",
        "name": "Paris 2023 Diamond Coin",
        "image": "https://raw.githubusercontent.com/Nereziel/cs2-WeaponPaints/main/website/img/skins/collectible-4887.png"
    },
    {
        "id": "4906",
        "name": "Dienstmedaille 2024",
        "image": "https://raw.githubusercontent.com/Nereziel/cs2-WeaponPaints/main/website/img/skins/collectible-4906.png"
    },
    {
        "id": "4907",
        "name": "Dienstmedaille 2024",
        "image": "https://raw.githubusercontent.com/Nereziel/cs2-WeaponPaints/main/website/img/skins/collectible-4907.png"
    },
    {
        "id": "4908",
        "name": "Dienstmedaille 2024",
        "image": "https://raw.githubusercontent.com/Nereziel/cs2-WeaponPaints/main/website/img/skins/collectible-4908.png"
    },
    {
        "id": "4909",
        "name": "Dienstmedaille 2024",
        "image": "https://raw.githubusercontent.com/Nereziel/cs2-WeaponPaints/main/website/img/skins/collectible-4909.png"
    },
    {
        "id": "4910",
        "name": "Dienstmedaille 2024",
        "image": "https://raw.githubusercontent.com/Nereziel/cs2-WeaponPaints/main/website/img/skins/collectible-4910.png"
    },
    {
        "id": "4911",
        "name": "Dienstmedaille 2024",
        "image": "https://raw.githubusercontent.com/Nereziel/cs2-WeaponPaints/main/website/img/skins/collectible-4911.png"
    },
    {
        "id": "4917",
        "name": "Copenhagen 2024 Coin",
        "image": "https://raw.githubusercontent.com/Nereziel/cs2-WeaponPaints/main/website/img/skins/collectible-4917.png"
    },
    {
        "id": "4918",
        "name": "Copenhagen 2024 Silver Coin",
        "image": "https://raw.githubusercontent.com/Nereziel/cs2-WeaponPaints/main/website/img/skins/collectible-4918.png"
    },
    {
        "id": "4919",
        "name": "Copenhagen 2024 Gold Coin",
        "image": "https://raw.githubusercontent.com/Nereziel/cs2-WeaponPaints/main/website/img/skins/collectible-4919.png"
    },
    {
        "id": "4920",
        "name": "Copenhagen 2024 Diamond Coin",
        "image": "https://raw.githubusercontent.com/Nereziel/cs2-WeaponPaints/main/website/img/skins/collectible-4920.png"
    },
    {
        "id": "4933",
        "name": "Kampioen van PGL Copenhagen 2024",
        "image": "https://raw.githubusercontent.com/Nereziel/cs2-WeaponPaints/main/website/img/skins/collectible-4933.png"
    },
    {
        "id": "4934",
        "name": "Finalist van PGL Copenhagen 2024",
        "image": "https://raw.githubusercontent.com/Nereziel/cs2-WeaponPaints/main/website/img/skins/collectible-4934.png"
    },
    {
        "id": "4935",
        "name": "Halvefinalist van PGL Copenhagen 2024",
        "image": "https://raw.githubusercontent.com/Nereziel/cs2-WeaponPaints/main/website/img/skins/collectible-4935.png"
    },
    {
        "id": "4936",
        "name": "Kwartfinalist van PGL Copenhagen 2024",
        "image": "https://raw.githubusercontent.com/Nereziel/cs2-WeaponPaints/main/website/img/skins/collectible-4936.png"
    },
    {
        "id": "4941",
        "name": "Thera-mapmunt",
        "image": "https://raw.githubusercontent.com/Nereziel/cs2-WeaponPaints/main/website/img/skins/collectible-4941.png"
    },
    {
        "id": "4942",
        "name": "Mills-mapmunt",
        "image": "https://raw.githubusercontent.com/Nereziel/cs2-WeaponPaints/main/website/img/skins/collectible-4942.png"
    },
    {
        "id": "4943",
        "name": "Assembly-mapmunt",
        "image": "https://raw.githubusercontent.com/Nereziel/cs2-WeaponPaints/main/website/img/skins/collectible-4943.png"
    },
    {
        "id": "4944",
        "name": "Memento-mapmunt",
        "image": "https://raw.githubusercontent.com/Nereziel/cs2-WeaponPaints/main/website/img/skins/collectible-4944.png"
    },
    {
        "id": "4945",
        "name": "Pool Day-mapmunt",
        "image": "https://raw.githubusercontent.com/Nereziel/cs2-WeaponPaints/main/website/img/skins/collectible-4945.png"
    },
    {
        "id": "6001",
        "name": "Authentiek Dust II-speld",
        "image": "https://raw.githubusercontent.com/Nereziel/cs2-WeaponPaints/main/website/img/skins/collectible-6001.png"
    },
    {
        "id": "6002",
        "name": "Authentiek Guardian Elite-speld",
        "image": "https://raw.githubusercontent.com/Nereziel/cs2-WeaponPaints/main/website/img/skins/collectible-6002.png"
    },
    {
        "id": "6003",
        "name": "Authentiek Mirage-speld",
        "image": "https://raw.githubusercontent.com/Nereziel/cs2-WeaponPaints/main/website/img/skins/collectible-6003.png"
    },
    {
        "id": "6004",
        "name": "Authentiek Inferno-speld",
        "image": "https://raw.githubusercontent.com/Nereziel/cs2-WeaponPaints/main/website/img/skins/collectible-6004.png"
    },
    {
        "id": "6005",
        "name": "Authentiek Italy-speld",
        "image": "https://raw.githubusercontent.com/Nereziel/cs2-WeaponPaints/main/website/img/skins/collectible-6005.png"
    },
    {
        "id": "6006",
        "name": "Authentiek Victory-speld",
        "image": "https://raw.githubusercontent.com/Nereziel/cs2-WeaponPaints/main/website/img/skins/collectible-6006.png"
    },
    {
        "id": "6007",
        "name": "Authentiek Militia-speld",
        "image": "https://raw.githubusercontent.com/Nereziel/cs2-WeaponPaints/main/website/img/skins/collectible-6007.png"
    },
    {
        "id": "6008",
        "name": "Authentiek Nuke-speld",
        "image": "https://raw.githubusercontent.com/Nereziel/cs2-WeaponPaints/main/website/img/skins/collectible-6008.png"
    },
    {
        "id": "6009",
        "name": "Authentiek Train-speld",
        "image": "https://raw.githubusercontent.com/Nereziel/cs2-WeaponPaints/main/website/img/skins/collectible-6009.png"
    },
    {
        "id": "6010",
        "name": "Authentiek Guardian-speld",
        "image": "https://raw.githubusercontent.com/Nereziel/cs2-WeaponPaints/main/website/img/skins/collectible-6010.png"
    },
    {
        "id": "6011",
        "name": "Authentiek Tactics-speld",
        "image": "https://raw.githubusercontent.com/Nereziel/cs2-WeaponPaints/main/website/img/skins/collectible-6011.png"
    },
    {
        "id": "6012",
        "name": "Authentiek Guardian 2-speld",
        "image": "https://raw.githubusercontent.com/Nereziel/cs2-WeaponPaints/main/website/img/skins/collectible-6012.png"
    },
    {
        "id": "6013",
        "name": "Authentiek Bravo-speld",
        "image": "https://raw.githubusercontent.com/Nereziel/cs2-WeaponPaints/main/website/img/skins/collectible-6013.png"
    },
    {
        "id": "6014",
        "name": "Authentiek Baggage-speld",
        "image": "https://raw.githubusercontent.com/Nereziel/cs2-WeaponPaints/main/website/img/skins/collectible-6014.png"
    },
    {
        "id": "6015",
        "name": "Authentiek Phoenix-speld",
        "image": "https://raw.githubusercontent.com/Nereziel/cs2-WeaponPaints/main/website/img/skins/collectible-6015.png"
    },
    {
        "id": "6016",
        "name": "Authentiek Office-speld",
        "image": "https://raw.githubusercontent.com/Nereziel/cs2-WeaponPaints/main/website/img/skins/collectible-6016.png"
    },
    {
        "id": "6017",
        "name": "Authentiek Cobblestone-speld",
        "image": "https://raw.githubusercontent.com/Nereziel/cs2-WeaponPaints/main/website/img/skins/collectible-6017.png"
    },
    {
        "id": "6018",
        "name": "Authentiek Overpass-speld",
        "image": "https://raw.githubusercontent.com/Nereziel/cs2-WeaponPaints/main/website/img/skins/collectible-6018.png"
    },
    {
        "id": "6019",
        "name": "Authentiek Bloodhound-speld",
        "image": "https://raw.githubusercontent.com/Nereziel/cs2-WeaponPaints/main/website/img/skins/collectible-6019.png"
    },
    {
        "id": "6020",
        "name": "Authentiek Cache-speld",
        "image": "https://raw.githubusercontent.com/Nereziel/cs2-WeaponPaints/main/website/img/skins/collectible-6020.png"
    },
    {
        "id": "6021",
        "name": "Authentiek Valeria Phoenix-speld",
        "image": "https://raw.githubusercontent.com/Nereziel/cs2-WeaponPaints/main/website/img/skins/collectible-6021.png"
    },
    {
        "id": "6022",
        "name": "Authentiek Chroma-speld",
        "image": "https://raw.githubusercontent.com/Nereziel/cs2-WeaponPaints/main/website/img/skins/collectible-6022.png"
    },
    {
        "id": "6023",
        "name": "Authentiek Guardian 3-speld",
        "image": "https://raw.githubusercontent.com/Nereziel/cs2-WeaponPaints/main/website/img/skins/collectible-6023.png"
    },
    {
        "id": "6024",
        "name": "Authentiek Canals-speld",
        "image": "https://raw.githubusercontent.com/Nereziel/cs2-WeaponPaints/main/website/img/skins/collectible-6024.png"
    },
    {
        "id": "6025",
        "name": "Authentiek Welcome to the Clutch-speld",
        "image": "https://raw.githubusercontent.com/Nereziel/cs2-WeaponPaints/main/website/img/skins/collectible-6025.png"
    },
    {
        "id": "6026",
        "name": "Authentiek Death Sentence-speld",
        "image": "https://raw.githubusercontent.com/Nereziel/cs2-WeaponPaints/main/website/img/skins/collectible-6026.png"
    },
    {
        "id": "6027",
        "name": "Authentiek Inferno 2-speld",
        "image": "https://raw.githubusercontent.com/Nereziel/cs2-WeaponPaints/main/website/img/skins/collectible-6027.png"
    },
    {
        "id": "6028",
        "name": "Authentiek Wildfire-speld",
        "image": "https://raw.githubusercontent.com/Nereziel/cs2-WeaponPaints/main/website/img/skins/collectible-6028.png"
    },
    {
        "id": "6029",
        "name": "Authentiek Easy Peasy-speld",
        "image": "https://raw.githubusercontent.com/Nereziel/cs2-WeaponPaints/main/website/img/skins/collectible-6029.png"
    },
    {
        "id": "6030",
        "name": "Authentiek Aces High-speld",
        "image": "https://raw.githubusercontent.com/Nereziel/cs2-WeaponPaints/main/website/img/skins/collectible-6030.png"
    },
    {
        "id": "6031",
        "name": "Authentiek Hydra-speld",
        "image": "https://raw.githubusercontent.com/Nereziel/cs2-WeaponPaints/main/website/img/skins/collectible-6031.png"
    },
    {
        "id": "6032",
        "name": "Authentiek Howl-speld",
        "image": "https://raw.githubusercontent.com/Nereziel/cs2-WeaponPaints/main/website/img/skins/collectible-6032.png"
    },
    {
        "id": "6033",
        "name": "Authentiek Brigadier General-speld",
        "image": "https://raw.githubusercontent.com/Nereziel/cs2-WeaponPaints/main/website/img/skins/collectible-6033.png"
    },
    {
        "id": "6034",
        "name": "Authentiek Alyx-speld",
        "image": "https://raw.githubusercontent.com/Nereziel/cs2-WeaponPaints/main/website/img/skins/collectible-6034.png"
    },
    {
        "id": "6101",
        "name": "Dust II-speld",
        "image": "https://raw.githubusercontent.com/Nereziel/cs2-WeaponPaints/main/website/img/skins/collectible-6101.png"
    },
    {
        "id": "6102",
        "name": "Guardian Elite-speld",
        "image": "https://raw.githubusercontent.com/Nereziel/cs2-WeaponPaints/main/website/img/skins/collectible-6102.png"
    },
    {
        "id": "6103",
        "name": "Mirage-speld",
        "image": "https://raw.githubusercontent.com/Nereziel/cs2-WeaponPaints/main/website/img/skins/collectible-6103.png"
    },
    {
        "id": "6104",
        "name": "Inferno-speld",
        "image": "https://raw.githubusercontent.com/Nereziel/cs2-WeaponPaints/main/website/img/skins/collectible-6104.png"
    },
    {
        "id": "6105",
        "name": "Italy-speld",
        "image": "https://raw.githubusercontent.com/Nereziel/cs2-WeaponPaints/main/website/img/skins/collectible-6105.png"
    },
    {
        "id": "6106",
        "name": "Victory-speld",
        "image": "https://raw.githubusercontent.com/Nereziel/cs2-WeaponPaints/main/website/img/skins/collectible-6106.png"
    },
    {
        "id": "6107",
        "name": "Militia-speld",
        "image": "https://raw.githubusercontent.com/Nereziel/cs2-WeaponPaints/main/website/img/skins/collectible-6107.png"
    },
    {
        "id": "6108",
        "name": "Nuke-speld",
        "image": "https://raw.githubusercontent.com/Nereziel/cs2-WeaponPaints/main/website/img/skins/collectible-6108.png"
    },
    {
        "id": "6109",
        "name": "Train-speld",
        "image": "https://raw.githubusercontent.com/Nereziel/cs2-WeaponPaints/main/website/img/skins/collectible-6109.png"
    },
    {
        "id": "6110",
        "name": "Guardian-speld",
        "image": "https://raw.githubusercontent.com/Nereziel/cs2-WeaponPaints/main/website/img/skins/collectible-6110.png"
    },
    {
        "id": "6111",
        "name": "Tactics-speld",
        "image": "https://raw.githubusercontent.com/Nereziel/cs2-WeaponPaints/main/website/img/skins/collectible-6111.png"
    },
    {
        "id": "6112",
        "name": "Guardian 2-speld",
        "image": "https://raw.githubusercontent.com/Nereziel/cs2-WeaponPaints/main/website/img/skins/collectible-6112.png"
    },
    {
        "id": "6113",
        "name": "Bravo-speld",
        "image": "https://raw.githubusercontent.com/Nereziel/cs2-WeaponPaints/main/website/img/skins/collectible-6113.png"
    },
    {
        "id": "6114",
        "name": "Baggage-speld",
        "image": "https://raw.githubusercontent.com/Nereziel/cs2-WeaponPaints/main/website/img/skins/collectible-6114.png"
    },
    {
        "id": "6115",
        "name": "Phoenix-speld",
        "image": "https://raw.githubusercontent.com/Nereziel/cs2-WeaponPaints/main/website/img/skins/collectible-6115.png"
    },
    {
        "id": "6116",
        "name": "Office-speld",
        "image": "https://raw.githubusercontent.com/Nereziel/cs2-WeaponPaints/main/website/img/skins/collectible-6116.png"
    },
    {
        "id": "6117",
        "name": "Cobblestone-speld",
        "image": "https://raw.githubusercontent.com/Nereziel/cs2-WeaponPaints/main/website/img/skins/collectible-6117.png"
    },
    {
        "id": "6118",
        "name": "Overpass-speld",
        "image": "https://raw.githubusercontent.com/Nereziel/cs2-WeaponPaints/main/website/img/skins/collectible-6118.png"
    },
    {
        "id": "6119",
        "name": "Bloodhound-speld",
        "image": "https://raw.githubusercontent.com/Nereziel/cs2-WeaponPaints/main/website/img/skins/collectible-6119.png"
    },
    {
        "id": "6120",
        "name": "Cache-speld",
        "image": "https://raw.githubusercontent.com/Nereziel/cs2-WeaponPaints/main/website/img/skins/collectible-6120.png"
    },
    {
        "id": "6121",
        "name": "Valeria Phoenix-speld",
        "image": "https://raw.githubusercontent.com/Nereziel/cs2-WeaponPaints/main/website/img/skins/collectible-6121.png"
    },
    {
        "id": "6122",
        "name": "Chroma-speld",
        "image": "https://raw.githubusercontent.com/Nereziel/cs2-WeaponPaints/main/website/img/skins/collectible-6122.png"
    },
    {
        "id": "6123",
        "name": "Guardian 3-speld",
        "image": "https://raw.githubusercontent.com/Nereziel/cs2-WeaponPaints/main/website/img/skins/collectible-6123.png"
    },
    {
        "id": "6124",
        "name": "Canals-speld",
        "image": "https://raw.githubusercontent.com/Nereziel/cs2-WeaponPaints/main/website/img/skins/collectible-6124.png"
    },
    {
        "id": "6125",
        "name": "Welcome to the Clutch-speld",
        "image": "https://raw.githubusercontent.com/Nereziel/cs2-WeaponPaints/main/website/img/skins/collectible-6125.png"
    },
    {
        "id": "6126",
        "name": "Death Sentence-speld",
        "image": "https://raw.githubusercontent.com/Nereziel/cs2-WeaponPaints/main/website/img/skins/collectible-6126.png"
    },
    {
        "id": "6127",
        "name": "Inferno 2-speld",
        "image": "https://raw.githubusercontent.com/Nereziel/cs2-WeaponPaints/main/website/img/skins/collectible-6127.png"
    },
    {
        "id": "6128",
        "name": "Wildfire-speld",
        "image": "https://raw.githubusercontent.com/Nereziel/cs2-WeaponPaints/main/website/img/skins/collectible-6128.png"
    },
    {
        "id": "6129",
        "name": "Easy Peasy-speld",
        "image": "https://raw.githubusercontent.com/Nereziel/cs2-WeaponPaints/main/website/img/skins/collectible-6129.png"
    },
    {
        "id": "6130",
        "name": "Aces High-speld",
        "image": "https://raw.githubusercontent.com/Nereziel/cs2-WeaponPaints/main/website/img/skins/collectible-6130.png"
    },
    {
        "id": "6131",
        "name": "Hydra-speld",
        "image": "https://raw.githubusercontent.com/Nereziel/cs2-WeaponPaints/main/website/img/skins/collectible-6131.png"
    },
    {
        "id": "6132",
        "name": "Howl-speld",
        "image": "https://raw.githubusercontent.com/Nereziel/cs2-WeaponPaints/main/website/img/skins/collectible-6132.png"
    },
    {
        "id": "6133",
        "name": "Brigadier General-speld",
        "image": "https://raw.githubusercontent.com/Nereziel/cs2-WeaponPaints/main/website/img/skins/collectible-6133.png"
    },
    {
        "id": "6134",
        "name": "Alyx-speld",
        "image": "https://raw.githubusercontent.com/Nereziel/cs2-WeaponPaints/main/website/img/skins/collectible-6134.png"
    }
]