[
    {
        "id": "875",
        "name": "DreamHack 2013 的冠軍",
        "image": "https://raw.githubusercontent.com/Nereziel/cs2-WeaponPaints/main/website/img/skins/collectible-875.png"
    },
    {
        "id": "876",
        "name": "DreamHack 2013 的決賽選手",
        "image": "https://raw.githubusercontent.com/Nereziel/cs2-WeaponPaints/main/website/img/skins/collectible-876.png"
    },
    {
        "id": "877",
        "name": "DreamHack 2013 的準決賽選手",
        "image": "https://raw.githubusercontent.com/Nereziel/cs2-WeaponPaints/main/website/img/skins/collectible-877.png"
    },
    {
        "id": "878",
        "name": "DreamHack 2013 前八強",
        "image": "https://raw.githubusercontent.com/Nereziel/cs2-WeaponPaints/main/website/img/skins/collectible-878.png"
    },
    {
        "id": "879",
        "name": "EMS One Katowice 2014 的冠軍",
        "image": "https://raw.githubusercontent.com/Nereziel/cs2-WeaponPaints/main/website/img/skins/collectible-879.png"
    },
    {
        "id": "880",
        "name": "EMS One Katowice 2014 的決賽選手",
        "image": "https://raw.githubusercontent.com/Nereziel/cs2-WeaponPaints/main/website/img/skins/collectible-880.png"
    },
    {
        "id": "881",
        "name": "EMS One Katowice 2014 的準決賽選手",
        "image": "https://raw.githubusercontent.com/Nereziel/cs2-WeaponPaints/main/website/img/skins/collectible-881.png"
    },
    {
        "id": "882",
        "name": "EMS One Katowice 2014 前八強",
        "image": "https://raw.githubusercontent.com/Nereziel/cs2-WeaponPaints/main/website/img/skins/collectible-882.png"
    },
    {
        "id": "883",
        "name": "ESL One Cologne 2014 的冠軍",
        "image": "https://raw.githubusercontent.com/Nereziel/cs2-WeaponPaints/main/website/img/skins/collectible-883.png"
    },
    {
        "id": "884",
        "name": "ESL One Cologne 2014  的決賽選手",
        "image": "https://raw.githubusercontent.com/Nereziel/cs2-WeaponPaints/main/website/img/skins/collectible-884.png"
    },
    {
        "id": "885",
        "name": "ESL One Cologne 2014 的準決賽選手",
        "image": "https://raw.githubusercontent.com/Nereziel/cs2-WeaponPaints/main/website/img/skins/collectible-885.png"
    },
    {
        "id": "886",
        "name": "ESL One Cologne 2014 前八強",
        "image": "https://raw.githubusercontent.com/Nereziel/cs2-WeaponPaints/main/website/img/skins/collectible-886.png"
    },
    {
        "id": "887",
        "name": "銅牌 Cologne 2014 投注挑戰盃",
        "image": "https://raw.githubusercontent.com/Nereziel/cs2-WeaponPaints/main/website/img/skins/collectible-887.png"
    },
    {
        "id": "888",
        "name": "銀牌 Cologne 2014 投注挑戰盃",
        "image": "https://raw.githubusercontent.com/Nereziel/cs2-WeaponPaints/main/website/img/skins/collectible-888.png"
    },
    {
        "id": "889",
        "name": "金牌 Cologne 2014 投注挑戰盃",
        "image": "https://raw.githubusercontent.com/Nereziel/cs2-WeaponPaints/main/website/img/skins/collectible-889.png"
    },
    {
        "id": "890",
        "name": "DreamHack Winter 2014 冠軍",
        "image": "https://raw.githubusercontent.com/Nereziel/cs2-WeaponPaints/main/website/img/skins/collectible-890.png"
    },
    {
        "id": "891",
        "name": "DreamHack Winter 2014 的決賽選手",
        "image": "https://raw.githubusercontent.com/Nereziel/cs2-WeaponPaints/main/website/img/skins/collectible-891.png"
    },
    {
        "id": "892",
        "name": "DreamHack Winter 2014 的準決賽選手",
        "image": "https://raw.githubusercontent.com/Nereziel/cs2-WeaponPaints/main/website/img/skins/collectible-892.png"
    },
    {
        "id": "893",
        "name": "DreamHack Winter 2014 前八強",
        "image": "https://raw.githubusercontent.com/Nereziel/cs2-WeaponPaints/main/website/img/skins/collectible-893.png"
    },
    {
        "id": "894",
        "name": "銅牌 DreamHack 2014 投注挑戰盃",
        "image": "https://raw.githubusercontent.com/Nereziel/cs2-WeaponPaints/main/website/img/skins/collectible-894.png"
    },
    {
        "id": "895",
        "name": "銀牌 DreamHack 2014 投注挑戰盃",
        "image": "https://raw.githubusercontent.com/Nereziel/cs2-WeaponPaints/main/website/img/skins/collectible-895.png"
    },
    {
        "id": "896",
        "name": "金牌 DreamHack 2014 投注挑戰盃",
        "image": "https://raw.githubusercontent.com/Nereziel/cs2-WeaponPaints/main/website/img/skins/collectible-896.png"
    },
    {
        "id": "897",
        "name": "ESL One Katowice 2015 的冠軍",
        "image": "https://raw.githubusercontent.com/Nereziel/cs2-WeaponPaints/main/website/img/skins/collectible-897.png"
    },
    {
        "id": "898",
        "name": "ESL One Katowice 2015 決賽選手",
        "image": "https://raw.githubusercontent.com/Nereziel/cs2-WeaponPaints/main/website/img/skins/collectible-898.png"
    },
    {
        "id": "899",
        "name": "ESL One Katowice 2015 半決賽選手",
        "image": "https://raw.githubusercontent.com/Nereziel/cs2-WeaponPaints/main/website/img/skins/collectible-899.png"
    },
    {
        "id": "900",
        "name": "ESL One Katowice 2015 前八強決賽選手",
        "image": "https://raw.githubusercontent.com/Nereziel/cs2-WeaponPaints/main/website/img/skins/collectible-900.png"
    },
    {
        "id": "901",
        "name": "銅牌 Katowice 2015 投注挑戰盃",
        "image": "https://raw.githubusercontent.com/Nereziel/cs2-WeaponPaints/main/website/img/skins/collectible-901.png"
    },
    {
        "id": "902",
        "name": "銀牌 Katowice 2015 投注挑戰盃",
        "image": "https://raw.githubusercontent.com/Nereziel/cs2-WeaponPaints/main/website/img/skins/collectible-902.png"
    },
    {
        "id": "903",
        "name": "金牌 Katowice 2015 投注挑戰盃",
        "image": "https://raw.githubusercontent.com/Nereziel/cs2-WeaponPaints/main/website/img/skins/collectible-903.png"
    },
    {
        "id": "904",
        "name": "ESL One Cologne 2015 的冠軍",
        "image": "https://raw.githubusercontent.com/Nereziel/cs2-WeaponPaints/main/website/img/skins/collectible-904.png"
    },
    {
        "id": "905",
        "name": "ESL One Cologne 2015 的決賽選手",
        "image": "https://raw.githubusercontent.com/Nereziel/cs2-WeaponPaints/main/website/img/skins/collectible-905.png"
    },
    {
        "id": "906",
        "name": "ESL One Cologne 2015 的準決賽選手",
        "image": "https://raw.githubusercontent.com/Nereziel/cs2-WeaponPaints/main/website/img/skins/collectible-906.png"
    },
    {
        "id": "907",
        "name": "ESL One Cologne 2015 前八強決賽選手",
        "image": "https://raw.githubusercontent.com/Nereziel/cs2-WeaponPaints/main/website/img/skins/collectible-907.png"
    },
    {
        "id": "908",
        "name": "銅牌 Cologne 2015 投注挑戰盃",
        "image": "https://raw.githubusercontent.com/Nereziel/cs2-WeaponPaints/main/website/img/skins/collectible-908.png"
    },
    {
        "id": "909",
        "name": "銀牌 Cologne 2015 投注挑戰盃",
        "image": "https://raw.githubusercontent.com/Nereziel/cs2-WeaponPaints/main/website/img/skins/collectible-909.png"
    },
    {
        "id": "910",
        "name": "金牌 Cologne 2015 投注挑戰盃",
        "image": "https://raw.githubusercontent.com/Nereziel/cs2-WeaponPaints/main/website/img/skins/collectible-910.png"
    },
    {
        "id": "911",
        "name": "銅牌 Cluj-Napoca 2015 投注挑戰盃",
        "image": "https://raw.githubusercontent.com/Nereziel/cs2-WeaponPaints/main/website/img/skins/collectible-911.png"
    },
    {
        "id": "912",
        "name": "銀牌 Cluj-Napoca 2015 投注挑戰盃",
        "image": "https://raw.githubusercontent.com/Nereziel/cs2-WeaponPaints/main/website/img/skins/collectible-912.png"
    },
    {
        "id": "913",
        "name": "金牌 Cluj-Napoca 2015 投注挑戰盃",
        "image": "https://raw.githubusercontent.com/Nereziel/cs2-WeaponPaints/main/website/img/skins/collectible-913.png"
    },
    {
        "id": "914",
        "name": "銅牌 Cluj-Napoca 2015 夢幻隊伍挑戰盃",
        "image": "https://raw.githubusercontent.com/Nereziel/cs2-WeaponPaints/main/website/img/skins/collectible-914.png"
    },
    {
        "id": "915",
        "name": "銀牌 Cluj-Napoca 2015 夢幻隊伍挑戰盃",
        "image": "https://raw.githubusercontent.com/Nereziel/cs2-WeaponPaints/main/website/img/skins/collectible-915.png"
    },
    {
        "id": "916",
        "name": "金牌 Cluj-Napoca 2015 夢幻隊伍挑戰盃",
        "image": "https://raw.githubusercontent.com/Nereziel/cs2-WeaponPaints/main/website/img/skins/collectible-916.png"
    },
    {
        "id": "917",
        "name": "DreamHack Cluj-Napoca 2015 冠軍",
        "image": "https://raw.githubusercontent.com/Nereziel/cs2-WeaponPaints/main/website/img/skins/collectible-917.png"
    },
    {
        "id": "918",
        "name": "DreamHack Cluj-Napoca 2015 的決賽選手",
        "image": "https://raw.githubusercontent.com/Nereziel/cs2-WeaponPaints/main/website/img/skins/collectible-918.png"
    },
    {
        "id": "919",
        "name": "DreamHack Cluj-Napoca 2015 的準決賽選手",
        "image": "https://raw.githubusercontent.com/Nereziel/cs2-WeaponPaints/main/website/img/skins/collectible-919.png"
    },
    {
        "id": "920",
        "name": "DreamHack Cluj-Napoca 2015 前八強決賽選手",
        "image": "https://raw.githubusercontent.com/Nereziel/cs2-WeaponPaints/main/website/img/skins/collectible-920.png"
    },
    {
        "id": "921",
        "name": "銅牌 Columbus 2016 投注挑戰盃",
        "image": "https://raw.githubusercontent.com/Nereziel/cs2-WeaponPaints/main/website/img/skins/collectible-921.png"
    },
    {
        "id": "922",
        "name": "銀牌 Columbus 2016 投注挑戰盃",
        "image": "https://raw.githubusercontent.com/Nereziel/cs2-WeaponPaints/main/website/img/skins/collectible-922.png"
    },
    {
        "id": "923",
        "name": "金牌 Columbus 2016 投注挑戰盃",
        "image": "https://raw.githubusercontent.com/Nereziel/cs2-WeaponPaints/main/website/img/skins/collectible-923.png"
    },
    {
        "id": "924",
        "name": "銅牌 Columbus 2016 夢幻隊伍挑戰盃",
        "image": "https://raw.githubusercontent.com/Nereziel/cs2-WeaponPaints/main/website/img/skins/collectible-924.png"
    },
    {
        "id": "925",
        "name": "銀牌 Columbus 2016 夢幻隊伍挑戰盃",
        "image": "https://raw.githubusercontent.com/Nereziel/cs2-WeaponPaints/main/website/img/skins/collectible-925.png"
    },
    {
        "id": "926",
        "name": "金牌 Columbus 2016 夢幻隊伍挑戰盃",
        "image": "https://raw.githubusercontent.com/Nereziel/cs2-WeaponPaints/main/website/img/skins/collectible-926.png"
    },
    {
        "id": "927",
        "name": "MLG Columbus 2016 錦標賽冠軍",
        "image": "https://raw.githubusercontent.com/Nereziel/cs2-WeaponPaints/main/website/img/skins/collectible-927.png"
    },
    {
        "id": "928",
        "name": "MLG Columbus 2016 決賽選手",
        "image": "https://raw.githubusercontent.com/Nereziel/cs2-WeaponPaints/main/website/img/skins/collectible-928.png"
    },
    {
        "id": "929",
        "name": "MLG Columbus 2016 的準決賽選手",
        "image": "https://raw.githubusercontent.com/Nereziel/cs2-WeaponPaints/main/website/img/skins/collectible-929.png"
    },
    {
        "id": "930",
        "name": "MLG Columbus 2016 前八強選手",
        "image": "https://raw.githubusercontent.com/Nereziel/cs2-WeaponPaints/main/website/img/skins/collectible-930.png"
    },
    {
        "id": "931",
        "name": "ESL One Cologne 2016 冠軍",
        "image": "https://raw.githubusercontent.com/Nereziel/cs2-WeaponPaints/main/website/img/skins/collectible-931.png"
    },
    {
        "id": "932",
        "name": "ESL One Cologne 2016 決賽選手",
        "image": "https://raw.githubusercontent.com/Nereziel/cs2-WeaponPaints/main/website/img/skins/collectible-932.png"
    },
    {
        "id": "933",
        "name": "ESL One Cologne 2016 準決賽選手",
        "image": "https://raw.githubusercontent.com/Nereziel/cs2-WeaponPaints/main/website/img/skins/collectible-933.png"
    },
    {
        "id": "934",
        "name": "2016 年 ESL One 科隆錦標賽八強隊伍",
        "image": "https://raw.githubusercontent.com/Nereziel/cs2-WeaponPaints/main/website/img/skins/collectible-934.png"
    },
    {
        "id": "935",
        "name": "銅牌 Cologne 2016 投注挑戰盃",
        "image": "https://raw.githubusercontent.com/Nereziel/cs2-WeaponPaints/main/website/img/skins/collectible-935.png"
    },
    {
        "id": "936",
        "name": "銀牌 Cologne 2016 投注挑戰盃",
        "image": "https://raw.githubusercontent.com/Nereziel/cs2-WeaponPaints/main/website/img/skins/collectible-936.png"
    },
    {
        "id": "937",
        "name": "金牌 Cologne 2016 投注挑戰盃",
        "image": "https://raw.githubusercontent.com/Nereziel/cs2-WeaponPaints/main/website/img/skins/collectible-937.png"
    },
    {
        "id": "938",
        "name": "銅牌 Cologne 2016 夢幻隊伍挑戰盃",
        "image": "https://raw.githubusercontent.com/Nereziel/cs2-WeaponPaints/main/website/img/skins/collectible-938.png"
    },
    {
        "id": "939",
        "name": "銀牌 Cologne 2016 夢幻隊伍挑戰盃",
        "image": "https://raw.githubusercontent.com/Nereziel/cs2-WeaponPaints/main/website/img/skins/collectible-939.png"
    },
    {
        "id": "940",
        "name": "金牌 Cologne 2016 夢幻隊伍挑戰盃",
        "image": "https://raw.githubusercontent.com/Nereziel/cs2-WeaponPaints/main/website/img/skins/collectible-940.png"
    },
    {
        "id": "941",
        "name": "2017 ELEAGUE 亞特蘭大錦標賽冠軍",
        "image": "https://raw.githubusercontent.com/Nereziel/cs2-WeaponPaints/main/website/img/skins/collectible-941.png"
    },
    {
        "id": "942",
        "name": "2017 ELEAGUE 亞特蘭大錦標賽決賽選手",
        "image": "https://raw.githubusercontent.com/Nereziel/cs2-WeaponPaints/main/website/img/skins/collectible-942.png"
    },
    {
        "id": "943",
        "name": "2017 ELEAGUE 亞特蘭大錦標賽準決賽選手",
        "image": "https://raw.githubusercontent.com/Nereziel/cs2-WeaponPaints/main/website/img/skins/collectible-943.png"
    },
    {
        "id": "944",
        "name": "2017 ELEAGUE 亞特蘭大錦標賽半準決賽選手",
        "image": "https://raw.githubusercontent.com/Nereziel/cs2-WeaponPaints/main/website/img/skins/collectible-944.png"
    },
    {
        "id": "945",
        "name": "銅牌 Atlanta 2017 投注挑戰盃",
        "image": "https://raw.githubusercontent.com/Nereziel/cs2-WeaponPaints/main/website/img/skins/collectible-945.png"
    },
    {
        "id": "946",
        "name": "銀牌 Atlanta 2017 投注挑戰盃",
        "image": "https://raw.githubusercontent.com/Nereziel/cs2-WeaponPaints/main/website/img/skins/collectible-946.png"
    },
    {
        "id": "947",
        "name": "金牌 Atlanta 2017 投注挑戰盃",
        "image": "https://raw.githubusercontent.com/Nereziel/cs2-WeaponPaints/main/website/img/skins/collectible-947.png"
    },
    {
        "id": "948",
        "name": "PGL Krakow 2017 冠軍",
        "image": "https://raw.githubusercontent.com/Nereziel/cs2-WeaponPaints/main/website/img/skins/collectible-948.png"
    },
    {
        "id": "949",
        "name": "PGL Krakow 2017 決賽選手",
        "image": "https://raw.githubusercontent.com/Nereziel/cs2-WeaponPaints/main/website/img/skins/collectible-949.png"
    },
    {
        "id": "950",
        "name": "PGL Krakow 2017 準決賽選手",
        "image": "https://raw.githubusercontent.com/Nereziel/cs2-WeaponPaints/main/website/img/skins/collectible-950.png"
    },
    {
        "id": "951",
        "name": "PGL Krakow 2017 前八強選手",
        "image": "https://raw.githubusercontent.com/Nereziel/cs2-WeaponPaints/main/website/img/skins/collectible-951.png"
    },
    {
        "id": "952",
        "name": "銅牌 Krakow 2017 投注挑戰盃",
        "image": "https://raw.githubusercontent.com/Nereziel/cs2-WeaponPaints/main/website/img/skins/collectible-952.png"
    },
    {
        "id": "953",
        "name": "銀牌 Krakow 2017 投注挑戰盃",
        "image": "https://raw.githubusercontent.com/Nereziel/cs2-WeaponPaints/main/website/img/skins/collectible-953.png"
    },
    {
        "id": "954",
        "name": "金牌 Krakow 2017 投注挑戰盃",
        "image": "https://raw.githubusercontent.com/Nereziel/cs2-WeaponPaints/main/website/img/skins/collectible-954.png"
    },
    {
        "id": "955",
        "name": "ELEAGUE Boston 2018 冠軍",
        "image": "https://raw.githubusercontent.com/Nereziel/cs2-WeaponPaints/main/website/img/skins/collectible-955.png"
    },
    {
        "id": "956",
        "name": "ELEAGUE Boston 2018 決賽選手",
        "image": "https://raw.githubusercontent.com/Nereziel/cs2-WeaponPaints/main/website/img/skins/collectible-956.png"
    },
    {
        "id": "957",
        "name": "ELEAGUE Boston 2018 準決賽選手",
        "image": "https://raw.githubusercontent.com/Nereziel/cs2-WeaponPaints/main/website/img/skins/collectible-957.png"
    },
    {
        "id": "958",
        "name": "ELEAGUE Boston 2018 前八強選手",
        "image": "https://raw.githubusercontent.com/Nereziel/cs2-WeaponPaints/main/website/img/skins/collectible-958.png"
    },
    {
        "id": "959",
        "name": "銅牌 Boston 2018 投注挑戰盃",
        "image": "https://raw.githubusercontent.com/Nereziel/cs2-WeaponPaints/main/website/img/skins/collectible-959.png"
    },
    {
        "id": "960",
        "name": "銀牌 Boston 2018 投注挑戰盃",
        "image": "https://raw.githubusercontent.com/Nereziel/cs2-WeaponPaints/main/website/img/skins/collectible-960.png"
    },
    {
        "id": "961",
        "name": "金牌 Boston 2018 投注挑戰盃",
        "image": "https://raw.githubusercontent.com/Nereziel/cs2-WeaponPaints/main/website/img/skins/collectible-961.png"
    },
    {
        "id": "962",
        "name": "FACEIT London 2018 冠軍",
        "image": "https://raw.githubusercontent.com/Nereziel/cs2-WeaponPaints/main/website/img/skins/collectible-962.png"
    },
    {
        "id": "963",
        "name": "FACEIT London 2018 決賽選手",
        "image": "https://raw.githubusercontent.com/Nereziel/cs2-WeaponPaints/main/website/img/skins/collectible-963.png"
    },
    {
        "id": "964",
        "name": "FACEIT London 2018 準決賽選手",
        "image": "https://raw.githubusercontent.com/Nereziel/cs2-WeaponPaints/main/website/img/skins/collectible-964.png"
    },
    {
        "id": "965",
        "name": "FACEIT London 2018 前八強選手",
        "image": "https://raw.githubusercontent.com/Nereziel/cs2-WeaponPaints/main/website/img/skins/collectible-965.png"
    },
    {
        "id": "966",
        "name": "銅牌 London 2018 投注挑戰盃",
        "image": "https://raw.githubusercontent.com/Nereziel/cs2-WeaponPaints/main/website/img/skins/collectible-966.png"
    },
    {
        "id": "967",
        "name": "銀牌 London 2018 投注挑戰盃",
        "image": "https://raw.githubusercontent.com/Nereziel/cs2-WeaponPaints/main/website/img/skins/collectible-967.png"
    },
    {
        "id": "968",
        "name": "金牌 London 2018 投注挑戰盃",
        "image": "https://raw.githubusercontent.com/Nereziel/cs2-WeaponPaints/main/website/img/skins/collectible-968.png"
    },
    {
        "id": "971",
        "name": "IEM Katowice 2019 冠軍",
        "image": "https://raw.githubusercontent.com/Nereziel/cs2-WeaponPaints/main/website/img/skins/collectible-971.png"
    },
    {
        "id": "972",
        "name": "IEM Katowice 2019 決賽選手",
        "image": "https://raw.githubusercontent.com/Nereziel/cs2-WeaponPaints/main/website/img/skins/collectible-972.png"
    },
    {
        "id": "973",
        "name": "IEM Katowice 2019 準決賽選手",
        "image": "https://raw.githubusercontent.com/Nereziel/cs2-WeaponPaints/main/website/img/skins/collectible-973.png"
    },
    {
        "id": "974",
        "name": "IEM Katowice 2019 前八強選手",
        "image": "https://raw.githubusercontent.com/Nereziel/cs2-WeaponPaints/main/website/img/skins/collectible-974.png"
    },
    {
        "id": "975",
        "name": "StarLadder Berlin 2019 冠軍",
        "image": "https://raw.githubusercontent.com/Nereziel/cs2-WeaponPaints/main/website/img/skins/collectible-975.png"
    },
    {
        "id": "976",
        "name": "StarLadder Berlin 2019 決賽選手",
        "image": "https://raw.githubusercontent.com/Nereziel/cs2-WeaponPaints/main/website/img/skins/collectible-976.png"
    },
    {
        "id": "977",
        "name": "StarLadder Berlin 2019 準決賽選手",
        "image": "https://raw.githubusercontent.com/Nereziel/cs2-WeaponPaints/main/website/img/skins/collectible-977.png"
    },
    {
        "id": "978",
        "name": "StarLadder Berlin 2019  前八強選手",
        "image": "https://raw.githubusercontent.com/Nereziel/cs2-WeaponPaints/main/website/img/skins/collectible-978.png"
    },
    {
        "id": "979",
        "name": "PGL Stockholm 2021 冠軍",
        "image": "https://raw.githubusercontent.com/Nereziel/cs2-WeaponPaints/main/website/img/skins/collectible-979.png"
    },
    {
        "id": "980",
        "name": "PGL Stockholm 2021 決賽選手",
        "image": "https://raw.githubusercontent.com/Nereziel/cs2-WeaponPaints/main/website/img/skins/collectible-980.png"
    },
    {
        "id": "981",
        "name": "PGL Stockholm 2021 準決賽選手",
        "image": "https://raw.githubusercontent.com/Nereziel/cs2-WeaponPaints/main/website/img/skins/collectible-981.png"
    },
    {
        "id": "982",
        "name": "PGL Stockholm 2021 前八強選手",
        "image": "https://raw.githubusercontent.com/Nereziel/cs2-WeaponPaints/main/website/img/skins/collectible-982.png"
    },
    {
        "id": "983",
        "name": "PGL Antwerp 2022 冠軍",
        "image": "https://raw.githubusercontent.com/Nereziel/cs2-WeaponPaints/main/website/img/skins/collectible-983.png"
    },
    {
        "id": "984",
        "name": "PGL Antwerp 2022 亞軍",
        "image": "https://raw.githubusercontent.com/Nereziel/cs2-WeaponPaints/main/website/img/skins/collectible-984.png"
    },
    {
        "id": "985",
        "name": "PGL Antwerp 2022 四強選手",
        "image": "https://raw.githubusercontent.com/Nereziel/cs2-WeaponPaints/main/website/img/skins/collectible-985.png"
    },
    {
        "id": "986",
        "name": "PGL Antwerp 2022 八強選手",
        "image": "https://raw.githubusercontent.com/Nereziel/cs2-WeaponPaints/main/website/img/skins/collectible-986.png"
    },
    {
        "id": "988",
        "name": "IEM Rio 2022 冠軍",
        "image": "https://raw.githubusercontent.com/Nereziel/cs2-WeaponPaints/main/website/img/skins/collectible-988.png"
    },
    {
        "id": "989",
        "name": "IEM Rio 2022 亞軍",
        "image": "https://raw.githubusercontent.com/Nereziel/cs2-WeaponPaints/main/website/img/skins/collectible-989.png"
    },
    {
        "id": "990",
        "name": "IEM Rio 2022 四強選手",
        "image": "https://raw.githubusercontent.com/Nereziel/cs2-WeaponPaints/main/website/img/skins/collectible-990.png"
    },
    {
        "id": "991",
        "name": "IEM Rio 2022 八強選手",
        "image": "https://raw.githubusercontent.com/Nereziel/cs2-WeaponPaints/main/website/img/skins/collectible-991.png"
    },
    {
        "id": "992",
        "name": "BLAST.tv Paris 2023 的冠軍",
        "image": "https://raw.githubusercontent.com/Nereziel/cs2-WeaponPaints/main/website/img/skins/collectible-992.png"
    },
    {
        "id": "993",
        "name": "BLAST.tv Paris 2023 的亞軍",
        "image": "https://raw.githubusercontent.com/Nereziel/cs2-WeaponPaints/main/website/img/skins/collectible-993.png"
    },
    {
        "id": "994",
        "name": "BLAST.tv Paris 2023 的前四強選手",
        "image": "https://raw.githubusercontent.com/Nereziel/cs2-WeaponPaints/main/website/img/skins/collectible-994.png"
    },
    {
        "id": "995",
        "name": "BLAST.tv Paris 2023 的前八強選手",
        "image": "https://raw.githubusercontent.com/Nereziel/cs2-WeaponPaints/main/website/img/skins/collectible-995.png"
    },
    {
        "id": "1001",
        "name": "《回饋行動》挑戰幣",
        "image": "https://raw.githubusercontent.com/Nereziel/cs2-WeaponPaints/main/website/img/skins/collectible-1001.png"
    },
    {
        "id": "1002",
        "name": "《回饋行動》銀幣",
        "image": "https://raw.githubusercontent.com/Nereziel/cs2-WeaponPaints/main/website/img/skins/collectible-1002.png"
    },
    {
        "id": "1003",
        "name": "《回饋行動》金幣",
        "image": "https://raw.githubusercontent.com/Nereziel/cs2-WeaponPaints/main/website/img/skins/collectible-1003.png"
    },
    {
        "id": "1004",
        "name": "Museum 地圖硬幣",
        "image": "https://raw.githubusercontent.com/Nereziel/cs2-WeaponPaints/main/website/img/skins/collectible-1004.png"
    },
    {
        "id": "1005",
        "name": "Downtown 地圖硬幣",
        "image": "https://raw.githubusercontent.com/Nereziel/cs2-WeaponPaints/main/website/img/skins/collectible-1005.png"
    },
    {
        "id": "1006",
        "name": "Thunder 地圖硬幣",
        "image": "https://raw.githubusercontent.com/Nereziel/cs2-WeaponPaints/main/website/img/skins/collectible-1006.png"
    },
    {
        "id": "1007",
        "name": "Favela 地圖硬幣",
        "image": "https://raw.githubusercontent.com/Nereziel/cs2-WeaponPaints/main/website/img/skins/collectible-1007.png"
    },
    {
        "id": "1008",
        "name": "Motel 地圖硬幣",
        "image": "https://raw.githubusercontent.com/Nereziel/cs2-WeaponPaints/main/website/img/skins/collectible-1008.png"
    },
    {
        "id": "1009",
        "name": "Seaside 地圖硬幣",
        "image": "https://raw.githubusercontent.com/Nereziel/cs2-WeaponPaints/main/website/img/skins/collectible-1009.png"
    },
    {
        "id": "1010",
        "name": "Library 地圖硬幣",
        "image": "https://raw.githubusercontent.com/Nereziel/cs2-WeaponPaints/main/website/img/skins/collectible-1010.png"
    },
    {
        "id": "1013",
        "name": "《Bravo 行動》挑戰幣",
        "image": "https://raw.githubusercontent.com/Nereziel/cs2-WeaponPaints/main/website/img/skins/collectible-1013.png"
    },
    {
        "id": "1014",
        "name": "《Bravo 行動》銀幣",
        "image": "https://raw.githubusercontent.com/Nereziel/cs2-WeaponPaints/main/website/img/skins/collectible-1014.png"
    },
    {
        "id": "1015",
        "name": "《Bravo 行動》金幣",
        "image": "https://raw.githubusercontent.com/Nereziel/cs2-WeaponPaints/main/website/img/skins/collectible-1015.png"
    },
    {
        "id": "1016",
        "name": "Agency 地圖硬幣",
        "image": "https://raw.githubusercontent.com/Nereziel/cs2-WeaponPaints/main/website/img/skins/collectible-1016.png"
    },
    {
        "id": "1017",
        "name": "Ali 地圖硬幣",
        "image": "https://raw.githubusercontent.com/Nereziel/cs2-WeaponPaints/main/website/img/skins/collectible-1017.png"
    },
    {
        "id": "1018",
        "name": "Cache 地圖硬幣",
        "image": "https://raw.githubusercontent.com/Nereziel/cs2-WeaponPaints/main/website/img/skins/collectible-1018.png"
    },
    {
        "id": "1019",
        "name": "Chinatown 地圖硬幣",
        "image": "https://raw.githubusercontent.com/Nereziel/cs2-WeaponPaints/main/website/img/skins/collectible-1019.png"
    },
    {
        "id": "1020",
        "name": "Gwalior 地圖硬幣",
        "image": "https://raw.githubusercontent.com/Nereziel/cs2-WeaponPaints/main/website/img/skins/collectible-1020.png"
    },
    {
        "id": "1021",
        "name": "Ruins 地圖硬幣",
        "image": "https://raw.githubusercontent.com/Nereziel/cs2-WeaponPaints/main/website/img/skins/collectible-1021.png"
    },
    {
        "id": "1022",
        "name": "Siege 地圖硬幣",
        "image": "https://raw.githubusercontent.com/Nereziel/cs2-WeaponPaints/main/website/img/skins/collectible-1022.png"
    },
    {
        "id": "1024",
        "name": "《鳳凰行動》挑戰幣",
        "image": "https://raw.githubusercontent.com/Nereziel/cs2-WeaponPaints/main/website/img/skins/collectible-1024.png"
    },
    {
        "id": "1025",
        "name": "《鳳凰行動》銀幣",
        "image": "https://raw.githubusercontent.com/Nereziel/cs2-WeaponPaints/main/website/img/skins/collectible-1025.png"
    },
    {
        "id": "1026",
        "name": "《鳳凰行動》金幣",
        "image": "https://raw.githubusercontent.com/Nereziel/cs2-WeaponPaints/main/website/img/skins/collectible-1026.png"
    },
    {
        "id": "1028",
        "name": "《突圍行動》挑戰幣",
        "image": "https://raw.githubusercontent.com/Nereziel/cs2-WeaponPaints/main/website/img/skins/collectible-1028.png"
    },
    {
        "id": "1029",
        "name": "《突圍行動》銀幣",
        "image": "https://raw.githubusercontent.com/Nereziel/cs2-WeaponPaints/main/website/img/skins/collectible-1029.png"
    },
    {
        "id": "1030",
        "name": "《突圍行動》金幣",
        "image": "https://raw.githubusercontent.com/Nereziel/cs2-WeaponPaints/main/website/img/skins/collectible-1030.png"
    },
    {
        "id": "1031",
        "name": "Castle 地圖硬幣",
        "image": "https://raw.githubusercontent.com/Nereziel/cs2-WeaponPaints/main/website/img/skins/collectible-1031.png"
    },
    {
        "id": "1032",
        "name": "Black Gold 地圖硬幣",
        "image": "https://raw.githubusercontent.com/Nereziel/cs2-WeaponPaints/main/website/img/skins/collectible-1032.png"
    },
    {
        "id": "1033",
        "name": "Rush 地圖硬幣",
        "image": "https://raw.githubusercontent.com/Nereziel/cs2-WeaponPaints/main/website/img/skins/collectible-1033.png"
    },
    {
        "id": "1034",
        "name": "Mist 地圖硬幣",
        "image": "https://raw.githubusercontent.com/Nereziel/cs2-WeaponPaints/main/website/img/skins/collectible-1034.png"
    },
    {
        "id": "1035",
        "name": "Insertion 地圖硬幣",
        "image": "https://raw.githubusercontent.com/Nereziel/cs2-WeaponPaints/main/website/img/skins/collectible-1035.png"
    },
    {
        "id": "1036",
        "name": "Overgrown 地圖硬幣",
        "image": "https://raw.githubusercontent.com/Nereziel/cs2-WeaponPaints/main/website/img/skins/collectible-1036.png"
    },
    {
        "id": "1037",
        "name": "Marquis 地圖硬幣",
        "image": "https://raw.githubusercontent.com/Nereziel/cs2-WeaponPaints/main/website/img/skins/collectible-1037.png"
    },
    {
        "id": "1038",
        "name": "Workout 地圖硬幣",
        "image": "https://raw.githubusercontent.com/Nereziel/cs2-WeaponPaints/main/website/img/skins/collectible-1038.png"
    },
    {
        "id": "1039",
        "name": "Backalley 地圖硬幣",
        "image": "https://raw.githubusercontent.com/Nereziel/cs2-WeaponPaints/main/website/img/skins/collectible-1039.png"
    },
    {
        "id": "1040",
        "name": "Season 地圖硬幣",
        "image": "https://raw.githubusercontent.com/Nereziel/cs2-WeaponPaints/main/website/img/skins/collectible-1040.png"
    },
    {
        "id": "1041",
        "name": "Bazaar 地圖硬幣",
        "image": "https://raw.githubusercontent.com/Nereziel/cs2-WeaponPaints/main/website/img/skins/collectible-1041.png"
    },
    {
        "id": "1042",
        "name": "Facade 地圖硬幣",
        "image": "https://raw.githubusercontent.com/Nereziel/cs2-WeaponPaints/main/website/img/skins/collectible-1042.png"
    },
    {
        "id": "1043",
        "name": "Log 地圖硬幣",
        "image": "https://raw.githubusercontent.com/Nereziel/cs2-WeaponPaints/main/website/img/skins/collectible-1043.png"
    },
    {
        "id": "1044",
        "name": "Rails 地圖硬幣",
        "image": "https://raw.githubusercontent.com/Nereziel/cs2-WeaponPaints/main/website/img/skins/collectible-1044.png"
    },
    {
        "id": "1045",
        "name": "Resort 地圖硬幣",
        "image": "https://raw.githubusercontent.com/Nereziel/cs2-WeaponPaints/main/website/img/skins/collectible-1045.png"
    },
    {
        "id": "1046",
        "name": "Zoo 地圖硬幣",
        "image": "https://raw.githubusercontent.com/Nereziel/cs2-WeaponPaints/main/website/img/skins/collectible-1046.png"
    },
    {
        "id": "1047",
        "name": "Santorini 地圖硬幣",
        "image": "https://raw.githubusercontent.com/Nereziel/cs2-WeaponPaints/main/website/img/skins/collectible-1047.png"
    },
    {
        "id": "1048",
        "name": "Coast 地圖硬幣",
        "image": "https://raw.githubusercontent.com/Nereziel/cs2-WeaponPaints/main/website/img/skins/collectible-1048.png"
    },
    {
        "id": "1049",
        "name": "Mikla 地圖硬幣",
        "image": "https://raw.githubusercontent.com/Nereziel/cs2-WeaponPaints/main/website/img/skins/collectible-1049.png"
    },
    {
        "id": "1050",
        "name": "Royal 地圖硬幣",
        "image": "https://raw.githubusercontent.com/Nereziel/cs2-WeaponPaints/main/website/img/skins/collectible-1050.png"
    },
    {
        "id": "1051",
        "name": "Empire 地圖硬幣",
        "image": "https://raw.githubusercontent.com/Nereziel/cs2-WeaponPaints/main/website/img/skins/collectible-1051.png"
    },
    {
        "id": "1052",
        "name": "Tulip 地圖硬幣",
        "image": "https://raw.githubusercontent.com/Nereziel/cs2-WeaponPaints/main/website/img/skins/collectible-1052.png"
    },
    {
        "id": "1053",
        "name": "Cruise 地圖硬幣",
        "image": "https://raw.githubusercontent.com/Nereziel/cs2-WeaponPaints/main/website/img/skins/collectible-1053.png"
    },
    {
        "id": "1054",
        "name": "Subzero 地圖硬幣",
        "image": "https://raw.githubusercontent.com/Nereziel/cs2-WeaponPaints/main/website/img/skins/collectible-1054.png"
    },
    {
        "id": "1055",
        "name": "Biome 地圖硬幣",
        "image": "https://raw.githubusercontent.com/Nereziel/cs2-WeaponPaints/main/website/img/skins/collectible-1055.png"
    },
    {
        "id": "1056",
        "name": "Abbey 地圖硬幣",
        "image": "https://raw.githubusercontent.com/Nereziel/cs2-WeaponPaints/main/website/img/skins/collectible-1056.png"
    },
    {
        "id": "1057",
        "name": "Ruby 地圖硬幣",
        "image": "https://raw.githubusercontent.com/Nereziel/cs2-WeaponPaints/main/website/img/skins/collectible-1057.png"
    },
    {
        "id": "1058",
        "name": "Breach 地圖硬幣",
        "image": "https://raw.githubusercontent.com/Nereziel/cs2-WeaponPaints/main/website/img/skins/collectible-1058.png"
    },
    {
        "id": "1059",
        "name": "Studio 地圖硬幣",
        "image": "https://raw.githubusercontent.com/Nereziel/cs2-WeaponPaints/main/website/img/skins/collectible-1059.png"
    },
    {
        "id": "1060",
        "name": "Jungle 地圖硬幣",
        "image": "https://raw.githubusercontent.com/Nereziel/cs2-WeaponPaints/main/website/img/skins/collectible-1060.png"
    },
    {
        "id": "1061",
        "name": "Anubis 地圖硬幣",
        "image": "https://raw.githubusercontent.com/Nereziel/cs2-WeaponPaints/main/website/img/skins/collectible-1061.png"
    },
    {
        "id": "1062",
        "name": "Chlorine 地圖硬幣",
        "image": "https://raw.githubusercontent.com/Nereziel/cs2-WeaponPaints/main/website/img/skins/collectible-1062.png"
    },
    {
        "id": "1063",
        "name": "Mutiny 地圖硬幣",
        "image": "https://raw.githubusercontent.com/Nereziel/cs2-WeaponPaints/main/website/img/skins/collectible-1063.png"
    },
    {
        "id": "1064",
        "name": "Swamp 地圖硬幣",
        "image": "https://raw.githubusercontent.com/Nereziel/cs2-WeaponPaints/main/website/img/skins/collectible-1064.png"
    },
    {
        "id": "1065",
        "name": "Frostbite 地圖硬幣",
        "image": "https://raw.githubusercontent.com/Nereziel/cs2-WeaponPaints/main/website/img/skins/collectible-1065.png"
    },
    {
        "id": "1066",
        "name": "Engage 地圖硬幣",
        "image": "https://raw.githubusercontent.com/Nereziel/cs2-WeaponPaints/main/website/img/skins/collectible-1066.png"
    },
    {
        "id": "1067",
        "name": "Apollo 地圖硬幣",
        "image": "https://raw.githubusercontent.com/Nereziel/cs2-WeaponPaints/main/website/img/skins/collectible-1067.png"
    },
    {
        "id": "1068",
        "name": "Guard 地圖硬幣",
        "image": "https://raw.githubusercontent.com/Nereziel/cs2-WeaponPaints/main/website/img/skins/collectible-1068.png"
    },
    {
        "id": "1069",
        "name": "Elysion 地圖硬幣",
        "image": "https://raw.githubusercontent.com/Nereziel/cs2-WeaponPaints/main/website/img/skins/collectible-1069.png"
    },
    {
        "id": "1070",
        "name": "Grind 地圖硬幣",
        "image": "https://raw.githubusercontent.com/Nereziel/cs2-WeaponPaints/main/website/img/skins/collectible-1070.png"
    },
    {
        "id": "1071",
        "name": "Mocha 地圖硬幣",
        "image": "https://raw.githubusercontent.com/Nereziel/cs2-WeaponPaints/main/website/img/skins/collectible-1071.png"
    },
    {
        "id": "1072",
        "name": "Calavera 地圖硬幣",
        "image": "https://raw.githubusercontent.com/Nereziel/cs2-WeaponPaints/main/website/img/skins/collectible-1072.png"
    },
    {
        "id": "1073",
        "name": "Pitstop 地圖硬幣",
        "image": "https://raw.githubusercontent.com/Nereziel/cs2-WeaponPaints/main/website/img/skins/collectible-1073.png"
    },
    {
        "id": "1074",
        "name": "Basalt 地圖硬幣",
        "image": "https://raw.githubusercontent.com/Nereziel/cs2-WeaponPaints/main/website/img/skins/collectible-1074.png"
    },
    {
        "id": "1075",
        "name": "Insertion II 地圖硬幣",
        "image": "https://raw.githubusercontent.com/Nereziel/cs2-WeaponPaints/main/website/img/skins/collectible-1075.png"
    },
    {
        "id": "1076",
        "name": "Ravine 地圖硬幣",
        "image": "https://raw.githubusercontent.com/Nereziel/cs2-WeaponPaints/main/website/img/skins/collectible-1076.png"
    },
    {
        "id": "1077",
        "name": "Extraction 地圖硬幣",
        "image": "https://raw.githubusercontent.com/Nereziel/cs2-WeaponPaints/main/website/img/skins/collectible-1077.png"
    },
    {
        "id": "1078",
        "name": "County 地圖硬幣",
        "image": "https://raw.githubusercontent.com/Nereziel/cs2-WeaponPaints/main/website/img/skins/collectible-1078.png"
    },
    {
        "id": "1079",
        "name": "Iris 地圖硬幣",
        "image": "https://raw.githubusercontent.com/Nereziel/cs2-WeaponPaints/main/website/img/skins/collectible-1079.png"
    },
    {
        "id": "1080",
        "name": "Climb 地圖硬幣",
        "image": "https://raw.githubusercontent.com/Nereziel/cs2-WeaponPaints/main/website/img/skins/collectible-1080.png"
    },
    {
        "id": "1081",
        "name": "Crete 地圖硬幣",
        "image": "https://raw.githubusercontent.com/Nereziel/cs2-WeaponPaints/main/website/img/skins/collectible-1081.png"
    },
    {
        "id": "1082",
        "name": "Hive 地圖硬幣",
        "image": "https://raw.githubusercontent.com/Nereziel/cs2-WeaponPaints/main/website/img/skins/collectible-1082.png"
    },
    {
        "id": "1083",
        "name": "Vineyard 地圖硬幣",
        "image": "https://raw.githubusercontent.com/Nereziel/cs2-WeaponPaints/main/website/img/skins/collectible-1083.png"
    },
    {
        "id": "1084",
        "name": "Ember 地圖硬幣",
        "image": "https://raw.githubusercontent.com/Nereziel/cs2-WeaponPaints/main/website/img/skins/collectible-1084.png"
    },
    {
        "id": "1085",
        "name": "Tuscan 地圖硬幣",
        "image": "https://raw.githubusercontent.com/Nereziel/cs2-WeaponPaints/main/website/img/skins/collectible-1085.png"
    },
    {
        "id": "1086",
        "name": "Cascade 地圖硬幣",
        "image": "https://raw.githubusercontent.com/Nereziel/cs2-WeaponPaints/main/website/img/skins/collectible-1086.png"
    },
    {
        "id": "1087",
        "name": "Blagai 地圖硬幣",
        "image": "https://raw.githubusercontent.com/Nereziel/cs2-WeaponPaints/main/website/img/skins/collectible-1087.png"
    },
    {
        "id": "1088",
        "name": "Boyard 地圖硬幣",
        "image": "https://raw.githubusercontent.com/Nereziel/cs2-WeaponPaints/main/website/img/skins/collectible-1088.png"
    },
    {
        "id": "1089",
        "name": "Chalice 地圖硬幣",
        "image": "https://raw.githubusercontent.com/Nereziel/cs2-WeaponPaints/main/website/img/skins/collectible-1089.png"
    },
    {
        "id": "1316",
        "name": "《先鋒行動》挑戰幣",
        "image": "https://raw.githubusercontent.com/Nereziel/cs2-WeaponPaints/main/website/img/skins/collectible-1316.png"
    },
    {
        "id": "1317",
        "name": "《先鋒行動》銀幣",
        "image": "https://raw.githubusercontent.com/Nereziel/cs2-WeaponPaints/main/website/img/skins/collectible-1317.png"
    },
    {
        "id": "1318",
        "name": "《先鋒行動》金幣",
        "image": "https://raw.githubusercontent.com/Nereziel/cs2-WeaponPaints/main/website/img/skins/collectible-1318.png"
    },
    {
        "id": "1327",
        "name": "《獵犬行動》挑戰幣",
        "image": "https://raw.githubusercontent.com/Nereziel/cs2-WeaponPaints/main/website/img/skins/collectible-1327.png"
    },
    {
        "id": "1328",
        "name": "《獵犬行動》銀幣",
        "image": "https://raw.githubusercontent.com/Nereziel/cs2-WeaponPaints/main/website/img/skins/collectible-1328.png"
    },
    {
        "id": "1329",
        "name": "《獵犬行動》金幣",
        "image": "https://raw.githubusercontent.com/Nereziel/cs2-WeaponPaints/main/website/img/skins/collectible-1329.png"
    },
    {
        "id": "1331",
        "name": "2015 年服役勳章",
        "image": "https://raw.githubusercontent.com/Nereziel/cs2-WeaponPaints/main/website/img/skins/collectible-1331.png"
    },
    {
        "id": "1332",
        "name": "2015 年服役勳章",
        "image": "https://raw.githubusercontent.com/Nereziel/cs2-WeaponPaints/main/website/img/skins/collectible-1332.png"
    },
    {
        "id": "1336",
        "name": "《野火行動》挑戰幣",
        "image": "https://raw.githubusercontent.com/Nereziel/cs2-WeaponPaints/main/website/img/skins/collectible-1336.png"
    },
    {
        "id": "1337",
        "name": "《野火行動》銀幣",
        "image": "https://raw.githubusercontent.com/Nereziel/cs2-WeaponPaints/main/website/img/skins/collectible-1337.png"
    },
    {
        "id": "1338",
        "name": "《野火行動》金幣",
        "image": "https://raw.githubusercontent.com/Nereziel/cs2-WeaponPaints/main/website/img/skins/collectible-1338.png"
    },
    {
        "id": "1339",
        "name": "2016 年服役勳章",
        "image": "https://raw.githubusercontent.com/Nereziel/cs2-WeaponPaints/main/website/img/skins/collectible-1339.png"
    },
    {
        "id": "1340",
        "name": "2016 年服役勳章",
        "image": "https://raw.githubusercontent.com/Nereziel/cs2-WeaponPaints/main/website/img/skins/collectible-1340.png"
    },
    {
        "id": "1341",
        "name": "2016 年服役勳章",
        "image": "https://raw.githubusercontent.com/Nereziel/cs2-WeaponPaints/main/website/img/skins/collectible-1341.png"
    },
    {
        "id": "1342",
        "name": "2016 年服役勳章",
        "image": "https://raw.githubusercontent.com/Nereziel/cs2-WeaponPaints/main/website/img/skins/collectible-1342.png"
    },
    {
        "id": "1343",
        "name": "2016 年服役勳章",
        "image": "https://raw.githubusercontent.com/Nereziel/cs2-WeaponPaints/main/website/img/skins/collectible-1343.png"
    },
    {
        "id": "1344",
        "name": "2016 年服役勳章",
        "image": "https://raw.githubusercontent.com/Nereziel/cs2-WeaponPaints/main/website/img/skins/collectible-1344.png"
    },
    {
        "id": "1357",
        "name": "2017 年服役勳章",
        "image": "https://raw.githubusercontent.com/Nereziel/cs2-WeaponPaints/main/website/img/skins/collectible-1357.png"
    },
    {
        "id": "1358",
        "name": "2017 年服役勳章",
        "image": "https://raw.githubusercontent.com/Nereziel/cs2-WeaponPaints/main/website/img/skins/collectible-1358.png"
    },
    {
        "id": "1359",
        "name": "2017 年服役勳章",
        "image": "https://raw.githubusercontent.com/Nereziel/cs2-WeaponPaints/main/website/img/skins/collectible-1359.png"
    },
    {
        "id": "1360",
        "name": "2017 年服役勳章",
        "image": "https://raw.githubusercontent.com/Nereziel/cs2-WeaponPaints/main/website/img/skins/collectible-1360.png"
    },
    {
        "id": "1361",
        "name": "2017 年服役勳章",
        "image": "https://raw.githubusercontent.com/Nereziel/cs2-WeaponPaints/main/website/img/skins/collectible-1361.png"
    },
    {
        "id": "1362",
        "name": "2017 年服役勳章",
        "image": "https://raw.githubusercontent.com/Nereziel/cs2-WeaponPaints/main/website/img/skins/collectible-1362.png"
    },
    {
        "id": "1363",
        "name": "2017 年服役勳章",
        "image": "https://raw.githubusercontent.com/Nereziel/cs2-WeaponPaints/main/website/img/skins/collectible-1363.png"
    },
    {
        "id": "1367",
        "name": "2018 年服役勳章",
        "image": "https://raw.githubusercontent.com/Nereziel/cs2-WeaponPaints/main/website/img/skins/collectible-1367.png"
    },
    {
        "id": "1368",
        "name": "2018 年服役勳章",
        "image": "https://raw.githubusercontent.com/Nereziel/cs2-WeaponPaints/main/website/img/skins/collectible-1368.png"
    },
    {
        "id": "1369",
        "name": "2018 年服役勳章",
        "image": "https://raw.githubusercontent.com/Nereziel/cs2-WeaponPaints/main/website/img/skins/collectible-1369.png"
    },
    {
        "id": "1370",
        "name": "2018 年服役勳章",
        "image": "https://raw.githubusercontent.com/Nereziel/cs2-WeaponPaints/main/website/img/skins/collectible-1370.png"
    },
    {
        "id": "1371",
        "name": "2018 年服役勳章",
        "image": "https://raw.githubusercontent.com/Nereziel/cs2-WeaponPaints/main/website/img/skins/collectible-1371.png"
    },
    {
        "id": "1372",
        "name": "2018 年服役勳章",
        "image": "https://raw.githubusercontent.com/Nereziel/cs2-WeaponPaints/main/website/img/skins/collectible-1372.png"
    },
    {
        "id": "1376",
        "name": "2019 年服役勳章",
        "image": "https://raw.githubusercontent.com/Nereziel/cs2-WeaponPaints/main/website/img/skins/collectible-1376.png"
    },
    {
        "id": "1377",
        "name": "2019 年服役勳章",
        "image": "https://raw.githubusercontent.com/Nereziel/cs2-WeaponPaints/main/website/img/skins/collectible-1377.png"
    },
    {
        "id": "1378",
        "name": "2019 年服役勳章",
        "image": "https://raw.githubusercontent.com/Nereziel/cs2-WeaponPaints/main/website/img/skins/collectible-1378.png"
    },
    {
        "id": "1379",
        "name": "2019 年服役勳章",
        "image": "https://raw.githubusercontent.com/Nereziel/cs2-WeaponPaints/main/website/img/skins/collectible-1379.png"
    },
    {
        "id": "1380",
        "name": "2019 年服役勳章",
        "image": "https://raw.githubusercontent.com/Nereziel/cs2-WeaponPaints/main/website/img/skins/collectible-1380.png"
    },
    {
        "id": "1381",
        "name": "2019 年服役勳章",
        "image": "https://raw.githubusercontent.com/Nereziel/cs2-WeaponPaints/main/website/img/skins/collectible-1381.png"
    },
    {
        "id": "4353",
        "name": "《九頭蛇行動》挑戰幣",
        "image": "https://raw.githubusercontent.com/Nereziel/cs2-WeaponPaints/main/website/img/skins/collectible-4353.png"
    },
    {
        "id": "4354",
        "name": "《九頭蛇行動》銀幣",
        "image": "https://raw.githubusercontent.com/Nereziel/cs2-WeaponPaints/main/website/img/skins/collectible-4354.png"
    },
    {
        "id": "4355",
        "name": "《九頭蛇行動》金幣",
        "image": "https://raw.githubusercontent.com/Nereziel/cs2-WeaponPaints/main/website/img/skins/collectible-4355.png"
    },
    {
        "id": "4356",
        "name": "《九頭蛇行動》鑽石幣",
        "image": "https://raw.githubusercontent.com/Nereziel/cs2-WeaponPaints/main/website/img/skins/collectible-4356.png"
    },
    {
        "id": "4550",
        "name": "《裂網行動》挑戰幣",
        "image": "https://raw.githubusercontent.com/Nereziel/cs2-WeaponPaints/main/website/img/skins/collectible-4550.png"
    },
    {
        "id": "4551",
        "name": "《裂網行動》銀幣",
        "image": "https://raw.githubusercontent.com/Nereziel/cs2-WeaponPaints/main/website/img/skins/collectible-4551.png"
    },
    {
        "id": "4552",
        "name": "《裂網行動》金幣",
        "image": "https://raw.githubusercontent.com/Nereziel/cs2-WeaponPaints/main/website/img/skins/collectible-4552.png"
    },
    {
        "id": "4553",
        "name": "《裂網行動》鑽石幣",
        "image": "https://raw.githubusercontent.com/Nereziel/cs2-WeaponPaints/main/website/img/skins/collectible-4553.png"
    },
    {
        "id": "4555",
        "name": "Katowice 2019 硬幣",
        "image": "https://raw.githubusercontent.com/Nereziel/cs2-WeaponPaints/main/website/img/skins/collectible-4555.png"
    },
    {
        "id": "4556",
        "name": "Katowice 2019 銀幣",
        "image": "https://raw.githubusercontent.com/Nereziel/cs2-WeaponPaints/main/website/img/skins/collectible-4556.png"
    },
    {
        "id": "4557",
        "name": "Katowice 2019 金幣",
        "image": "https://raw.githubusercontent.com/Nereziel/cs2-WeaponPaints/main/website/img/skins/collectible-4557.png"
    },
    {
        "id": "4558",
        "name": "Katowice 2019 鑽石幣",
        "image": "https://raw.githubusercontent.com/Nereziel/cs2-WeaponPaints/main/website/img/skins/collectible-4558.png"
    },
    {
        "id": "4623",
        "name": "Berlin 2019 硬幣",
        "image": "https://raw.githubusercontent.com/Nereziel/cs2-WeaponPaints/main/website/img/skins/collectible-4623.png"
    },
    {
        "id": "4624",
        "name": "Berlin 2019 銀幣",
        "image": "https://raw.githubusercontent.com/Nereziel/cs2-WeaponPaints/main/website/img/skins/collectible-4624.png"
    },
    {
        "id": "4625",
        "name": "Berlin 2019 金幣",
        "image": "https://raw.githubusercontent.com/Nereziel/cs2-WeaponPaints/main/website/img/skins/collectible-4625.png"
    },
    {
        "id": "4626",
        "name": "Berlin 2019 鑽石幣",
        "image": "https://raw.githubusercontent.com/Nereziel/cs2-WeaponPaints/main/website/img/skins/collectible-4626.png"
    },
    {
        "id": "4674",
        "name": "2020 年服役勳章",
        "image": "https://raw.githubusercontent.com/Nereziel/cs2-WeaponPaints/main/website/img/skins/collectible-4674.png"
    },
    {
        "id": "4675",
        "name": "2020 年服役勳章",
        "image": "https://raw.githubusercontent.com/Nereziel/cs2-WeaponPaints/main/website/img/skins/collectible-4675.png"
    },
    {
        "id": "4676",
        "name": "2020 年服役勳章",
        "image": "https://raw.githubusercontent.com/Nereziel/cs2-WeaponPaints/main/website/img/skins/collectible-4676.png"
    },
    {
        "id": "4677",
        "name": "2020 年服役勳章",
        "image": "https://raw.githubusercontent.com/Nereziel/cs2-WeaponPaints/main/website/img/skins/collectible-4677.png"
    },
    {
        "id": "4678",
        "name": "2020 年服役勳章",
        "image": "https://raw.githubusercontent.com/Nereziel/cs2-WeaponPaints/main/website/img/skins/collectible-4678.png"
    },
    {
        "id": "4679",
        "name": "2020 年服役勳章",
        "image": "https://raw.githubusercontent.com/Nereziel/cs2-WeaponPaints/main/website/img/skins/collectible-4679.png"
    },
    {
        "id": "4682",
        "name": "城市保安局徽章",
        "image": "https://raw.githubusercontent.com/Nereziel/cs2-WeaponPaints/main/website/img/skins/collectible-4682.png"
    },
    {
        "id": "4683",
        "name": "營養品！徽章",
        "image": "https://raw.githubusercontent.com/Nereziel/cs2-WeaponPaints/main/website/img/skins/collectible-4683.png"
    },
    {
        "id": "4684",
        "name": "弗地崗人徽章",
        "image": "https://raw.githubusercontent.com/Nereziel/cs2-WeaponPaints/main/website/img/skins/collectible-4684.png"
    },
    {
        "id": "4685",
        "name": "食腦蟲圖像字符徽章",
        "image": "https://raw.githubusercontent.com/Nereziel/cs2-WeaponPaints/main/website/img/skins/collectible-4685.png"
    },
    {
        "id": "4686",
        "name": "生命值徽章",
        "image": "https://raw.githubusercontent.com/Nereziel/cs2-WeaponPaints/main/website/img/skins/collectible-4686.png"
    },
    {
        "id": "4687",
        "name": "λ 符號徽章",
        "image": "https://raw.githubusercontent.com/Nereziel/cs2-WeaponPaints/main/website/img/skins/collectible-4687.png"
    },
    {
        "id": "4688",
        "name": "銅 λ 符號徽章",
        "image": "https://raw.githubusercontent.com/Nereziel/cs2-WeaponPaints/main/website/img/skins/collectible-4688.png"
    },
    {
        "id": "4689",
        "name": "CMB 徽章",
        "image": "https://raw.githubusercontent.com/Nereziel/cs2-WeaponPaints/main/website/img/skins/collectible-4689.png"
    },
    {
        "id": "4690",
        "name": "黑色高地徽章",
        "image": "https://raw.githubusercontent.com/Nereziel/cs2-WeaponPaints/main/website/img/skins/collectible-4690.png"
    },
    {
        "id": "4691",
        "name": "合成人頭盔徽章",
        "image": "https://raw.githubusercontent.com/Nereziel/cs2-WeaponPaints/main/website/img/skins/collectible-4691.png"
    },
    {
        "id": "4692",
        "name": "17 號城徽章",
        "image": "https://raw.githubusercontent.com/Nereziel/cs2-WeaponPaints/main/website/img/skins/collectible-4692.png"
    },
    {
        "id": "4700",
        "name": "「狂牙行動」挑戰幣",
        "image": "https://raw.githubusercontent.com/Nereziel/cs2-WeaponPaints/main/website/img/skins/collectible-4700.png"
    },
    {
        "id": "4701",
        "name": "「狂牙行動」銀幣",
        "image": "https://raw.githubusercontent.com/Nereziel/cs2-WeaponPaints/main/website/img/skins/collectible-4701.png"
    },
    {
        "id": "4702",
        "name": "「狂牙行動」金幣",
        "image": "https://raw.githubusercontent.com/Nereziel/cs2-WeaponPaints/main/website/img/skins/collectible-4702.png"
    },
    {
        "id": "4703",
        "name": "「狂牙行動」鑽石幣",
        "image": "https://raw.githubusercontent.com/Nereziel/cs2-WeaponPaints/main/website/img/skins/collectible-4703.png"
    },
    {
        "id": "4737",
        "name": "2021 年服役勳章",
        "image": "https://raw.githubusercontent.com/Nereziel/cs2-WeaponPaints/main/website/img/skins/collectible-4737.png"
    },
    {
        "id": "4738",
        "name": "2021 年服役勳章",
        "image": "https://raw.githubusercontent.com/Nereziel/cs2-WeaponPaints/main/website/img/skins/collectible-4738.png"
    },
    {
        "id": "4739",
        "name": "2021 年服役勳章",
        "image": "https://raw.githubusercontent.com/Nereziel/cs2-WeaponPaints/main/website/img/skins/collectible-4739.png"
    },
    {
        "id": "4740",
        "name": "2021 年服役勳章",
        "image": "https://raw.githubusercontent.com/Nereziel/cs2-WeaponPaints/main/website/img/skins/collectible-4740.png"
    },
    {
        "id": "4741",
        "name": "2021 年服役勳章",
        "image": "https://raw.githubusercontent.com/Nereziel/cs2-WeaponPaints/main/website/img/skins/collectible-4741.png"
    },
    {
        "id": "4742",
        "name": "2021 年服役勳章",
        "image": "https://raw.githubusercontent.com/Nereziel/cs2-WeaponPaints/main/website/img/skins/collectible-4742.png"
    },
    {
        "id": "4759",
        "name": "《猛潮行動》挑戰幣",
        "image": "https://raw.githubusercontent.com/Nereziel/cs2-WeaponPaints/main/website/img/skins/collectible-4759.png"
    },
    {
        "id": "4760",
        "name": "《狂潮行動》銀幣",
        "image": "https://raw.githubusercontent.com/Nereziel/cs2-WeaponPaints/main/website/img/skins/collectible-4760.png"
    },
    {
        "id": "4761",
        "name": "《猛潮行動》金幣",
        "image": "https://raw.githubusercontent.com/Nereziel/cs2-WeaponPaints/main/website/img/skins/collectible-4761.png"
    },
    {
        "id": "4762",
        "name": "《猛潮行動》鑽石幣",
        "image": "https://raw.githubusercontent.com/Nereziel/cs2-WeaponPaints/main/website/img/skins/collectible-4762.png"
    },
    {
        "id": "4797",
        "name": "Stockholm 2021 硬幣",
        "image": "https://raw.githubusercontent.com/Nereziel/cs2-WeaponPaints/main/website/img/skins/collectible-4797.png"
    },
    {
        "id": "4798",
        "name": "Stockholm 2021 銀幣",
        "image": "https://raw.githubusercontent.com/Nereziel/cs2-WeaponPaints/main/website/img/skins/collectible-4798.png"
    },
    {
        "id": "4799",
        "name": "Stockholm 2021 金幣",
        "image": "https://raw.githubusercontent.com/Nereziel/cs2-WeaponPaints/main/website/img/skins/collectible-4799.png"
    },
    {
        "id": "4800",
        "name": "Stockholm 2021 鑽石幣",
        "image": "https://raw.githubusercontent.com/Nereziel/cs2-WeaponPaints/main/website/img/skins/collectible-4800.png"
    },
    {
        "id": "4819",
        "name": "2022 年服役勳章",
        "image": "https://raw.githubusercontent.com/Nereziel/cs2-WeaponPaints/main/website/img/skins/collectible-4819.png"
    },
    {
        "id": "4820",
        "name": "2022 年服役勳章",
        "image": "https://raw.githubusercontent.com/Nereziel/cs2-WeaponPaints/main/website/img/skins/collectible-4820.png"
    },
    {
        "id": "4821",
        "name": "2022 年服役勳章",
        "image": "https://raw.githubusercontent.com/Nereziel/cs2-WeaponPaints/main/website/img/skins/collectible-4821.png"
    },
    {
        "id": "4822",
        "name": "2022 年服役勳章",
        "image": "https://raw.githubusercontent.com/Nereziel/cs2-WeaponPaints/main/website/img/skins/collectible-4822.png"
    },
    {
        "id": "4823",
        "name": "2022 年服役勳章",
        "image": "https://raw.githubusercontent.com/Nereziel/cs2-WeaponPaints/main/website/img/skins/collectible-4823.png"
    },
    {
        "id": "4824",
        "name": "2022 年服役勳章",
        "image": "https://raw.githubusercontent.com/Nereziel/cs2-WeaponPaints/main/website/img/skins/collectible-4824.png"
    },
    {
        "id": "4826",
        "name": "Antwerp 2022 硬幣",
        "image": "https://raw.githubusercontent.com/Nereziel/cs2-WeaponPaints/main/website/img/skins/collectible-4826.png"
    },
    {
        "id": "4827",
        "name": "Antwerp 2022 銀幣",
        "image": "https://raw.githubusercontent.com/Nereziel/cs2-WeaponPaints/main/website/img/skins/collectible-4827.png"
    },
    {
        "id": "4828",
        "name": "Antwerp 2022 金幣",
        "image": "https://raw.githubusercontent.com/Nereziel/cs2-WeaponPaints/main/website/img/skins/collectible-4828.png"
    },
    {
        "id": "4829",
        "name": "Antwerp 2022 鑽石幣",
        "image": "https://raw.githubusercontent.com/Nereziel/cs2-WeaponPaints/main/website/img/skins/collectible-4829.png"
    },
    {
        "id": "4851",
        "name": "Rio 2022 硬幣",
        "image": "https://raw.githubusercontent.com/Nereziel/cs2-WeaponPaints/main/website/img/skins/collectible-4851.png"
    },
    {
        "id": "4852",
        "name": "Rio 2022 銀幣",
        "image": "https://raw.githubusercontent.com/Nereziel/cs2-WeaponPaints/main/website/img/skins/collectible-4852.png"
    },
    {
        "id": "4853",
        "name": "Rio 2022 金幣",
        "image": "https://raw.githubusercontent.com/Nereziel/cs2-WeaponPaints/main/website/img/skins/collectible-4853.png"
    },
    {
        "id": "4854",
        "name": "Rio 2022 鑽石幣",
        "image": "https://raw.githubusercontent.com/Nereziel/cs2-WeaponPaints/main/website/img/skins/collectible-4854.png"
    },
    {
        "id": "4873",
        "name": "2023 年服役勳章",
        "image": "https://raw.githubusercontent.com/Nereziel/cs2-WeaponPaints/main/website/img/skins/collectible-4873.png"
    },
    {
        "id": "4874",
        "name": "2023 年服役勳章",
        "image": "https://raw.githubusercontent.com/Nereziel/cs2-WeaponPaints/main/website/img/skins/collectible-4874.png"
    },
    {
        "id": "4875",
        "name": "2023 年服役勳章",
        "image": "https://raw.githubusercontent.com/Nereziel/cs2-WeaponPaints/main/website/img/skins/collectible-4875.png"
    },
    {
        "id": "4876",
        "name": "2023 年服役勳章",
        "image": "https://raw.githubusercontent.com/Nereziel/cs2-WeaponPaints/main/website/img/skins/collectible-4876.png"
    },
    {
        "id": "4877",
        "name": "2023 年服役勳章",
        "image": "https://raw.githubusercontent.com/Nereziel/cs2-WeaponPaints/main/website/img/skins/collectible-4877.png"
    },
    {
        "id": "4878",
        "name": "2023 年服役勳章",
        "image": "https://raw.githubusercontent.com/Nereziel/cs2-WeaponPaints/main/website/img/skins/collectible-4878.png"
    },
    {
        "id": "4884",
        "name": "Paris 2023 硬幣",
        "image": "https://raw.githubusercontent.com/Nereziel/cs2-WeaponPaints/main/website/img/skins/collectible-4884.png"
    },
    {
        "id": "4885",
        "name": "Paris 2023 銀幣",
        "image": "https://raw.githubusercontent.com/Nereziel/cs2-WeaponPaints/main/website/img/skins/collectible-4885.png"
    },
    {
        "id": "4886",
        "name": "Paris 2023 金幣",
        "image": "https://raw.githubusercontent.com/Nereziel/cs2-WeaponPaints/main/website/img/skins/collectible-4886.png"
    },
    {
        "id": "4887",
        "name": "Paris 2023 鑽石幣",
        "image": "https://raw.githubusercontent.com/Nereziel/cs2-WeaponPaints/main/website/img/skins/collectible-4887.png"
    },
    {
        "id": "4906",
        "name": "2024 年服役勳章",
        "image": "https://raw.githubusercontent.com/Nereziel/cs2-WeaponPaints/main/website/img/skins/collectible-4906.png"
    },
    {
        "id": "4907",
        "name": "2024 年服役勳章",
        "image": "https://raw.githubusercontent.com/Nereziel/cs2-WeaponPaints/main/website/img/skins/collectible-4907.png"
    },
    {
        "id": "4908",
        "name": "2024 年服役勳章",
        "image": "https://raw.githubusercontent.com/Nereziel/cs2-WeaponPaints/main/website/img/skins/collectible-4908.png"
    },
    {
        "id": "4909",
        "name": "2024 年服役勳章",
        "image": "https://raw.githubusercontent.com/Nereziel/cs2-WeaponPaints/main/website/img/skins/collectible-4909.png"
    },
    {
        "id": "4910",
        "name": "2024 年服役勳章",
        "image": "https://raw.githubusercontent.com/Nereziel/cs2-WeaponPaints/main/website/img/skins/collectible-4910.png"
    },
    {
        "id": "4911",
        "name": "2024 年服役勳章",
        "image": "https://raw.githubusercontent.com/Nereziel/cs2-WeaponPaints/main/website/img/skins/collectible-4911.png"
    },
    {
        "id": "4917",
        "name": "Copenhagen 2024 硬幣",
        "image": "https://raw.githubusercontent.com/Nereziel/cs2-WeaponPaints/main/website/img/skins/collectible-4917.png"
    },
    {
        "id": "4918",
        "name": "Copenhagen 2024 銀幣",
        "image": "https://raw.githubusercontent.com/Nereziel/cs2-WeaponPaints/main/website/img/skins/collectible-4918.png"
    },
    {
        "id": "4919",
        "name": "Copenhagen 2024 金幣",
        "image": "https://raw.githubusercontent.com/Nereziel/cs2-WeaponPaints/main/website/img/skins/collectible-4919.png"
    },
    {
        "id": "4920",
        "name": "Copenhagen 2024 鑽石幣",
        "image": "https://raw.githubusercontent.com/Nereziel/cs2-WeaponPaints/main/website/img/skins/collectible-4920.png"
    },
    {
        "id": "4933",
        "name": "PGL Copenhagen 2024 冠軍",
        "image": "https://raw.githubusercontent.com/Nereziel/cs2-WeaponPaints/main/website/img/skins/collectible-4933.png"
    },
    {
        "id": "4934",
        "name": "PGL Copenhagen 2024 決賽選手",
        "image": "https://raw.githubusercontent.com/Nereziel/cs2-WeaponPaints/main/website/img/skins/collectible-4934.png"
    },
    {
        "id": "4935",
        "name": "PGL Copenhagen 2024 四強選手",
        "image": "https://raw.githubusercontent.com/Nereziel/cs2-WeaponPaints/main/website/img/skins/collectible-4935.png"
    },
    {
        "id": "4936",
        "name": "PGL Copenhagen 2024 八強選手",
        "image": "https://raw.githubusercontent.com/Nereziel/cs2-WeaponPaints/main/website/img/skins/collectible-4936.png"
    },
    {
        "id": "4941",
        "name": "Thera 地圖硬幣",
        "image": "https://raw.githubusercontent.com/Nereziel/cs2-WeaponPaints/main/website/img/skins/collectible-4941.png"
    },
    {
        "id": "4942",
        "name": "Mills 地圖硬幣",
        "image": "https://raw.githubusercontent.com/Nereziel/cs2-WeaponPaints/main/website/img/skins/collectible-4942.png"
    },
    {
        "id": "4943",
        "name": "Assembly 地圖硬幣",
        "image": "https://raw.githubusercontent.com/Nereziel/cs2-WeaponPaints/main/website/img/skins/collectible-4943.png"
    },
    {
        "id": "4944",
        "name": "Memento 地圖硬幣",
        "image": "https://raw.githubusercontent.com/Nereziel/cs2-WeaponPaints/main/website/img/skins/collectible-4944.png"
    },
    {
        "id": "4945",
        "name": "Pool Day 地圖硬幣",
        "image": "https://raw.githubusercontent.com/Nereziel/cs2-WeaponPaints/main/website/img/skins/collectible-4945.png"
    },
    {
        "id": "6001",
        "name": "正統 Dust II 徽章",
        "image": "https://raw.githubusercontent.com/Nereziel/cs2-WeaponPaints/main/website/img/skins/collectible-6001.png"
    },
    {
        "id": "6002",
        "name": "正統 菁英守衛者徽章",
        "image": "https://raw.githubusercontent.com/Nereziel/cs2-WeaponPaints/main/website/img/skins/collectible-6002.png"
    },
    {
        "id": "6003",
        "name": "正統 Mirage 徽章",
        "image": "https://raw.githubusercontent.com/Nereziel/cs2-WeaponPaints/main/website/img/skins/collectible-6003.png"
    },
    {
        "id": "6004",
        "name": "正統 Inferno 徽章",
        "image": "https://raw.githubusercontent.com/Nereziel/cs2-WeaponPaints/main/website/img/skins/collectible-6004.png"
    },
    {
        "id": "6005",
        "name": "正統 Italy 徽章",
        "image": "https://raw.githubusercontent.com/Nereziel/cs2-WeaponPaints/main/website/img/skins/collectible-6005.png"
    },
    {
        "id": "6006",
        "name": "正統 勝利徽章",
        "image": "https://raw.githubusercontent.com/Nereziel/cs2-WeaponPaints/main/website/img/skins/collectible-6006.png"
    },
    {
        "id": "6007",
        "name": "正統 Militia 徽章",
        "image": "https://raw.githubusercontent.com/Nereziel/cs2-WeaponPaints/main/website/img/skins/collectible-6007.png"
    },
    {
        "id": "6008",
        "name": "正統 Nuke 徽章",
        "image": "https://raw.githubusercontent.com/Nereziel/cs2-WeaponPaints/main/website/img/skins/collectible-6008.png"
    },
    {
        "id": "6009",
        "name": "正統 Train 徽章",
        "image": "https://raw.githubusercontent.com/Nereziel/cs2-WeaponPaints/main/website/img/skins/collectible-6009.png"
    },
    {
        "id": "6010",
        "name": "正統 守護者徽章",
        "image": "https://raw.githubusercontent.com/Nereziel/cs2-WeaponPaints/main/website/img/skins/collectible-6010.png"
    },
    {
        "id": "6011",
        "name": "正統 戰術徽章",
        "image": "https://raw.githubusercontent.com/Nereziel/cs2-WeaponPaints/main/website/img/skins/collectible-6011.png"
    },
    {
        "id": "6012",
        "name": "正統 守護者 2 徽章",
        "image": "https://raw.githubusercontent.com/Nereziel/cs2-WeaponPaints/main/website/img/skins/collectible-6012.png"
    },
    {
        "id": "6013",
        "name": "正統 英勇徽章",
        "image": "https://raw.githubusercontent.com/Nereziel/cs2-WeaponPaints/main/website/img/skins/collectible-6013.png"
    },
    {
        "id": "6014",
        "name": "正統 Baggage 徽章",
        "image": "https://raw.githubusercontent.com/Nereziel/cs2-WeaponPaints/main/website/img/skins/collectible-6014.png"
    },
    {
        "id": "6015",
        "name": "正統 鳳凰徽章",
        "image": "https://raw.githubusercontent.com/Nereziel/cs2-WeaponPaints/main/website/img/skins/collectible-6015.png"
    },
    {
        "id": "6016",
        "name": "正統 Office 徽章",
        "image": "https://raw.githubusercontent.com/Nereziel/cs2-WeaponPaints/main/website/img/skins/collectible-6016.png"
    },
    {
        "id": "6017",
        "name": "正統 Cobblestone 徽章",
        "image": "https://raw.githubusercontent.com/Nereziel/cs2-WeaponPaints/main/website/img/skins/collectible-6017.png"
    },
    {
        "id": "6018",
        "name": "正統 Overpass 徽章",
        "image": "https://raw.githubusercontent.com/Nereziel/cs2-WeaponPaints/main/website/img/skins/collectible-6018.png"
    },
    {
        "id": "6019",
        "name": "正統 獵犬徽章",
        "image": "https://raw.githubusercontent.com/Nereziel/cs2-WeaponPaints/main/website/img/skins/collectible-6019.png"
    },
    {
        "id": "6020",
        "name": "正統 Cache 徽章",
        "image": "https://raw.githubusercontent.com/Nereziel/cs2-WeaponPaints/main/website/img/skins/collectible-6020.png"
    },
    {
        "id": "6021",
        "name": "正統 維勒芮亞鳳凰徽章",
        "image": "https://raw.githubusercontent.com/Nereziel/cs2-WeaponPaints/main/website/img/skins/collectible-6021.png"
    },
    {
        "id": "6022",
        "name": "正統 炫彩徽章",
        "image": "https://raw.githubusercontent.com/Nereziel/cs2-WeaponPaints/main/website/img/skins/collectible-6022.png"
    },
    {
        "id": "6023",
        "name": "正統 守護者 3 徽章",
        "image": "https://raw.githubusercontent.com/Nereziel/cs2-WeaponPaints/main/website/img/skins/collectible-6023.png"
    },
    {
        "id": "6024",
        "name": "正統 Canals 徽章",
        "image": "https://raw.githubusercontent.com/Nereziel/cs2-WeaponPaints/main/website/img/skins/collectible-6024.png"
    },
    {
        "id": "6025",
        "name": "正統 歡迎來倒胃徽章",
        "image": "https://raw.githubusercontent.com/Nereziel/cs2-WeaponPaints/main/website/img/skins/collectible-6025.png"
    },
    {
        "id": "6026",
        "name": "正統 死亡判決徽章",
        "image": "https://raw.githubusercontent.com/Nereziel/cs2-WeaponPaints/main/website/img/skins/collectible-6026.png"
    },
    {
        "id": "6027",
        "name": "正統 Inferno 2 徽章",
        "image": "https://raw.githubusercontent.com/Nereziel/cs2-WeaponPaints/main/website/img/skins/collectible-6027.png"
    },
    {
        "id": "6028",
        "name": "正統 野火徽章",
        "image": "https://raw.githubusercontent.com/Nereziel/cs2-WeaponPaints/main/website/img/skins/collectible-6028.png"
    },
    {
        "id": "6029",
        "name": "正統 擠檸檬般簡單徽章",
        "image": "https://raw.githubusercontent.com/Nereziel/cs2-WeaponPaints/main/website/img/skins/collectible-6029.png"
    },
    {
        "id": "6030",
        "name": "正統 高調王牌徽章",
        "image": "https://raw.githubusercontent.com/Nereziel/cs2-WeaponPaints/main/website/img/skins/collectible-6030.png"
    },
    {
        "id": "6031",
        "name": "正統 九頭蛇徽章",
        "image": "https://raw.githubusercontent.com/Nereziel/cs2-WeaponPaints/main/website/img/skins/collectible-6031.png"
    },
    {
        "id": "6032",
        "name": "正統 咆嚎徽章",
        "image": "https://raw.githubusercontent.com/Nereziel/cs2-WeaponPaints/main/website/img/skins/collectible-6032.png"
    },
    {
        "id": "6033",
        "name": "正統 准將徽章",
        "image": "https://raw.githubusercontent.com/Nereziel/cs2-WeaponPaints/main/website/img/skins/collectible-6033.png"
    },
    {
        "id": "6034",
        "name": "正統 艾莉克絲徽章",
        "image": "https://raw.githubusercontent.com/Nereziel/cs2-WeaponPaints/main/website/img/skins/collectible-6034.png"
    },
    {
        "id": "6101",
        "name": "Dust II 徽章",
        "image": "https://raw.githubusercontent.com/Nereziel/cs2-WeaponPaints/main/website/img/skins/collectible-6101.png"
    },
    {
        "id": "6102",
        "name": "菁英守衛者徽章",
        "image": "https://raw.githubusercontent.com/Nereziel/cs2-WeaponPaints/main/website/img/skins/collectible-6102.png"
    },
    {
        "id": "6103",
        "name": "Mirage 徽章",
        "image": "https://raw.githubusercontent.com/Nereziel/cs2-WeaponPaints/main/website/img/skins/collectible-6103.png"
    },
    {
        "id": "6104",
        "name": "Inferno 徽章",
        "image": "https://raw.githubusercontent.com/Nereziel/cs2-WeaponPaints/main/website/img/skins/collectible-6104.png"
    },
    {
        "id": "6105",
        "name": "Italy 徽章",
        "image": "https://raw.githubusercontent.com/Nereziel/cs2-WeaponPaints/main/website/img/skins/collectible-6105.png"
    },
    {
        "id": "6106",
        "name": "勝利徽章",
        "image": "https://raw.githubusercontent.com/Nereziel/cs2-WeaponPaints/main/website/img/skins/collectible-6106.png"
    },
    {
        "id": "6107",
        "name": "Militia 徽章",
        "image": "https://raw.githubusercontent.com/Nereziel/cs2-WeaponPaints/main/website/img/skins/collectible-6107.png"
    },
    {
        "id": "6108",
        "name": "Nuke 徽章",
        "image": "https://raw.githubusercontent.com/Nereziel/cs2-WeaponPaints/main/website/img/skins/collectible-6108.png"
    },
    {
        "id": "6109",
        "name": "Train 徽章",
        "image": "https://raw.githubusercontent.com/Nereziel/cs2-WeaponPaints/main/website/img/skins/collectible-6109.png"
    },
    {
        "id": "6110",
        "name": "守護者徽章",
        "image": "https://raw.githubusercontent.com/Nereziel/cs2-WeaponPaints/main/website/img/skins/collectible-6110.png"
    },
    {
        "id": "6111",
        "name": "戰術徽章",
        "image": "https://raw.githubusercontent.com/Nereziel/cs2-WeaponPaints/main/website/img/skins/collectible-6111.png"
    },
    {
        "id": "6112",
        "name": "守護者 2 徽章",
        "image": "https://raw.githubusercontent.com/Nereziel/cs2-WeaponPaints/main/website/img/skins/collectible-6112.png"
    },
    {
        "id": "6113",
        "name": "英勇徽章",
        "image": "https://raw.githubusercontent.com/Nereziel/cs2-WeaponPaints/main/website/img/skins/collectible-6113.png"
    },
    {
        "id": "6114",
        "name": "Baggage 徽章",
        "image": "https://raw.githubusercontent.com/Nereziel/cs2-WeaponPaints/main/website/img/skins/collectible-6114.png"
    },
    {
        "id": "6115",
        "name": "鳳凰徽章",
        "image": "https://raw.githubusercontent.com/Nereziel/cs2-WeaponPaints/main/website/img/skins/collectible-6115.png"
    },
    {
        "id": "6116",
        "name": "Office 徽章",
        "image": "https://raw.githubusercontent.com/Nereziel/cs2-WeaponPaints/main/website/img/skins/collectible-6116.png"
    },
    {
        "id": "6117",
        "name": "Cobblestone 徽章",
        "image": "https://raw.githubusercontent.com/Nereziel/cs2-WeaponPaints/main/website/img/skins/collectible-6117.png"
    },
    {
        "id": "6118",
        "name": "Overpass 徽章",
        "image": "https://raw.githubusercontent.com/Nereziel/cs2-WeaponPaints/main/website/img/skins/collectible-6118.png"
    },
    {
        "id": "6119",
        "name": "獵犬徽章",
        "image": "https://raw.githubusercontent.com/Nereziel/cs2-WeaponPaints/main/website/img/skins/collectible-6119.png"
    },
    {
        "id": "6120",
        "name": "Cache 徽章",
        "image": "https://raw.githubusercontent.com/Nereziel/cs2-WeaponPaints/main/website/img/skins/collectible-6120.png"
    },
    {
        "id": "6121",
        "name": "維勒芮亞鳳凰徽章",
        "image": "https://raw.githubusercontent.com/Nereziel/cs2-WeaponPaints/main/website/img/skins/collectible-6121.png"
    },
    {
        "id": "6122",
        "name": "炫彩徽章",
        "image": "https://raw.githubusercontent.com/Nereziel/cs2-WeaponPaints/main/website/img/skins/collectible-6122.png"
    },
    {
        "id": "6123",
        "name": "守護者 3 徽章",
        "image": "https://raw.githubusercontent.com/Nereziel/cs2-WeaponPaints/main/website/img/skins/collectible-6123.png"
    },
    {
        "id": "6124",
        "name": "Canals 徽章",
        "image": "https://raw.githubusercontent.com/Nereziel/cs2-WeaponPaints/main/website/img/skins/collectible-6124.png"
    },
    {
        "id": "6125",
        "name": "歡迎來倒胃徽章",
        "image": "https://raw.githubusercontent.com/Nereziel/cs2-WeaponPaints/main/website/img/skins/collectible-6125.png"
    },
    {
        "id": "6126",
        "name": "死亡判決徽章",
        "image": "https://raw.githubusercontent.com/Nereziel/cs2-WeaponPaints/main/website/img/skins/collectible-6126.png"
    },
    {
        "id": "6127",
        "name": "Inferno 2 徽章",
        "image": "https://raw.githubusercontent.com/Nereziel/cs2-WeaponPaints/main/website/img/skins/collectible-6127.png"
    },
    {
        "id": "6128",
        "name": "野火徽章",
        "image": "https://raw.githubusercontent.com/Nereziel/cs2-WeaponPaints/main/website/img/skins/collectible-6128.png"
    },
    {
        "id": "6129",
        "name": "擠檸檬般簡單徽章",
        "image": "https://raw.githubusercontent.com/Nereziel/cs2-WeaponPaints/main/website/img/skins/collectible-6129.png"
    },
    {
        "id": "6130",
        "name": "高調王牌徽章",
        "image": "https://raw.githubusercontent.com/Nereziel/cs2-WeaponPaints/main/website/img/skins/collectible-6130.png"
    },
    {
        "id": "6131",
        "name": "九頭蛇徽章",
        "image": "https://raw.githubusercontent.com/Nereziel/cs2-WeaponPaints/main/website/img/skins/collectible-6131.png"
    },
    {
        "id": "6132",
        "name": "咆嚎徽章",
        "image": "https://raw.githubusercontent.com/Nereziel/cs2-WeaponPaints/main/website/img/skins/collectible-6132.png"
    },
    {
        "id": "6133",
        "name": "准將徽章",
        "image": "https://raw.githubusercontent.com/Nereziel/cs2-WeaponPaints/main/website/img/skins/collectible-6133.png"
    },
    {
        "id": "6134",
        "name": "艾莉克絲徽章",
        "image": "https://raw.githubusercontent.com/Nereziel/cs2-WeaponPaints/main/website/img/skins/collectible-6134.png"
    }
]