[
    {
        "id": "875",
        "name": "Campeão da DreamHack 2013",
        "image": "https://raw.githubusercontent.com/Nereziel/cs2-WeaponPaints/main/website/img/skins/collectible-875.png"
    },
    {
        "id": "876",
        "name": "Finalista da DreamHack 2013",
        "image": "https://raw.githubusercontent.com/Nereziel/cs2-WeaponPaints/main/website/img/skins/collectible-876.png"
    },
    {
        "id": "877",
        "name": "Semifinalista da DreamHack 2013",
        "image": "https://raw.githubusercontent.com/Nereziel/cs2-WeaponPaints/main/website/img/skins/collectible-877.png"
    },
    {
        "id": "878",
        "name": "Participante nos Quartos de Final da DreamHack 2013",
        "image": "https://raw.githubusercontent.com/Nereziel/cs2-WeaponPaints/main/website/img/skins/collectible-878.png"
    },
    {
        "id": "879",
        "name": "Campeão do EMS One Katowice 2014",
        "image": "https://raw.githubusercontent.com/Nereziel/cs2-WeaponPaints/main/website/img/skins/collectible-879.png"
    },
    {
        "id": "880",
        "name": "Finalista do EMS One Katowice 2014",
        "image": "https://raw.githubusercontent.com/Nereziel/cs2-WeaponPaints/main/website/img/skins/collectible-880.png"
    },
    {
        "id": "881",
        "name": "Semifinalista do EMS One Katowice 2014",
        "image": "https://raw.githubusercontent.com/Nereziel/cs2-WeaponPaints/main/website/img/skins/collectible-881.png"
    },
    {
        "id": "882",
        "name": "Participante nos Quartos de Final do EMS One Katowice 2014",
        "image": "https://raw.githubusercontent.com/Nereziel/cs2-WeaponPaints/main/website/img/skins/collectible-882.png"
    },
    {
        "id": "883",
        "name": "Campeão do ESL One Cologne 2014",
        "image": "https://raw.githubusercontent.com/Nereziel/cs2-WeaponPaints/main/website/img/skins/collectible-883.png"
    },
    {
        "id": "884",
        "name": "Finalista do ESL One Cologne 2014",
        "image": "https://raw.githubusercontent.com/Nereziel/cs2-WeaponPaints/main/website/img/skins/collectible-884.png"
    },
    {
        "id": "885",
        "name": "Semifinalista do ESL One Cologne 2014",
        "image": "https://raw.githubusercontent.com/Nereziel/cs2-WeaponPaints/main/website/img/skins/collectible-885.png"
    },
    {
        "id": "886",
        "name": "Participante nos Quartos de Final do ESL One Cologne 2014",
        "image": "https://raw.githubusercontent.com/Nereziel/cs2-WeaponPaints/main/website/img/skins/collectible-886.png"
    },
    {
        "id": "887",
        "name": "Troféu de Bronze - Pick'Em: Cologne 2014",
        "image": "https://raw.githubusercontent.com/Nereziel/cs2-WeaponPaints/main/website/img/skins/collectible-887.png"
    },
    {
        "id": "888",
        "name": "Troféu de Prata - Pick'Em: Cologne 2014",
        "image": "https://raw.githubusercontent.com/Nereziel/cs2-WeaponPaints/main/website/img/skins/collectible-888.png"
    },
    {
        "id": "889",
        "name": "Troféu de Ouro - Pick'Em: Cologne 2014",
        "image": "https://raw.githubusercontent.com/Nereziel/cs2-WeaponPaints/main/website/img/skins/collectible-889.png"
    },
    {
        "id": "890",
        "name": "Campeão da DreamHack Winter 2014",
        "image": "https://raw.githubusercontent.com/Nereziel/cs2-WeaponPaints/main/website/img/skins/collectible-890.png"
    },
    {
        "id": "891",
        "name": "Finalista da DreamHack Winter 2014",
        "image": "https://raw.githubusercontent.com/Nereziel/cs2-WeaponPaints/main/website/img/skins/collectible-891.png"
    },
    {
        "id": "892",
        "name": "Semifinalista da DreamHack Winter 2014",
        "image": "https://raw.githubusercontent.com/Nereziel/cs2-WeaponPaints/main/website/img/skins/collectible-892.png"
    },
    {
        "id": "893",
        "name": "Participante nos Quartos de Final da DreamHack Winter 2014",
        "image": "https://raw.githubusercontent.com/Nereziel/cs2-WeaponPaints/main/website/img/skins/collectible-893.png"
    },
    {
        "id": "894",
        "name": "Troféu de Bronze - Pick'Em: DreamHack 2014",
        "image": "https://raw.githubusercontent.com/Nereziel/cs2-WeaponPaints/main/website/img/skins/collectible-894.png"
    },
    {
        "id": "895",
        "name": "Troféu de Prata - Pick'Em: DreamHack 2014",
        "image": "https://raw.githubusercontent.com/Nereziel/cs2-WeaponPaints/main/website/img/skins/collectible-895.png"
    },
    {
        "id": "896",
        "name": "Troféu de Ouro - Pick'Em: DreamHack 2014",
        "image": "https://raw.githubusercontent.com/Nereziel/cs2-WeaponPaints/main/website/img/skins/collectible-896.png"
    },
    {
        "id": "897",
        "name": "Campeão do ESL One Katowice 2015",
        "image": "https://raw.githubusercontent.com/Nereziel/cs2-WeaponPaints/main/website/img/skins/collectible-897.png"
    },
    {
        "id": "898",
        "name": "Finalista do ESL One Katowice 2015",
        "image": "https://raw.githubusercontent.com/Nereziel/cs2-WeaponPaints/main/website/img/skins/collectible-898.png"
    },
    {
        "id": "899",
        "name": "Semifinalista do ESL One Katowice 2015",
        "image": "https://raw.githubusercontent.com/Nereziel/cs2-WeaponPaints/main/website/img/skins/collectible-899.png"
    },
    {
        "id": "900",
        "name": "Participante nos Quartos de Final do ESL One Katowice 2015",
        "image": "https://raw.githubusercontent.com/Nereziel/cs2-WeaponPaints/main/website/img/skins/collectible-900.png"
    },
    {
        "id": "901",
        "name": "Troféu de Bronze - Pick'Em: Katowice 2015",
        "image": "https://raw.githubusercontent.com/Nereziel/cs2-WeaponPaints/main/website/img/skins/collectible-901.png"
    },
    {
        "id": "902",
        "name": "Troféu de Prata - Pick'Em: Katowice 2015",
        "image": "https://raw.githubusercontent.com/Nereziel/cs2-WeaponPaints/main/website/img/skins/collectible-902.png"
    },
    {
        "id": "903",
        "name": "Troféu de Ouro - Pick'Em: Katowice 2015",
        "image": "https://raw.githubusercontent.com/Nereziel/cs2-WeaponPaints/main/website/img/skins/collectible-903.png"
    },
    {
        "id": "904",
        "name": "Campeão do ESL One Cologne 2015",
        "image": "https://raw.githubusercontent.com/Nereziel/cs2-WeaponPaints/main/website/img/skins/collectible-904.png"
    },
    {
        "id": "905",
        "name": "Finalista do ESL One Cologne 2015",
        "image": "https://raw.githubusercontent.com/Nereziel/cs2-WeaponPaints/main/website/img/skins/collectible-905.png"
    },
    {
        "id": "906",
        "name": "Semifinalista do ESL One Cologne 2015",
        "image": "https://raw.githubusercontent.com/Nereziel/cs2-WeaponPaints/main/website/img/skins/collectible-906.png"
    },
    {
        "id": "907",
        "name": "Participante nos Quartos de Final do ESL One Cologne 2015",
        "image": "https://raw.githubusercontent.com/Nereziel/cs2-WeaponPaints/main/website/img/skins/collectible-907.png"
    },
    {
        "id": "908",
        "name": "Troféu de Bronze - Pick'Em: Cologne 2015",
        "image": "https://raw.githubusercontent.com/Nereziel/cs2-WeaponPaints/main/website/img/skins/collectible-908.png"
    },
    {
        "id": "909",
        "name": "Troféu de Prata - Pick'Em: Cologne 2015",
        "image": "https://raw.githubusercontent.com/Nereziel/cs2-WeaponPaints/main/website/img/skins/collectible-909.png"
    },
    {
        "id": "910",
        "name": "Troféu de Ouro - Pick'Em: Cologne 2015",
        "image": "https://raw.githubusercontent.com/Nereziel/cs2-WeaponPaints/main/website/img/skins/collectible-910.png"
    },
    {
        "id": "911",
        "name": "Troféu de Bronze - Pick'Em: Cluj-Napoca 2015",
        "image": "https://raw.githubusercontent.com/Nereziel/cs2-WeaponPaints/main/website/img/skins/collectible-911.png"
    },
    {
        "id": "912",
        "name": "Troféu de Prata - Pick'Em: Cluj-Napoca 2015",
        "image": "https://raw.githubusercontent.com/Nereziel/cs2-WeaponPaints/main/website/img/skins/collectible-912.png"
    },
    {
        "id": "913",
        "name": "Troféu de Ouro - Pick'Em: Cluj-Napoca 2015",
        "image": "https://raw.githubusercontent.com/Nereziel/cs2-WeaponPaints/main/website/img/skins/collectible-913.png"
    },
    {
        "id": "914",
        "name": "Troféu de Bronze - Equipa de Sonho: Cluj-Napoca 2015",
        "image": "https://raw.githubusercontent.com/Nereziel/cs2-WeaponPaints/main/website/img/skins/collectible-914.png"
    },
    {
        "id": "915",
        "name": "Troféu de Prata - Equipa de Sonho: Cluj-Napoca 2015",
        "image": "https://raw.githubusercontent.com/Nereziel/cs2-WeaponPaints/main/website/img/skins/collectible-915.png"
    },
    {
        "id": "916",
        "name": "Troféu de Ouro - Equipa de Sonho: Cluj-Napoca 2015",
        "image": "https://raw.githubusercontent.com/Nereziel/cs2-WeaponPaints/main/website/img/skins/collectible-916.png"
    },
    {
        "id": "917",
        "name": "Campeão do DreamHack Cluj-Napoca 2015",
        "image": "https://raw.githubusercontent.com/Nereziel/cs2-WeaponPaints/main/website/img/skins/collectible-917.png"
    },
    {
        "id": "918",
        "name": "Finalista do DreamHack Cluj-Napoca 2015",
        "image": "https://raw.githubusercontent.com/Nereziel/cs2-WeaponPaints/main/website/img/skins/collectible-918.png"
    },
    {
        "id": "919",
        "name": "Semifinalista do DreamHack Cluj-Napoca 2015",
        "image": "https://raw.githubusercontent.com/Nereziel/cs2-WeaponPaints/main/website/img/skins/collectible-919.png"
    },
    {
        "id": "920",
        "name": "Participante nos Quartos de Final do DreamHack Cluj-Napoca 2015",
        "image": "https://raw.githubusercontent.com/Nereziel/cs2-WeaponPaints/main/website/img/skins/collectible-920.png"
    },
    {
        "id": "921",
        "name": "Troféu de Bronze - Pick'Em: Columbus 2016",
        "image": "https://raw.githubusercontent.com/Nereziel/cs2-WeaponPaints/main/website/img/skins/collectible-921.png"
    },
    {
        "id": "922",
        "name": "Troféu de Prata - Pick'Em: Columbus 2016",
        "image": "https://raw.githubusercontent.com/Nereziel/cs2-WeaponPaints/main/website/img/skins/collectible-922.png"
    },
    {
        "id": "923",
        "name": "Troféu de Ouro - Pick'Em: Columbus 2016",
        "image": "https://raw.githubusercontent.com/Nereziel/cs2-WeaponPaints/main/website/img/skins/collectible-923.png"
    },
    {
        "id": "924",
        "name": "Troféu de Bronze - Equipa de Sonho: Columbus 2016",
        "image": "https://raw.githubusercontent.com/Nereziel/cs2-WeaponPaints/main/website/img/skins/collectible-924.png"
    },
    {
        "id": "925",
        "name": "Troféu de Prata - Equipa de Sonho: Columbus 2016",
        "image": "https://raw.githubusercontent.com/Nereziel/cs2-WeaponPaints/main/website/img/skins/collectible-925.png"
    },
    {
        "id": "926",
        "name": "Troféu de Ouro - Equipa de Sonho: Columbus 2016",
        "image": "https://raw.githubusercontent.com/Nereziel/cs2-WeaponPaints/main/website/img/skins/collectible-926.png"
    },
    {
        "id": "927",
        "name": "Campeão do MLG Columbus 2016",
        "image": "https://raw.githubusercontent.com/Nereziel/cs2-WeaponPaints/main/website/img/skins/collectible-927.png"
    },
    {
        "id": "928",
        "name": "Finalista do MLG Columbus 2016",
        "image": "https://raw.githubusercontent.com/Nereziel/cs2-WeaponPaints/main/website/img/skins/collectible-928.png"
    },
    {
        "id": "929",
        "name": "Semifinalista do MLG Columbus 2016",
        "image": "https://raw.githubusercontent.com/Nereziel/cs2-WeaponPaints/main/website/img/skins/collectible-929.png"
    },
    {
        "id": "930",
        "name": "Participante nos Quartos de Final do MLG Columbus 2016",
        "image": "https://raw.githubusercontent.com/Nereziel/cs2-WeaponPaints/main/website/img/skins/collectible-930.png"
    },
    {
        "id": "931",
        "name": "Campeão do ESL One Cologne 2016",
        "image": "https://raw.githubusercontent.com/Nereziel/cs2-WeaponPaints/main/website/img/skins/collectible-931.png"
    },
    {
        "id": "932",
        "name": "Finalista do ESL One Cologne 2016",
        "image": "https://raw.githubusercontent.com/Nereziel/cs2-WeaponPaints/main/website/img/skins/collectible-932.png"
    },
    {
        "id": "933",
        "name": "Semifinalista do ESL One Cologne 2016",
        "image": "https://raw.githubusercontent.com/Nereziel/cs2-WeaponPaints/main/website/img/skins/collectible-933.png"
    },
    {
        "id": "934",
        "name": "Participante nos Quartos de Final do ESL One Cologne 2016",
        "image": "https://raw.githubusercontent.com/Nereziel/cs2-WeaponPaints/main/website/img/skins/collectible-934.png"
    },
    {
        "id": "935",
        "name": "Troféu de Bronze - Pick'Em: Cologne 2016",
        "image": "https://raw.githubusercontent.com/Nereziel/cs2-WeaponPaints/main/website/img/skins/collectible-935.png"
    },
    {
        "id": "936",
        "name": "Troféu de Prata - Pick'Em: Cologne 2016",
        "image": "https://raw.githubusercontent.com/Nereziel/cs2-WeaponPaints/main/website/img/skins/collectible-936.png"
    },
    {
        "id": "937",
        "name": "Troféu de Ouro - Pick'Em: Cologne 2016",
        "image": "https://raw.githubusercontent.com/Nereziel/cs2-WeaponPaints/main/website/img/skins/collectible-937.png"
    },
    {
        "id": "938",
        "name": "Troféu de Bronze - Equipa de Sonho: Cologne 2016",
        "image": "https://raw.githubusercontent.com/Nereziel/cs2-WeaponPaints/main/website/img/skins/collectible-938.png"
    },
    {
        "id": "939",
        "name": "Troféu de Prata - Equipa de Sonho: Cologne 2016",
        "image": "https://raw.githubusercontent.com/Nereziel/cs2-WeaponPaints/main/website/img/skins/collectible-939.png"
    },
    {
        "id": "940",
        "name": "Troféu de Ouro - Equipa de Sonho: Cologne 2016",
        "image": "https://raw.githubusercontent.com/Nereziel/cs2-WeaponPaints/main/website/img/skins/collectible-940.png"
    },
    {
        "id": "941",
        "name": "Campeão do ELEAGUE Atlanta 2017",
        "image": "https://raw.githubusercontent.com/Nereziel/cs2-WeaponPaints/main/website/img/skins/collectible-941.png"
    },
    {
        "id": "942",
        "name": "Finalista do ELEAGUE Atlanta 2017",
        "image": "https://raw.githubusercontent.com/Nereziel/cs2-WeaponPaints/main/website/img/skins/collectible-942.png"
    },
    {
        "id": "943",
        "name": "Semifinalista do ELEAGUE Atlanta 2017",
        "image": "https://raw.githubusercontent.com/Nereziel/cs2-WeaponPaints/main/website/img/skins/collectible-943.png"
    },
    {
        "id": "944",
        "name": "Participante nos Quartos de Final do ELEAGUE Atlanta 2017",
        "image": "https://raw.githubusercontent.com/Nereziel/cs2-WeaponPaints/main/website/img/skins/collectible-944.png"
    },
    {
        "id": "945",
        "name": "Troféu de Bronze - Pick'Em: Atlanta 2017",
        "image": "https://raw.githubusercontent.com/Nereziel/cs2-WeaponPaints/main/website/img/skins/collectible-945.png"
    },
    {
        "id": "946",
        "name": "Troféu de Prata - Pick'Em: Atlanta 2017",
        "image": "https://raw.githubusercontent.com/Nereziel/cs2-WeaponPaints/main/website/img/skins/collectible-946.png"
    },
    {
        "id": "947",
        "name": "Troféu de Ouro - Pick'Em: Atlanta 2017",
        "image": "https://raw.githubusercontent.com/Nereziel/cs2-WeaponPaints/main/website/img/skins/collectible-947.png"
    },
    {
        "id": "948",
        "name": "Campeão do PGL Krakow 2017",
        "image": "https://raw.githubusercontent.com/Nereziel/cs2-WeaponPaints/main/website/img/skins/collectible-948.png"
    },
    {
        "id": "949",
        "name": "Finalista do PGL Krakow 2017",
        "image": "https://raw.githubusercontent.com/Nereziel/cs2-WeaponPaints/main/website/img/skins/collectible-949.png"
    },
    {
        "id": "950",
        "name": "Semifinalista do PGL Krakow 2017",
        "image": "https://raw.githubusercontent.com/Nereziel/cs2-WeaponPaints/main/website/img/skins/collectible-950.png"
    },
    {
        "id": "951",
        "name": "Participante nos Quartos de Final do PGL Krakow 2017",
        "image": "https://raw.githubusercontent.com/Nereziel/cs2-WeaponPaints/main/website/img/skins/collectible-951.png"
    },
    {
        "id": "952",
        "name": "Troféu de Bronze - Pick'Em: PGL Krakow 2017",
        "image": "https://raw.githubusercontent.com/Nereziel/cs2-WeaponPaints/main/website/img/skins/collectible-952.png"
    },
    {
        "id": "953",
        "name": "Troféu de Prata - PGL Krakow 2017",
        "image": "https://raw.githubusercontent.com/Nereziel/cs2-WeaponPaints/main/website/img/skins/collectible-953.png"
    },
    {
        "id": "954",
        "name": "Troféu de Ouro - Pick'Em: PGL Krakow 2017",
        "image": "https://raw.githubusercontent.com/Nereziel/cs2-WeaponPaints/main/website/img/skins/collectible-954.png"
    },
    {
        "id": "955",
        "name": "Campeão do ELEAGUE Boston 2018",
        "image": "https://raw.githubusercontent.com/Nereziel/cs2-WeaponPaints/main/website/img/skins/collectible-955.png"
    },
    {
        "id": "956",
        "name": "Finalista do ELEAGUE Boston 2018",
        "image": "https://raw.githubusercontent.com/Nereziel/cs2-WeaponPaints/main/website/img/skins/collectible-956.png"
    },
    {
        "id": "957",
        "name": "Semifinalista do ELEAGUE Boston 2018",
        "image": "https://raw.githubusercontent.com/Nereziel/cs2-WeaponPaints/main/website/img/skins/collectible-957.png"
    },
    {
        "id": "958",
        "name": "Participante nos Quartos de Final do ELEAGUE Boston 2018",
        "image": "https://raw.githubusercontent.com/Nereziel/cs2-WeaponPaints/main/website/img/skins/collectible-958.png"
    },
    {
        "id": "959",
        "name": "Troféu de Bronze - Pick'Em: Boston 2018",
        "image": "https://raw.githubusercontent.com/Nereziel/cs2-WeaponPaints/main/website/img/skins/collectible-959.png"
    },
    {
        "id": "960",
        "name": "Troféu de Prata - Pick'Em: Boston 2018",
        "image": "https://raw.githubusercontent.com/Nereziel/cs2-WeaponPaints/main/website/img/skins/collectible-960.png"
    },
    {
        "id": "961",
        "name": "Troféu de Ouro - Pick'Em: Boston 2018",
        "image": "https://raw.githubusercontent.com/Nereziel/cs2-WeaponPaints/main/website/img/skins/collectible-961.png"
    },
    {
        "id": "962",
        "name": "Campeão do FACEIT Major 2018 em Londres",
        "image": "https://raw.githubusercontent.com/Nereziel/cs2-WeaponPaints/main/website/img/skins/collectible-962.png"
    },
    {
        "id": "963",
        "name": "Finalista do FACEIT Major 2018 em Londres",
        "image": "https://raw.githubusercontent.com/Nereziel/cs2-WeaponPaints/main/website/img/skins/collectible-963.png"
    },
    {
        "id": "964",
        "name": "Semifinalista do FACEIT Major 2018 em Londres",
        "image": "https://raw.githubusercontent.com/Nereziel/cs2-WeaponPaints/main/website/img/skins/collectible-964.png"
    },
    {
        "id": "965",
        "name": "Participante nos Quartos de Final do FACEIT Major 2018 em Londres",
        "image": "https://raw.githubusercontent.com/Nereziel/cs2-WeaponPaints/main/website/img/skins/collectible-965.png"
    },
    {
        "id": "966",
        "name": "Troféu de Bronze - Pick'Em: Londres 2018",
        "image": "https://raw.githubusercontent.com/Nereziel/cs2-WeaponPaints/main/website/img/skins/collectible-966.png"
    },
    {
        "id": "967",
        "name": "Troféu de Prata - Pick'Em: Londres 2018",
        "image": "https://raw.githubusercontent.com/Nereziel/cs2-WeaponPaints/main/website/img/skins/collectible-967.png"
    },
    {
        "id": "968",
        "name": "Troféu de Ouro - Pick'Em: Londres 2018",
        "image": "https://raw.githubusercontent.com/Nereziel/cs2-WeaponPaints/main/website/img/skins/collectible-968.png"
    },
    {
        "id": "971",
        "name": "Campeão do IEM Katowice 2019",
        "image": "https://raw.githubusercontent.com/Nereziel/cs2-WeaponPaints/main/website/img/skins/collectible-971.png"
    },
    {
        "id": "972",
        "name": "Finalista do IEM Katowice 2019",
        "image": "https://raw.githubusercontent.com/Nereziel/cs2-WeaponPaints/main/website/img/skins/collectible-972.png"
    },
    {
        "id": "973",
        "name": "Semifinalista do IEM Katowice 2019",
        "image": "https://raw.githubusercontent.com/Nereziel/cs2-WeaponPaints/main/website/img/skins/collectible-973.png"
    },
    {
        "id": "974",
        "name": "Participante nos Quartos de Final do IEM Katowice 2019",
        "image": "https://raw.githubusercontent.com/Nereziel/cs2-WeaponPaints/main/website/img/skins/collectible-974.png"
    },
    {
        "id": "975",
        "name": "Campeão do StarLadder Major 2019 em Berlim",
        "image": "https://raw.githubusercontent.com/Nereziel/cs2-WeaponPaints/main/website/img/skins/collectible-975.png"
    },
    {
        "id": "976",
        "name": "Finalista do StarLadder Major 2019 em Berlim",
        "image": "https://raw.githubusercontent.com/Nereziel/cs2-WeaponPaints/main/website/img/skins/collectible-976.png"
    },
    {
        "id": "977",
        "name": "Semifinalista do StarLadder Major 2019 em Berlim",
        "image": "https://raw.githubusercontent.com/Nereziel/cs2-WeaponPaints/main/website/img/skins/collectible-977.png"
    },
    {
        "id": "978",
        "name": "Participante nos Quartos de Final do StarLadder Major 2019 em Berlim",
        "image": "https://raw.githubusercontent.com/Nereziel/cs2-WeaponPaints/main/website/img/skins/collectible-978.png"
    },
    {
        "id": "979",
        "name": "Campeão do PGL Estocolmo 2021",
        "image": "https://raw.githubusercontent.com/Nereziel/cs2-WeaponPaints/main/website/img/skins/collectible-979.png"
    },
    {
        "id": "980",
        "name": "Finalista do PGL Estocolmo 2021",
        "image": "https://raw.githubusercontent.com/Nereziel/cs2-WeaponPaints/main/website/img/skins/collectible-980.png"
    },
    {
        "id": "981",
        "name": "Semifinalista do PGL Estocolmo 2021",
        "image": "https://raw.githubusercontent.com/Nereziel/cs2-WeaponPaints/main/website/img/skins/collectible-981.png"
    },
    {
        "id": "982",
        "name": "Participante nos Quartos de Final do PGL Estocolmo 2021",
        "image": "https://raw.githubusercontent.com/Nereziel/cs2-WeaponPaints/main/website/img/skins/collectible-982.png"
    },
    {
        "id": "983",
        "name": "Campeão do PGL Antuérpia 2022",
        "image": "https://raw.githubusercontent.com/Nereziel/cs2-WeaponPaints/main/website/img/skins/collectible-983.png"
    },
    {
        "id": "984",
        "name": "Finalista do PGL Antuérpia 2022",
        "image": "https://raw.githubusercontent.com/Nereziel/cs2-WeaponPaints/main/website/img/skins/collectible-984.png"
    },
    {
        "id": "985",
        "name": "Semifinalista do PGL Antuérpia 2022",
        "image": "https://raw.githubusercontent.com/Nereziel/cs2-WeaponPaints/main/website/img/skins/collectible-985.png"
    },
    {
        "id": "986",
        "name": "Participante nos Quartos de Final do PGL Antuérpia 2022",
        "image": "https://raw.githubusercontent.com/Nereziel/cs2-WeaponPaints/main/website/img/skins/collectible-986.png"
    },
    {
        "id": "988",
        "name": "Campeão do IEM Rio 2022",
        "image": "https://raw.githubusercontent.com/Nereziel/cs2-WeaponPaints/main/website/img/skins/collectible-988.png"
    },
    {
        "id": "989",
        "name": "Finalista do IEM Rio 2022",
        "image": "https://raw.githubusercontent.com/Nereziel/cs2-WeaponPaints/main/website/img/skins/collectible-989.png"
    },
    {
        "id": "990",
        "name": "Semifinalista do IEM Rio 2022",
        "image": "https://raw.githubusercontent.com/Nereziel/cs2-WeaponPaints/main/website/img/skins/collectible-990.png"
    },
    {
        "id": "991",
        "name": "Participante nos Quartos de Final do IEM Rio 2022",
        "image": "https://raw.githubusercontent.com/Nereziel/cs2-WeaponPaints/main/website/img/skins/collectible-991.png"
    },
    {
        "id": "992",
        "name": "Campeão do BLAST.tv Paris 2023",
        "image": "https://raw.githubusercontent.com/Nereziel/cs2-WeaponPaints/main/website/img/skins/collectible-992.png"
    },
    {
        "id": "993",
        "name": "Finalista do BLAST.tv Paris 2023",
        "image": "https://raw.githubusercontent.com/Nereziel/cs2-WeaponPaints/main/website/img/skins/collectible-993.png"
    },
    {
        "id": "994",
        "name": "Semifinalista do BLAST.tv Paris 2023",
        "image": "https://raw.githubusercontent.com/Nereziel/cs2-WeaponPaints/main/website/img/skins/collectible-994.png"
    },
    {
        "id": "995",
        "name": "Participante nos Quartos de Final do BLAST.tv Paris 2023",
        "image": "https://raw.githubusercontent.com/Nereziel/cs2-WeaponPaints/main/website/img/skins/collectible-995.png"
    },
    {
        "id": "1001",
        "name": "Moeda da Operação Payback",
        "image": "https://raw.githubusercontent.com/Nereziel/cs2-WeaponPaints/main/website/img/skins/collectible-1001.png"
    },
    {
        "id": "1002",
        "name": "Moeda de Prata da Operação Payback",
        "image": "https://raw.githubusercontent.com/Nereziel/cs2-WeaponPaints/main/website/img/skins/collectible-1002.png"
    },
    {
        "id": "1003",
        "name": "Moeda de Ouro da Operação Payback",
        "image": "https://raw.githubusercontent.com/Nereziel/cs2-WeaponPaints/main/website/img/skins/collectible-1003.png"
    },
    {
        "id": "1004",
        "name": "Moeda do Mapa \\\"Museum\\\"",
        "image": "https://raw.githubusercontent.com/Nereziel/cs2-WeaponPaints/main/website/img/skins/collectible-1004.png"
    },
    {
        "id": "1005",
        "name": "Moeda do Mapa \\\"Downtown\\\"",
        "image": "https://raw.githubusercontent.com/Nereziel/cs2-WeaponPaints/main/website/img/skins/collectible-1005.png"
    },
    {
        "id": "1006",
        "name": "Moeda do Mapa \\\"Thunder\\\"",
        "image": "https://raw.githubusercontent.com/Nereziel/cs2-WeaponPaints/main/website/img/skins/collectible-1006.png"
    },
    {
        "id": "1007",
        "name": "Moeda do Mapa \\\"Favela\\\"",
        "image": "https://raw.githubusercontent.com/Nereziel/cs2-WeaponPaints/main/website/img/skins/collectible-1007.png"
    },
    {
        "id": "1008",
        "name": "Moeda do Mapa \\\"Motel\\\"",
        "image": "https://raw.githubusercontent.com/Nereziel/cs2-WeaponPaints/main/website/img/skins/collectible-1008.png"
    },
    {
        "id": "1009",
        "name": "Moeda do Mapa \\\"Seaside\\\"",
        "image": "https://raw.githubusercontent.com/Nereziel/cs2-WeaponPaints/main/website/img/skins/collectible-1009.png"
    },
    {
        "id": "1010",
        "name": "Moeda do Mapa \\\"Library\\\"",
        "image": "https://raw.githubusercontent.com/Nereziel/cs2-WeaponPaints/main/website/img/skins/collectible-1010.png"
    },
    {
        "id": "1013",
        "name": "Moeda da Operação Bravo",
        "image": "https://raw.githubusercontent.com/Nereziel/cs2-WeaponPaints/main/website/img/skins/collectible-1013.png"
    },
    {
        "id": "1014",
        "name": "Moeda de Prata da Operação Bravo",
        "image": "https://raw.githubusercontent.com/Nereziel/cs2-WeaponPaints/main/website/img/skins/collectible-1014.png"
    },
    {
        "id": "1015",
        "name": "Moeda de Ouro da Operação Bravo",
        "image": "https://raw.githubusercontent.com/Nereziel/cs2-WeaponPaints/main/website/img/skins/collectible-1015.png"
    },
    {
        "id": "1016",
        "name": "Moeda do Mapa \\\"Agency\\\"",
        "image": "https://raw.githubusercontent.com/Nereziel/cs2-WeaponPaints/main/website/img/skins/collectible-1016.png"
    },
    {
        "id": "1017",
        "name": "Moeda do Mapa \\\"Ali\\\"",
        "image": "https://raw.githubusercontent.com/Nereziel/cs2-WeaponPaints/main/website/img/skins/collectible-1017.png"
    },
    {
        "id": "1018",
        "name": "Moeda do Mapa \\\"Cache\\\"",
        "image": "https://raw.githubusercontent.com/Nereziel/cs2-WeaponPaints/main/website/img/skins/collectible-1018.png"
    },
    {
        "id": "1019",
        "name": "Moeda do Mapa \\\"Chinatown\\\"",
        "image": "https://raw.githubusercontent.com/Nereziel/cs2-WeaponPaints/main/website/img/skins/collectible-1019.png"
    },
    {
        "id": "1020",
        "name": "Moeda do Mapa \\\"Gwalior\\\"",
        "image": "https://raw.githubusercontent.com/Nereziel/cs2-WeaponPaints/main/website/img/skins/collectible-1020.png"
    },
    {
        "id": "1021",
        "name": "Moeda do Mapa \\\"Ruins\\\"",
        "image": "https://raw.githubusercontent.com/Nereziel/cs2-WeaponPaints/main/website/img/skins/collectible-1021.png"
    },
    {
        "id": "1022",
        "name": "Moeda do Mapa \\\"Siege\\\"",
        "image": "https://raw.githubusercontent.com/Nereziel/cs2-WeaponPaints/main/website/img/skins/collectible-1022.png"
    },
    {
        "id": "1024",
        "name": "Moeda da Operação Phoenix",
        "image": "https://raw.githubusercontent.com/Nereziel/cs2-WeaponPaints/main/website/img/skins/collectible-1024.png"
    },
    {
        "id": "1025",
        "name": "Moeda de Prata da Operação Phoenix",
        "image": "https://raw.githubusercontent.com/Nereziel/cs2-WeaponPaints/main/website/img/skins/collectible-1025.png"
    },
    {
        "id": "1026",
        "name": "Moeda de Ouro da Operação Phoenix",
        "image": "https://raw.githubusercontent.com/Nereziel/cs2-WeaponPaints/main/website/img/skins/collectible-1026.png"
    },
    {
        "id": "1028",
        "name": "Moeda da Operação Breakout",
        "image": "https://raw.githubusercontent.com/Nereziel/cs2-WeaponPaints/main/website/img/skins/collectible-1028.png"
    },
    {
        "id": "1029",
        "name": "Moeda de Prata da Operação Breakout",
        "image": "https://raw.githubusercontent.com/Nereziel/cs2-WeaponPaints/main/website/img/skins/collectible-1029.png"
    },
    {
        "id": "1030",
        "name": "Moeda de Ouro da Operação Breakout",
        "image": "https://raw.githubusercontent.com/Nereziel/cs2-WeaponPaints/main/website/img/skins/collectible-1030.png"
    },
    {
        "id": "1031",
        "name": "Moeda do Mapa \\\"Castle\\\"",
        "image": "https://raw.githubusercontent.com/Nereziel/cs2-WeaponPaints/main/website/img/skins/collectible-1031.png"
    },
    {
        "id": "1032",
        "name": "Moeda do Mapa \\\"Black Gold\\\"",
        "image": "https://raw.githubusercontent.com/Nereziel/cs2-WeaponPaints/main/website/img/skins/collectible-1032.png"
    },
    {
        "id": "1033",
        "name": "Moeda do Mapa \\\"Rush\\\"",
        "image": "https://raw.githubusercontent.com/Nereziel/cs2-WeaponPaints/main/website/img/skins/collectible-1033.png"
    },
    {
        "id": "1034",
        "name": "Moeda do Mapa \\\"Mist\\\"",
        "image": "https://raw.githubusercontent.com/Nereziel/cs2-WeaponPaints/main/website/img/skins/collectible-1034.png"
    },
    {
        "id": "1035",
        "name": "Moeda do Mapa \\\"Insertion\\\"",
        "image": "https://raw.githubusercontent.com/Nereziel/cs2-WeaponPaints/main/website/img/skins/collectible-1035.png"
    },
    {
        "id": "1036",
        "name": "Moeda do Mapa \\\"Overgrown\\\"",
        "image": "https://raw.githubusercontent.com/Nereziel/cs2-WeaponPaints/main/website/img/skins/collectible-1036.png"
    },
    {
        "id": "1037",
        "name": "Moeda do Mapa \\\"Marquis\\\"",
        "image": "https://raw.githubusercontent.com/Nereziel/cs2-WeaponPaints/main/website/img/skins/collectible-1037.png"
    },
    {
        "id": "1038",
        "name": "Moeda do Mapa \\\"Workout\\\"",
        "image": "https://raw.githubusercontent.com/Nereziel/cs2-WeaponPaints/main/website/img/skins/collectible-1038.png"
    },
    {
        "id": "1039",
        "name": "Moeda do Mapa \\\"Backalley\\\"",
        "image": "https://raw.githubusercontent.com/Nereziel/cs2-WeaponPaints/main/website/img/skins/collectible-1039.png"
    },
    {
        "id": "1040",
        "name": "Moeda do Mapa \\\"Season\\\"",
        "image": "https://raw.githubusercontent.com/Nereziel/cs2-WeaponPaints/main/website/img/skins/collectible-1040.png"
    },
    {
        "id": "1041",
        "name": "Moeda do Mapa \\\"Bazaar\\\"",
        "image": "https://raw.githubusercontent.com/Nereziel/cs2-WeaponPaints/main/website/img/skins/collectible-1041.png"
    },
    {
        "id": "1042",
        "name": "Moeda do Mapa \\\"Facade\\\"",
        "image": "https://raw.githubusercontent.com/Nereziel/cs2-WeaponPaints/main/website/img/skins/collectible-1042.png"
    },
    {
        "id": "1043",
        "name": "Moeda do Mapa \\\"Log\\\"",
        "image": "https://raw.githubusercontent.com/Nereziel/cs2-WeaponPaints/main/website/img/skins/collectible-1043.png"
    },
    {
        "id": "1044",
        "name": "Moeda do Mapa \\\"Rails\\\"",
        "image": "https://raw.githubusercontent.com/Nereziel/cs2-WeaponPaints/main/website/img/skins/collectible-1044.png"
    },
    {
        "id": "1045",
        "name": "Moeda do Mapa \\\"Resort\\\"",
        "image": "https://raw.githubusercontent.com/Nereziel/cs2-WeaponPaints/main/website/img/skins/collectible-1045.png"
    },
    {
        "id": "1046",
        "name": "Moeda do Mapa \\\"Zoo\\\"",
        "image": "https://raw.githubusercontent.com/Nereziel/cs2-WeaponPaints/main/website/img/skins/collectible-1046.png"
    },
    {
        "id": "1047",
        "name": "Moeda do Mapa \\\"Santorini\\\"",
        "image": "https://raw.githubusercontent.com/Nereziel/cs2-WeaponPaints/main/website/img/skins/collectible-1047.png"
    },
    {
        "id": "1048",
        "name": "Moeda do Mapa \\\"Coast\\\"",
        "image": "https://raw.githubusercontent.com/Nereziel/cs2-WeaponPaints/main/website/img/skins/collectible-1048.png"
    },
    {
        "id": "1049",
        "name": "Moeda do Mapa \\\"Mikla\\\"",
        "image": "https://raw.githubusercontent.com/Nereziel/cs2-WeaponPaints/main/website/img/skins/collectible-1049.png"
    },
    {
        "id": "1050",
        "name": "Moeda do Mapa \\\"Royal\\\"",
        "image": "https://raw.githubusercontent.com/Nereziel/cs2-WeaponPaints/main/website/img/skins/collectible-1050.png"
    },
    {
        "id": "1051",
        "name": "Moeda do Mapa \\\"Empire\\\"",
        "image": "https://raw.githubusercontent.com/Nereziel/cs2-WeaponPaints/main/website/img/skins/collectible-1051.png"
    },
    {
        "id": "1052",
        "name": "Moeda do Mapa \\\"Tulip\\\"",
        "image": "https://raw.githubusercontent.com/Nereziel/cs2-WeaponPaints/main/website/img/skins/collectible-1052.png"
    },
    {
        "id": "1053",
        "name": "Moeda do Mapa \\\"Cruise\\\"",
        "image": "https://raw.githubusercontent.com/Nereziel/cs2-WeaponPaints/main/website/img/skins/collectible-1053.png"
    },
    {
        "id": "1054",
        "name": "Moeda do Mapa \\\"Subzero\\\"",
        "image": "https://raw.githubusercontent.com/Nereziel/cs2-WeaponPaints/main/website/img/skins/collectible-1054.png"
    },
    {
        "id": "1055",
        "name": "Moeda do Mapa \\\"Biome\\\"",
        "image": "https://raw.githubusercontent.com/Nereziel/cs2-WeaponPaints/main/website/img/skins/collectible-1055.png"
    },
    {
        "id": "1056",
        "name": "Moeda do Mapa \\\"Abbey\\\"",
        "image": "https://raw.githubusercontent.com/Nereziel/cs2-WeaponPaints/main/website/img/skins/collectible-1056.png"
    },
    {
        "id": "1057",
        "name": "Moeda do Mapa \\\"Ruby\\\"",
        "image": "https://raw.githubusercontent.com/Nereziel/cs2-WeaponPaints/main/website/img/skins/collectible-1057.png"
    },
    {
        "id": "1058",
        "name": "Moeda do Mapa \\\"Breach\\\"",
        "image": "https://raw.githubusercontent.com/Nereziel/cs2-WeaponPaints/main/website/img/skins/collectible-1058.png"
    },
    {
        "id": "1059",
        "name": "Moeda do Mapa \\\"Studio\\\"",
        "image": "https://raw.githubusercontent.com/Nereziel/cs2-WeaponPaints/main/website/img/skins/collectible-1059.png"
    },
    {
        "id": "1060",
        "name": "Moeda do Mapa \\\"Jungle\\\"",
        "image": "https://raw.githubusercontent.com/Nereziel/cs2-WeaponPaints/main/website/img/skins/collectible-1060.png"
    },
    {
        "id": "1061",
        "name": "Moeda do Mapa \\\"Anubis\\\"",
        "image": "https://raw.githubusercontent.com/Nereziel/cs2-WeaponPaints/main/website/img/skins/collectible-1061.png"
    },
    {
        "id": "1062",
        "name": "Moeda do Mapa \\\"Chlorine\\\"",
        "image": "https://raw.githubusercontent.com/Nereziel/cs2-WeaponPaints/main/website/img/skins/collectible-1062.png"
    },
    {
        "id": "1063",
        "name": "Moeda do Mapa \\\"Mutiny\\\"",
        "image": "https://raw.githubusercontent.com/Nereziel/cs2-WeaponPaints/main/website/img/skins/collectible-1063.png"
    },
    {
        "id": "1064",
        "name": "Moeda do Mapa \\\"Swamp\\\"",
        "image": "https://raw.githubusercontent.com/Nereziel/cs2-WeaponPaints/main/website/img/skins/collectible-1064.png"
    },
    {
        "id": "1065",
        "name": "Moeda do Mapa \\\"Frostbite\\\"",
        "image": "https://raw.githubusercontent.com/Nereziel/cs2-WeaponPaints/main/website/img/skins/collectible-1065.png"
    },
    {
        "id": "1066",
        "name": "Moeda do Mapa \\\"Engage\\\"",
        "image": "https://raw.githubusercontent.com/Nereziel/cs2-WeaponPaints/main/website/img/skins/collectible-1066.png"
    },
    {
        "id": "1067",
        "name": "Moeda do Mapa \\\"Apollo\\\"",
        "image": "https://raw.githubusercontent.com/Nereziel/cs2-WeaponPaints/main/website/img/skins/collectible-1067.png"
    },
    {
        "id": "1068",
        "name": "Moeda do Mapa \\\"Guard\\\"",
        "image": "https://raw.githubusercontent.com/Nereziel/cs2-WeaponPaints/main/website/img/skins/collectible-1068.png"
    },
    {
        "id": "1069",
        "name": "Moeda do Mapa \\\"Elysion\\\"",
        "image": "https://raw.githubusercontent.com/Nereziel/cs2-WeaponPaints/main/website/img/skins/collectible-1069.png"
    },
    {
        "id": "1070",
        "name": "Moeda do Mapa \\\"Grind\\\"",
        "image": "https://raw.githubusercontent.com/Nereziel/cs2-WeaponPaints/main/website/img/skins/collectible-1070.png"
    },
    {
        "id": "1071",
        "name": "Moeda do Mapa \\\"Mocha\\\"",
        "image": "https://raw.githubusercontent.com/Nereziel/cs2-WeaponPaints/main/website/img/skins/collectible-1071.png"
    },
    {
        "id": "1072",
        "name": "Moeda do Mapa \\\"Calavera\\\"",
        "image": "https://raw.githubusercontent.com/Nereziel/cs2-WeaponPaints/main/website/img/skins/collectible-1072.png"
    },
    {
        "id": "1073",
        "name": "Moeda do Mapa \\\"Pitstop\\\"",
        "image": "https://raw.githubusercontent.com/Nereziel/cs2-WeaponPaints/main/website/img/skins/collectible-1073.png"
    },
    {
        "id": "1074",
        "name": "Moeda do Mapa \\\"Basalt\\\"",
        "image": "https://raw.githubusercontent.com/Nereziel/cs2-WeaponPaints/main/website/img/skins/collectible-1074.png"
    },
    {
        "id": "1075",
        "name": "Moeda do Mapa \\\"Insertion II\\\"",
        "image": "https://raw.githubusercontent.com/Nereziel/cs2-WeaponPaints/main/website/img/skins/collectible-1075.png"
    },
    {
        "id": "1076",
        "name": "Moeda do Mapa \\\"Ravine\\\"",
        "image": "https://raw.githubusercontent.com/Nereziel/cs2-WeaponPaints/main/website/img/skins/collectible-1076.png"
    },
    {
        "id": "1077",
        "name": "Moeda do Mapa \\\"Extraction\\\"",
        "image": "https://raw.githubusercontent.com/Nereziel/cs2-WeaponPaints/main/website/img/skins/collectible-1077.png"
    },
    {
        "id": "1078",
        "name": "Moeda do Mapa \\\"County\\\"",
        "image": "https://raw.githubusercontent.com/Nereziel/cs2-WeaponPaints/main/website/img/skins/collectible-1078.png"
    },
    {
        "id": "1079",
        "name": "Moeda do Mapa \\\"Iris\\\"",
        "image": "https://raw.githubusercontent.com/Nereziel/cs2-WeaponPaints/main/website/img/skins/collectible-1079.png"
    },
    {
        "id": "1080",
        "name": "Moeda do Mapa \\\"Climb\\\"",
        "image": "https://raw.githubusercontent.com/Nereziel/cs2-WeaponPaints/main/website/img/skins/collectible-1080.png"
    },
    {
        "id": "1081",
        "name": "Moeda do Mapa \\\"Crete\\\"",
        "image": "https://raw.githubusercontent.com/Nereziel/cs2-WeaponPaints/main/website/img/skins/collectible-1081.png"
    },
    {
        "id": "1082",
        "name": "Moeda do Mapa \\\"Hive\\\"",
        "image": "https://raw.githubusercontent.com/Nereziel/cs2-WeaponPaints/main/website/img/skins/collectible-1082.png"
    },
    {
        "id": "1083",
        "name": "Moeda do Mapa \\\"Vineyard\\\"",
        "image": "https://raw.githubusercontent.com/Nereziel/cs2-WeaponPaints/main/website/img/skins/collectible-1083.png"
    },
    {
        "id": "1084",
        "name": "Moeda do Mapa \\\"Ember\\\"",
        "image": "https://raw.githubusercontent.com/Nereziel/cs2-WeaponPaints/main/website/img/skins/collectible-1084.png"
    },
    {
        "id": "1085",
        "name": "Moeda do Mapa \\\"Tuscan\\\"",
        "image": "https://raw.githubusercontent.com/Nereziel/cs2-WeaponPaints/main/website/img/skins/collectible-1085.png"
    },
    {
        "id": "1086",
        "name": "Moeda do Mapa \\\"Cascade\\\"",
        "image": "https://raw.githubusercontent.com/Nereziel/cs2-WeaponPaints/main/website/img/skins/collectible-1086.png"
    },
    {
        "id": "1087",
        "name": "Moeda do Mapa \\\"Blagai\\\"",
        "image": "https://raw.githubusercontent.com/Nereziel/cs2-WeaponPaints/main/website/img/skins/collectible-1087.png"
    },
    {
        "id": "1088",
        "name": "Moeda do Mapa \\\"Boyard\\\"",
        "image": "https://raw.githubusercontent.com/Nereziel/cs2-WeaponPaints/main/website/img/skins/collectible-1088.png"
    },
    {
        "id": "1089",
        "name": "Moeda do Mapa \\\"Chalice\\\"",
        "image": "https://raw.githubusercontent.com/Nereziel/cs2-WeaponPaints/main/website/img/skins/collectible-1089.png"
    },
    {
        "id": "1316",
        "name": "Moeda da Operação Vanguard",
        "image": "https://raw.githubusercontent.com/Nereziel/cs2-WeaponPaints/main/website/img/skins/collectible-1316.png"
    },
    {
        "id": "1317",
        "name": "Moeda de Prata da Operação Vanguard",
        "image": "https://raw.githubusercontent.com/Nereziel/cs2-WeaponPaints/main/website/img/skins/collectible-1317.png"
    },
    {
        "id": "1318",
        "name": "Moeda de Ouro da Operação Vanguard",
        "image": "https://raw.githubusercontent.com/Nereziel/cs2-WeaponPaints/main/website/img/skins/collectible-1318.png"
    },
    {
        "id": "1327",
        "name": "Moeda da Operação Bloodhound",
        "image": "https://raw.githubusercontent.com/Nereziel/cs2-WeaponPaints/main/website/img/skins/collectible-1327.png"
    },
    {
        "id": "1328",
        "name": "Moeda de Prata da Operação Bloodhound",
        "image": "https://raw.githubusercontent.com/Nereziel/cs2-WeaponPaints/main/website/img/skins/collectible-1328.png"
    },
    {
        "id": "1329",
        "name": "Moeda de Ouro da Operação Bloodhound",
        "image": "https://raw.githubusercontent.com/Nereziel/cs2-WeaponPaints/main/website/img/skins/collectible-1329.png"
    },
    {
        "id": "1331",
        "name": "Medalha de Serviço de 2015",
        "image": "https://raw.githubusercontent.com/Nereziel/cs2-WeaponPaints/main/website/img/skins/collectible-1331.png"
    },
    {
        "id": "1332",
        "name": "Medalha de Serviço de 2015",
        "image": "https://raw.githubusercontent.com/Nereziel/cs2-WeaponPaints/main/website/img/skins/collectible-1332.png"
    },
    {
        "id": "1336",
        "name": "Moeda da Operação Wildfire",
        "image": "https://raw.githubusercontent.com/Nereziel/cs2-WeaponPaints/main/website/img/skins/collectible-1336.png"
    },
    {
        "id": "1337",
        "name": "Moeda de Prata da Operação Wildfire",
        "image": "https://raw.githubusercontent.com/Nereziel/cs2-WeaponPaints/main/website/img/skins/collectible-1337.png"
    },
    {
        "id": "1338",
        "name": "Moeda de Ouro da Operação Wildfire",
        "image": "https://raw.githubusercontent.com/Nereziel/cs2-WeaponPaints/main/website/img/skins/collectible-1338.png"
    },
    {
        "id": "1339",
        "name": "Medalha de Serviço de 2016",
        "image": "https://raw.githubusercontent.com/Nereziel/cs2-WeaponPaints/main/website/img/skins/collectible-1339.png"
    },
    {
        "id": "1340",
        "name": "Medalha de Serviço de 2016",
        "image": "https://raw.githubusercontent.com/Nereziel/cs2-WeaponPaints/main/website/img/skins/collectible-1340.png"
    },
    {
        "id": "1341",
        "name": "Medalha de Serviço de 2016",
        "image": "https://raw.githubusercontent.com/Nereziel/cs2-WeaponPaints/main/website/img/skins/collectible-1341.png"
    },
    {
        "id": "1342",
        "name": "Medalha de Serviço de 2016",
        "image": "https://raw.githubusercontent.com/Nereziel/cs2-WeaponPaints/main/website/img/skins/collectible-1342.png"
    },
    {
        "id": "1343",
        "name": "Medalha de Serviço de 2016",
        "image": "https://raw.githubusercontent.com/Nereziel/cs2-WeaponPaints/main/website/img/skins/collectible-1343.png"
    },
    {
        "id": "1344",
        "name": "Medalha de Serviço de 2016",
        "image": "https://raw.githubusercontent.com/Nereziel/cs2-WeaponPaints/main/website/img/skins/collectible-1344.png"
    },
    {
        "id": "1357",
        "name": "Medalha de Serviço de 2017",
        "image": "https://raw.githubusercontent.com/Nereziel/cs2-WeaponPaints/main/website/img/skins/collectible-1357.png"
    },
    {
        "id": "1358",
        "name": "Medalha de Serviço de 2017",
        "image": "https://raw.githubusercontent.com/Nereziel/cs2-WeaponPaints/main/website/img/skins/collectible-1358.png"
    },
    {
        "id": "1359",
        "name": "Medalha de Serviço de 2017",
        "image": "https://raw.githubusercontent.com/Nereziel/cs2-WeaponPaints/main/website/img/skins/collectible-1359.png"
    },
    {
        "id": "1360",
        "name": "Medalha de Serviço de 2017",
        "image": "https://raw.githubusercontent.com/Nereziel/cs2-WeaponPaints/main/website/img/skins/collectible-1360.png"
    },
    {
        "id": "1361",
        "name": "Medalha de Serviço de 2017",
        "image": "https://raw.githubusercontent.com/Nereziel/cs2-WeaponPaints/main/website/img/skins/collectible-1361.png"
    },
    {
        "id": "1362",
        "name": "Medalha de Serviço de 2017",
        "image": "https://raw.githubusercontent.com/Nereziel/cs2-WeaponPaints/main/website/img/skins/collectible-1362.png"
    },
    {
        "id": "1363",
        "name": "Medalha de Serviço de 2017",
        "image": "https://raw.githubusercontent.com/Nereziel/cs2-WeaponPaints/main/website/img/skins/collectible-1363.png"
    },
    {
        "id": "1367",
        "name": "Medalha de Serviço de 2018",
        "image": "https://raw.githubusercontent.com/Nereziel/cs2-WeaponPaints/main/website/img/skins/collectible-1367.png"
    },
    {
        "id": "1368",
        "name": "Medalha de Serviço de 2018",
        "image": "https://raw.githubusercontent.com/Nereziel/cs2-WeaponPaints/main/website/img/skins/collectible-1368.png"
    },
    {
        "id": "1369",
        "name": "Medalha de Serviço de 2018",
        "image": "https://raw.githubusercontent.com/Nereziel/cs2-WeaponPaints/main/website/img/skins/collectible-1369.png"
    },
    {
        "id": "1370",
        "name": "Medalha de Serviço de 2018",
        "image": "https://raw.githubusercontent.com/Nereziel/cs2-WeaponPaints/main/website/img/skins/collectible-1370.png"
    },
    {
        "id": "1371",
        "name": "Medalha de Serviço de 2018",
        "image": "https://raw.githubusercontent.com/Nereziel/cs2-WeaponPaints/main/website/img/skins/collectible-1371.png"
    },
    {
        "id": "1372",
        "name": "Medalha de Serviço de 2018",
        "image": "https://raw.githubusercontent.com/Nereziel/cs2-WeaponPaints/main/website/img/skins/collectible-1372.png"
    },
    {
        "id": "1376",
        "name": "Medalha de Serviço de 2019",
        "image": "https://raw.githubusercontent.com/Nereziel/cs2-WeaponPaints/main/website/img/skins/collectible-1376.png"
    },
    {
        "id": "1377",
        "name": "Medalha de Serviço de 2019",
        "image": "https://raw.githubusercontent.com/Nereziel/cs2-WeaponPaints/main/website/img/skins/collectible-1377.png"
    },
    {
        "id": "1378",
        "name": "Medalha de Serviço de 2019",
        "image": "https://raw.githubusercontent.com/Nereziel/cs2-WeaponPaints/main/website/img/skins/collectible-1378.png"
    },
    {
        "id": "1379",
        "name": "Medalha de Serviço de 2019",
        "image": "https://raw.githubusercontent.com/Nereziel/cs2-WeaponPaints/main/website/img/skins/collectible-1379.png"
    },
    {
        "id": "1380",
        "name": "Medalha de Serviço de 2019",
        "image": "https://raw.githubusercontent.com/Nereziel/cs2-WeaponPaints/main/website/img/skins/collectible-1380.png"
    },
    {
        "id": "1381",
        "name": "Medalha de Serviço de 2019",
        "image": "https://raw.githubusercontent.com/Nereziel/cs2-WeaponPaints/main/website/img/skins/collectible-1381.png"
    },
    {
        "id": "4353",
        "name": "Moeda da Operação Hydra",
        "image": "https://raw.githubusercontent.com/Nereziel/cs2-WeaponPaints/main/website/img/skins/collectible-4353.png"
    },
    {
        "id": "4354",
        "name": "Moeda de Prata da Operação Hydra",
        "image": "https://raw.githubusercontent.com/Nereziel/cs2-WeaponPaints/main/website/img/skins/collectible-4354.png"
    },
    {
        "id": "4355",
        "name": "Moeda de Ouro da Operação Hydra",
        "image": "https://raw.githubusercontent.com/Nereziel/cs2-WeaponPaints/main/website/img/skins/collectible-4355.png"
    },
    {
        "id": "4356",
        "name": "Moeda de Diamante da Operação Hydra",
        "image": "https://raw.githubusercontent.com/Nereziel/cs2-WeaponPaints/main/website/img/skins/collectible-4356.png"
    },
    {
        "id": "4550",
        "name": "Moeda da Operação Shattered Web",
        "image": "https://raw.githubusercontent.com/Nereziel/cs2-WeaponPaints/main/website/img/skins/collectible-4550.png"
    },
    {
        "id": "4551",
        "name": "Moeda de Prata da Operação Shattered Web",
        "image": "https://raw.githubusercontent.com/Nereziel/cs2-WeaponPaints/main/website/img/skins/collectible-4551.png"
    },
    {
        "id": "4552",
        "name": "Moeda de Ouro da Operação Shattered Web",
        "image": "https://raw.githubusercontent.com/Nereziel/cs2-WeaponPaints/main/website/img/skins/collectible-4552.png"
    },
    {
        "id": "4553",
        "name": "Moeda de Diamante da Operação Shattered Web",
        "image": "https://raw.githubusercontent.com/Nereziel/cs2-WeaponPaints/main/website/img/skins/collectible-4553.png"
    },
    {
        "id": "4555",
        "name": "Moeda de Katowice 2019",
        "image": "https://raw.githubusercontent.com/Nereziel/cs2-WeaponPaints/main/website/img/skins/collectible-4555.png"
    },
    {
        "id": "4556",
        "name": "Moeda de Prata de Katowice 2019",
        "image": "https://raw.githubusercontent.com/Nereziel/cs2-WeaponPaints/main/website/img/skins/collectible-4556.png"
    },
    {
        "id": "4557",
        "name": "Moeda de Ouro de Katowice 2019",
        "image": "https://raw.githubusercontent.com/Nereziel/cs2-WeaponPaints/main/website/img/skins/collectible-4557.png"
    },
    {
        "id": "4558",
        "name": "Moeda de Diamante de Katowice 2019",
        "image": "https://raw.githubusercontent.com/Nereziel/cs2-WeaponPaints/main/website/img/skins/collectible-4558.png"
    },
    {
        "id": "4623",
        "name": "Moeda de Berlim 2019",
        "image": "https://raw.githubusercontent.com/Nereziel/cs2-WeaponPaints/main/website/img/skins/collectible-4623.png"
    },
    {
        "id": "4624",
        "name": "Moeda de Prata de Berlim 2019",
        "image": "https://raw.githubusercontent.com/Nereziel/cs2-WeaponPaints/main/website/img/skins/collectible-4624.png"
    },
    {
        "id": "4625",
        "name": "Moeda de Ouro de Berlim 2019",
        "image": "https://raw.githubusercontent.com/Nereziel/cs2-WeaponPaints/main/website/img/skins/collectible-4625.png"
    },
    {
        "id": "4626",
        "name": "Moeda de Diamante de Berlim 2019",
        "image": "https://raw.githubusercontent.com/Nereziel/cs2-WeaponPaints/main/website/img/skins/collectible-4626.png"
    },
    {
        "id": "4674",
        "name": "Medalha de Serviço de 2020",
        "image": "https://raw.githubusercontent.com/Nereziel/cs2-WeaponPaints/main/website/img/skins/collectible-4674.png"
    },
    {
        "id": "4675",
        "name": "Medalha de Serviço de 2020",
        "image": "https://raw.githubusercontent.com/Nereziel/cs2-WeaponPaints/main/website/img/skins/collectible-4675.png"
    },
    {
        "id": "4676",
        "name": "Medalha de Serviço de 2020",
        "image": "https://raw.githubusercontent.com/Nereziel/cs2-WeaponPaints/main/website/img/skins/collectible-4676.png"
    },
    {
        "id": "4677",
        "name": "Medalha de Serviço de 2020",
        "image": "https://raw.githubusercontent.com/Nereziel/cs2-WeaponPaints/main/website/img/skins/collectible-4677.png"
    },
    {
        "id": "4678",
        "name": "Medalha de Serviço de 2020",
        "image": "https://raw.githubusercontent.com/Nereziel/cs2-WeaponPaints/main/website/img/skins/collectible-4678.png"
    },
    {
        "id": "4679",
        "name": "Medalha de Serviço de 2020",
        "image": "https://raw.githubusercontent.com/Nereziel/cs2-WeaponPaints/main/website/img/skins/collectible-4679.png"
    },
    {
        "id": "4682",
        "name": "Pin - Civil Protection",
        "image": "https://raw.githubusercontent.com/Nereziel/cs2-WeaponPaints/main/website/img/skins/collectible-4682.png"
    },
    {
        "id": "4683",
        "name": "Pin - Sustenance!",
        "image": "https://raw.githubusercontent.com/Nereziel/cs2-WeaponPaints/main/website/img/skins/collectible-4683.png"
    },
    {
        "id": "4684",
        "name": "Pin - Vortigaunt",
        "image": "https://raw.githubusercontent.com/Nereziel/cs2-WeaponPaints/main/website/img/skins/collectible-4684.png"
    },
    {
        "id": "4685",
        "name": "Pin - Headcrab Glyph",
        "image": "https://raw.githubusercontent.com/Nereziel/cs2-WeaponPaints/main/website/img/skins/collectible-4685.png"
    },
    {
        "id": "4686",
        "name": "Pin - Health",
        "image": "https://raw.githubusercontent.com/Nereziel/cs2-WeaponPaints/main/website/img/skins/collectible-4686.png"
    },
    {
        "id": "4687",
        "name": "Pin - Lambda",
        "image": "https://raw.githubusercontent.com/Nereziel/cs2-WeaponPaints/main/website/img/skins/collectible-4687.png"
    },
    {
        "id": "4688",
        "name": "Pin - Copper Lambda",
        "image": "https://raw.githubusercontent.com/Nereziel/cs2-WeaponPaints/main/website/img/skins/collectible-4688.png"
    },
    {
        "id": "4689",
        "name": "Pin - CMB",
        "image": "https://raw.githubusercontent.com/Nereziel/cs2-WeaponPaints/main/website/img/skins/collectible-4689.png"
    },
    {
        "id": "4690",
        "name": "Pin - Black Mesa",
        "image": "https://raw.githubusercontent.com/Nereziel/cs2-WeaponPaints/main/website/img/skins/collectible-4690.png"
    },
    {
        "id": "4691",
        "name": "Pin - Combine Helmet",
        "image": "https://raw.githubusercontent.com/Nereziel/cs2-WeaponPaints/main/website/img/skins/collectible-4691.png"
    },
    {
        "id": "4692",
        "name": "Pin - City 17",
        "image": "https://raw.githubusercontent.com/Nereziel/cs2-WeaponPaints/main/website/img/skins/collectible-4692.png"
    },
    {
        "id": "4700",
        "name": "Moeda da Operação Broken Fang",
        "image": "https://raw.githubusercontent.com/Nereziel/cs2-WeaponPaints/main/website/img/skins/collectible-4700.png"
    },
    {
        "id": "4701",
        "name": "Moeda de Prata da Operação Broken Fang",
        "image": "https://raw.githubusercontent.com/Nereziel/cs2-WeaponPaints/main/website/img/skins/collectible-4701.png"
    },
    {
        "id": "4702",
        "name": "Moeda de Ouro da Operação Broken Fang",
        "image": "https://raw.githubusercontent.com/Nereziel/cs2-WeaponPaints/main/website/img/skins/collectible-4702.png"
    },
    {
        "id": "4703",
        "name": "Moeda de Diamante da Operação Broken Fang",
        "image": "https://raw.githubusercontent.com/Nereziel/cs2-WeaponPaints/main/website/img/skins/collectible-4703.png"
    },
    {
        "id": "4737",
        "name": "Medalha de Serviço de 2021",
        "image": "https://raw.githubusercontent.com/Nereziel/cs2-WeaponPaints/main/website/img/skins/collectible-4737.png"
    },
    {
        "id": "4738",
        "name": "Medalha de Serviço de 2021",
        "image": "https://raw.githubusercontent.com/Nereziel/cs2-WeaponPaints/main/website/img/skins/collectible-4738.png"
    },
    {
        "id": "4739",
        "name": "Medalha de Serviço de 2021",
        "image": "https://raw.githubusercontent.com/Nereziel/cs2-WeaponPaints/main/website/img/skins/collectible-4739.png"
    },
    {
        "id": "4740",
        "name": "Medalha de Serviço de 2021",
        "image": "https://raw.githubusercontent.com/Nereziel/cs2-WeaponPaints/main/website/img/skins/collectible-4740.png"
    },
    {
        "id": "4741",
        "name": "Medalha de Serviço de 2021",
        "image": "https://raw.githubusercontent.com/Nereziel/cs2-WeaponPaints/main/website/img/skins/collectible-4741.png"
    },
    {
        "id": "4742",
        "name": "Medalha de Serviço de 2021",
        "image": "https://raw.githubusercontent.com/Nereziel/cs2-WeaponPaints/main/website/img/skins/collectible-4742.png"
    },
    {
        "id": "4759",
        "name": "Moeda da Operação Riptide",
        "image": "https://raw.githubusercontent.com/Nereziel/cs2-WeaponPaints/main/website/img/skins/collectible-4759.png"
    },
    {
        "id": "4760",
        "name": "Moeda de Prata da Operação Riptide",
        "image": "https://raw.githubusercontent.com/Nereziel/cs2-WeaponPaints/main/website/img/skins/collectible-4760.png"
    },
    {
        "id": "4761",
        "name": "Moeda de Ouro da Operação Riptide",
        "image": "https://raw.githubusercontent.com/Nereziel/cs2-WeaponPaints/main/website/img/skins/collectible-4761.png"
    },
    {
        "id": "4762",
        "name": "Moeda de Diamante da Operação Riptide",
        "image": "https://raw.githubusercontent.com/Nereziel/cs2-WeaponPaints/main/website/img/skins/collectible-4762.png"
    },
    {
        "id": "4797",
        "name": "Moeda de Estocolmo 2021",
        "image": "https://raw.githubusercontent.com/Nereziel/cs2-WeaponPaints/main/website/img/skins/collectible-4797.png"
    },
    {
        "id": "4798",
        "name": "Moeda de Prata de Estocolmo 2021",
        "image": "https://raw.githubusercontent.com/Nereziel/cs2-WeaponPaints/main/website/img/skins/collectible-4798.png"
    },
    {
        "id": "4799",
        "name": "Moeda de Ouro de Estocolmo 2021",
        "image": "https://raw.githubusercontent.com/Nereziel/cs2-WeaponPaints/main/website/img/skins/collectible-4799.png"
    },
    {
        "id": "4800",
        "name": "Moeda de Diamante de Estocolmo 2021",
        "image": "https://raw.githubusercontent.com/Nereziel/cs2-WeaponPaints/main/website/img/skins/collectible-4800.png"
    },
    {
        "id": "4819",
        "name": "Medalha de Serviço de 2022",
        "image": "https://raw.githubusercontent.com/Nereziel/cs2-WeaponPaints/main/website/img/skins/collectible-4819.png"
    },
    {
        "id": "4820",
        "name": "Medalha de Serviço de 2022",
        "image": "https://raw.githubusercontent.com/Nereziel/cs2-WeaponPaints/main/website/img/skins/collectible-4820.png"
    },
    {
        "id": "4821",
        "name": "Medalha de Serviço de 2022",
        "image": "https://raw.githubusercontent.com/Nereziel/cs2-WeaponPaints/main/website/img/skins/collectible-4821.png"
    },
    {
        "id": "4822",
        "name": "Medalha de Serviço de 2022",
        "image": "https://raw.githubusercontent.com/Nereziel/cs2-WeaponPaints/main/website/img/skins/collectible-4822.png"
    },
    {
        "id": "4823",
        "name": "Medalha de Serviço de 2022",
        "image": "https://raw.githubusercontent.com/Nereziel/cs2-WeaponPaints/main/website/img/skins/collectible-4823.png"
    },
    {
        "id": "4824",
        "name": "Medalha de Serviço de 2022",
        "image": "https://raw.githubusercontent.com/Nereziel/cs2-WeaponPaints/main/website/img/skins/collectible-4824.png"
    },
    {
        "id": "4826",
        "name": "Moeda de Antuérpia 2022",
        "image": "https://raw.githubusercontent.com/Nereziel/cs2-WeaponPaints/main/website/img/skins/collectible-4826.png"
    },
    {
        "id": "4827",
        "name": "Moeda de Prata de Antuérpia 2022",
        "image": "https://raw.githubusercontent.com/Nereziel/cs2-WeaponPaints/main/website/img/skins/collectible-4827.png"
    },
    {
        "id": "4828",
        "name": "Moeda de Ouro de Antuérpia 2022",
        "image": "https://raw.githubusercontent.com/Nereziel/cs2-WeaponPaints/main/website/img/skins/collectible-4828.png"
    },
    {
        "id": "4829",
        "name": "Moeda de Diamante de Antuérpia 2022",
        "image": "https://raw.githubusercontent.com/Nereziel/cs2-WeaponPaints/main/website/img/skins/collectible-4829.png"
    },
    {
        "id": "4851",
        "name": "Moeda do Rio 2022",
        "image": "https://raw.githubusercontent.com/Nereziel/cs2-WeaponPaints/main/website/img/skins/collectible-4851.png"
    },
    {
        "id": "4852",
        "name": "Moeda de Prata do Rio 2022",
        "image": "https://raw.githubusercontent.com/Nereziel/cs2-WeaponPaints/main/website/img/skins/collectible-4852.png"
    },
    {
        "id": "4853",
        "name": "Moeda de Ouro do Rio 2022",
        "image": "https://raw.githubusercontent.com/Nereziel/cs2-WeaponPaints/main/website/img/skins/collectible-4853.png"
    },
    {
        "id": "4854",
        "name": "Moeda de Diamante do Rio 2022",
        "image": "https://raw.githubusercontent.com/Nereziel/cs2-WeaponPaints/main/website/img/skins/collectible-4854.png"
    },
    {
        "id": "4873",
        "name": "Medalha de Serviço de 2023",
        "image": "https://raw.githubusercontent.com/Nereziel/cs2-WeaponPaints/main/website/img/skins/collectible-4873.png"
    },
    {
        "id": "4874",
        "name": "Medalha de Serviço de 2023",
        "image": "https://raw.githubusercontent.com/Nereziel/cs2-WeaponPaints/main/website/img/skins/collectible-4874.png"
    },
    {
        "id": "4875",
        "name": "Medalha de Serviço de 2023",
        "image": "https://raw.githubusercontent.com/Nereziel/cs2-WeaponPaints/main/website/img/skins/collectible-4875.png"
    },
    {
        "id": "4876",
        "name": "Medalha de Serviço de 2023",
        "image": "https://raw.githubusercontent.com/Nereziel/cs2-WeaponPaints/main/website/img/skins/collectible-4876.png"
    },
    {
        "id": "4877",
        "name": "Medalha de Serviço de 2023",
        "image": "https://raw.githubusercontent.com/Nereziel/cs2-WeaponPaints/main/website/img/skins/collectible-4877.png"
    },
    {
        "id": "4878",
        "name": "Medalha de Serviço de 2023",
        "image": "https://raw.githubusercontent.com/Nereziel/cs2-WeaponPaints/main/website/img/skins/collectible-4878.png"
    },
    {
        "id": "4884",
        "name": "Moeda de Paris 2023",
        "image": "https://raw.githubusercontent.com/Nereziel/cs2-WeaponPaints/main/website/img/skins/collectible-4884.png"
    },
    {
        "id": "4885",
        "name": "Moeda de Prata de Paris 2023",
        "image": "https://raw.githubusercontent.com/Nereziel/cs2-WeaponPaints/main/website/img/skins/collectible-4885.png"
    },
    {
        "id": "4886",
        "name": "Moeda de Ouro de Paris 2023",
        "image": "https://raw.githubusercontent.com/Nereziel/cs2-WeaponPaints/main/website/img/skins/collectible-4886.png"
    },
    {
        "id": "4887",
        "name": "Moeda de Diamante de Paris 2023",
        "image": "https://raw.githubusercontent.com/Nereziel/cs2-WeaponPaints/main/website/img/skins/collectible-4887.png"
    },
    {
        "id": "4906",
        "name": "Medalha de Serviço de 2024",
        "image": "https://raw.githubusercontent.com/Nereziel/cs2-WeaponPaints/main/website/img/skins/collectible-4906.png"
    },
    {
        "id": "4907",
        "name": "Medalha de Serviço de 2024",
        "image": "https://raw.githubusercontent.com/Nereziel/cs2-WeaponPaints/main/website/img/skins/collectible-4907.png"
    },
    {
        "id": "4908",
        "name": "Medalha de Serviço de 2024",
        "image": "https://raw.githubusercontent.com/Nereziel/cs2-WeaponPaints/main/website/img/skins/collectible-4908.png"
    },
    {
        "id": "4909",
        "name": "Medalha de Serviço de 2024",
        "image": "https://raw.githubusercontent.com/Nereziel/cs2-WeaponPaints/main/website/img/skins/collectible-4909.png"
    },
    {
        "id": "4910",
        "name": "Medalha de Serviço de 2024",
        "image": "https://raw.githubusercontent.com/Nereziel/cs2-WeaponPaints/main/website/img/skins/collectible-4910.png"
    },
    {
        "id": "4911",
        "name": "Medalha de Serviço de 2024",
        "image": "https://raw.githubusercontent.com/Nereziel/cs2-WeaponPaints/main/website/img/skins/collectible-4911.png"
    },
    {
        "id": "4917",
        "name": "Moeda de Copenhaga 2024",
        "image": "https://raw.githubusercontent.com/Nereziel/cs2-WeaponPaints/main/website/img/skins/collectible-4917.png"
    },
    {
        "id": "4918",
        "name": "Moeda de Prata de Copenhaga 2024",
        "image": "https://raw.githubusercontent.com/Nereziel/cs2-WeaponPaints/main/website/img/skins/collectible-4918.png"
    },
    {
        "id": "4919",
        "name": "Moeda de Ouro de Copenhaga 2024",
        "image": "https://raw.githubusercontent.com/Nereziel/cs2-WeaponPaints/main/website/img/skins/collectible-4919.png"
    },
    {
        "id": "4920",
        "name": "Moeda de Diamante de Copenhaga 2024",
        "image": "https://raw.githubusercontent.com/Nereziel/cs2-WeaponPaints/main/website/img/skins/collectible-4920.png"
    },
    {
        "id": "4933",
        "name": "Campeão do PGL Copenhaga 2024",
        "image": "https://raw.githubusercontent.com/Nereziel/cs2-WeaponPaints/main/website/img/skins/collectible-4933.png"
    },
    {
        "id": "4934",
        "name": "Finalista do PGL Copenhaga 2024",
        "image": "https://raw.githubusercontent.com/Nereziel/cs2-WeaponPaints/main/website/img/skins/collectible-4934.png"
    },
    {
        "id": "4935",
        "name": "Semifinalista do PGL Copenhaga 2024",
        "image": "https://raw.githubusercontent.com/Nereziel/cs2-WeaponPaints/main/website/img/skins/collectible-4935.png"
    },
    {
        "id": "4936",
        "name": "Participante nos Quartos de Final do PGL Copenhaga 2024",
        "image": "https://raw.githubusercontent.com/Nereziel/cs2-WeaponPaints/main/website/img/skins/collectible-4936.png"
    },
    {
        "id": "4941",
        "name": "Moeda do Mapa \\\"Thera\\\"",
        "image": "https://raw.githubusercontent.com/Nereziel/cs2-WeaponPaints/main/website/img/skins/collectible-4941.png"
    },
    {
        "id": "4942",
        "name": "Moeda do Mapa \\\"Mills\\\"",
        "image": "https://raw.githubusercontent.com/Nereziel/cs2-WeaponPaints/main/website/img/skins/collectible-4942.png"
    },
    {
        "id": "4943",
        "name": "Moeda do Mapa \\\"Assembly\\\"",
        "image": "https://raw.githubusercontent.com/Nereziel/cs2-WeaponPaints/main/website/img/skins/collectible-4943.png"
    },
    {
        "id": "4944",
        "name": "Moeda do Mapa \\\"Memento\\\"",
        "image": "https://raw.githubusercontent.com/Nereziel/cs2-WeaponPaints/main/website/img/skins/collectible-4944.png"
    },
    {
        "id": "4945",
        "name": "Moeda do Mapa \\\"Pool Day\\\"",
        "image": "https://raw.githubusercontent.com/Nereziel/cs2-WeaponPaints/main/website/img/skins/collectible-4945.png"
    },
    {
        "id": "6001",
        "name": "Pin - Dust II Genuíno",
        "image": "https://raw.githubusercontent.com/Nereziel/cs2-WeaponPaints/main/website/img/skins/collectible-6001.png"
    },
    {
        "id": "6002",
        "name": "Pin - Guardian Elite Genuíno",
        "image": "https://raw.githubusercontent.com/Nereziel/cs2-WeaponPaints/main/website/img/skins/collectible-6002.png"
    },
    {
        "id": "6003",
        "name": "Pin - Mirage Genuíno",
        "image": "https://raw.githubusercontent.com/Nereziel/cs2-WeaponPaints/main/website/img/skins/collectible-6003.png"
    },
    {
        "id": "6004",
        "name": "Pin - Inferno Genuíno",
        "image": "https://raw.githubusercontent.com/Nereziel/cs2-WeaponPaints/main/website/img/skins/collectible-6004.png"
    },
    {
        "id": "6005",
        "name": "Pin - Italy Genuíno",
        "image": "https://raw.githubusercontent.com/Nereziel/cs2-WeaponPaints/main/website/img/skins/collectible-6005.png"
    },
    {
        "id": "6006",
        "name": "Pin - Victory Genuíno",
        "image": "https://raw.githubusercontent.com/Nereziel/cs2-WeaponPaints/main/website/img/skins/collectible-6006.png"
    },
    {
        "id": "6007",
        "name": "Pin - Militia Genuíno",
        "image": "https://raw.githubusercontent.com/Nereziel/cs2-WeaponPaints/main/website/img/skins/collectible-6007.png"
    },
    {
        "id": "6008",
        "name": "Pin - Nuke Genuíno",
        "image": "https://raw.githubusercontent.com/Nereziel/cs2-WeaponPaints/main/website/img/skins/collectible-6008.png"
    },
    {
        "id": "6009",
        "name": "Pin - Train Genuíno",
        "image": "https://raw.githubusercontent.com/Nereziel/cs2-WeaponPaints/main/website/img/skins/collectible-6009.png"
    },
    {
        "id": "6010",
        "name": "Pin - Guardian Genuíno",
        "image": "https://raw.githubusercontent.com/Nereziel/cs2-WeaponPaints/main/website/img/skins/collectible-6010.png"
    },
    {
        "id": "6011",
        "name": "Pin - Tactics Genuíno",
        "image": "https://raw.githubusercontent.com/Nereziel/cs2-WeaponPaints/main/website/img/skins/collectible-6011.png"
    },
    {
        "id": "6012",
        "name": "Pin - Guardian 2 Genuíno",
        "image": "https://raw.githubusercontent.com/Nereziel/cs2-WeaponPaints/main/website/img/skins/collectible-6012.png"
    },
    {
        "id": "6013",
        "name": "Pin - Bravo Genuíno",
        "image": "https://raw.githubusercontent.com/Nereziel/cs2-WeaponPaints/main/website/img/skins/collectible-6013.png"
    },
    {
        "id": "6014",
        "name": "Pin - Baggage Genuíno",
        "image": "https://raw.githubusercontent.com/Nereziel/cs2-WeaponPaints/main/website/img/skins/collectible-6014.png"
    },
    {
        "id": "6015",
        "name": "Pin - Phoenix Genuíno",
        "image": "https://raw.githubusercontent.com/Nereziel/cs2-WeaponPaints/main/website/img/skins/collectible-6015.png"
    },
    {
        "id": "6016",
        "name": "Pin - Office Genuíno",
        "image": "https://raw.githubusercontent.com/Nereziel/cs2-WeaponPaints/main/website/img/skins/collectible-6016.png"
    },
    {
        "id": "6017",
        "name": "Pin - Cobblestone Genuíno",
        "image": "https://raw.githubusercontent.com/Nereziel/cs2-WeaponPaints/main/website/img/skins/collectible-6017.png"
    },
    {
        "id": "6018",
        "name": "Pin - Overpass Genuíno",
        "image": "https://raw.githubusercontent.com/Nereziel/cs2-WeaponPaints/main/website/img/skins/collectible-6018.png"
    },
    {
        "id": "6019",
        "name": "Pin - Bloodhound Genuíno",
        "image": "https://raw.githubusercontent.com/Nereziel/cs2-WeaponPaints/main/website/img/skins/collectible-6019.png"
    },
    {
        "id": "6020",
        "name": "Pin - Cache Genuíno",
        "image": "https://raw.githubusercontent.com/Nereziel/cs2-WeaponPaints/main/website/img/skins/collectible-6020.png"
    },
    {
        "id": "6021",
        "name": "Pin - Fénix da Valeria Genuíno",
        "image": "https://raw.githubusercontent.com/Nereziel/cs2-WeaponPaints/main/website/img/skins/collectible-6021.png"
    },
    {
        "id": "6022",
        "name": "Pin - Chroma Genuíno",
        "image": "https://raw.githubusercontent.com/Nereziel/cs2-WeaponPaints/main/website/img/skins/collectible-6022.png"
    },
    {
        "id": "6023",
        "name": "Pin - Guardian 3 Genuíno",
        "image": "https://raw.githubusercontent.com/Nereziel/cs2-WeaponPaints/main/website/img/skins/collectible-6023.png"
    },
    {
        "id": "6024",
        "name": "Pin - Canals Genuíno",
        "image": "https://raw.githubusercontent.com/Nereziel/cs2-WeaponPaints/main/website/img/skins/collectible-6024.png"
    },
    {
        "id": "6025",
        "name": "Pin - Welcome to the Clutch Genuíno",
        "image": "https://raw.githubusercontent.com/Nereziel/cs2-WeaponPaints/main/website/img/skins/collectible-6025.png"
    },
    {
        "id": "6026",
        "name": "Pin - Death Sentence Genuíno",
        "image": "https://raw.githubusercontent.com/Nereziel/cs2-WeaponPaints/main/website/img/skins/collectible-6026.png"
    },
    {
        "id": "6027",
        "name": "Pin - Inferno 2 Genuíno",
        "image": "https://raw.githubusercontent.com/Nereziel/cs2-WeaponPaints/main/website/img/skins/collectible-6027.png"
    },
    {
        "id": "6028",
        "name": "Pin - Wildfire Genuíno",
        "image": "https://raw.githubusercontent.com/Nereziel/cs2-WeaponPaints/main/website/img/skins/collectible-6028.png"
    },
    {
        "id": "6029",
        "name": "Pin - Easy Peasy Genuíno",
        "image": "https://raw.githubusercontent.com/Nereziel/cs2-WeaponPaints/main/website/img/skins/collectible-6029.png"
    },
    {
        "id": "6030",
        "name": "Pin - Aces High Genuíno",
        "image": "https://raw.githubusercontent.com/Nereziel/cs2-WeaponPaints/main/website/img/skins/collectible-6030.png"
    },
    {
        "id": "6031",
        "name": "Pin - Hydra Genuíno",
        "image": "https://raw.githubusercontent.com/Nereziel/cs2-WeaponPaints/main/website/img/skins/collectible-6031.png"
    },
    {
        "id": "6032",
        "name": "Pin - Howl Genuíno",
        "image": "https://raw.githubusercontent.com/Nereziel/cs2-WeaponPaints/main/website/img/skins/collectible-6032.png"
    },
    {
        "id": "6033",
        "name": "Pin - Brigadier General Genuíno",
        "image": "https://raw.githubusercontent.com/Nereziel/cs2-WeaponPaints/main/website/img/skins/collectible-6033.png"
    },
    {
        "id": "6034",
        "name": "Pin - Alyx Genuíno",
        "image": "https://raw.githubusercontent.com/Nereziel/cs2-WeaponPaints/main/website/img/skins/collectible-6034.png"
    },
    {
        "id": "6101",
        "name": "Pin - Dust II",
        "image": "https://raw.githubusercontent.com/Nereziel/cs2-WeaponPaints/main/website/img/skins/collectible-6101.png"
    },
    {
        "id": "6102",
        "name": "Pin - Guardian Elite",
        "image": "https://raw.githubusercontent.com/Nereziel/cs2-WeaponPaints/main/website/img/skins/collectible-6102.png"
    },
    {
        "id": "6103",
        "name": "Pin - Mirage",
        "image": "https://raw.githubusercontent.com/Nereziel/cs2-WeaponPaints/main/website/img/skins/collectible-6103.png"
    },
    {
        "id": "6104",
        "name": "Pin - Inferno",
        "image": "https://raw.githubusercontent.com/Nereziel/cs2-WeaponPaints/main/website/img/skins/collectible-6104.png"
    },
    {
        "id": "6105",
        "name": "Pin - Italy",
        "image": "https://raw.githubusercontent.com/Nereziel/cs2-WeaponPaints/main/website/img/skins/collectible-6105.png"
    },
    {
        "id": "6106",
        "name": "Pin - Victory",
        "image": "https://raw.githubusercontent.com/Nereziel/cs2-WeaponPaints/main/website/img/skins/collectible-6106.png"
    },
    {
        "id": "6107",
        "name": "Pin - Militia",
        "image": "https://raw.githubusercontent.com/Nereziel/cs2-WeaponPaints/main/website/img/skins/collectible-6107.png"
    },
    {
        "id": "6108",
        "name": "Pin - Nuke",
        "image": "https://raw.githubusercontent.com/Nereziel/cs2-WeaponPaints/main/website/img/skins/collectible-6108.png"
    },
    {
        "id": "6109",
        "name": "Pin - Train",
        "image": "https://raw.githubusercontent.com/Nereziel/cs2-WeaponPaints/main/website/img/skins/collectible-6109.png"
    },
    {
        "id": "6110",
        "name": "Pin - Guardian",
        "image": "https://raw.githubusercontent.com/Nereziel/cs2-WeaponPaints/main/website/img/skins/collectible-6110.png"
    },
    {
        "id": "6111",
        "name": "Pin - Tactics",
        "image": "https://raw.githubusercontent.com/Nereziel/cs2-WeaponPaints/main/website/img/skins/collectible-6111.png"
    },
    {
        "id": "6112",
        "name": "Pin - Guardian 2",
        "image": "https://raw.githubusercontent.com/Nereziel/cs2-WeaponPaints/main/website/img/skins/collectible-6112.png"
    },
    {
        "id": "6113",
        "name": "Pin - Bravo",
        "image": "https://raw.githubusercontent.com/Nereziel/cs2-WeaponPaints/main/website/img/skins/collectible-6113.png"
    },
    {
        "id": "6114",
        "name": "Pin - Baggage",
        "image": "https://raw.githubusercontent.com/Nereziel/cs2-WeaponPaints/main/website/img/skins/collectible-6114.png"
    },
    {
        "id": "6115",
        "name": "Pin - Phoenix",
        "image": "https://raw.githubusercontent.com/Nereziel/cs2-WeaponPaints/main/website/img/skins/collectible-6115.png"
    },
    {
        "id": "6116",
        "name": "Pin - Office",
        "image": "https://raw.githubusercontent.com/Nereziel/cs2-WeaponPaints/main/website/img/skins/collectible-6116.png"
    },
    {
        "id": "6117",
        "name": "Pin - Cobblestone",
        "image": "https://raw.githubusercontent.com/Nereziel/cs2-WeaponPaints/main/website/img/skins/collectible-6117.png"
    },
    {
        "id": "6118",
        "name": "Pin - Overpass",
        "image": "https://raw.githubusercontent.com/Nereziel/cs2-WeaponPaints/main/website/img/skins/collectible-6118.png"
    },
    {
        "id": "6119",
        "name": "Pin - Bloodhound",
        "image": "https://raw.githubusercontent.com/Nereziel/cs2-WeaponPaints/main/website/img/skins/collectible-6119.png"
    },
    {
        "id": "6120",
        "name": "Pin - Cache",
        "image": "https://raw.githubusercontent.com/Nereziel/cs2-WeaponPaints/main/website/img/skins/collectible-6120.png"
    },
    {
        "id": "6121",
        "name": "Pin - Fénix da Valeria",
        "image": "https://raw.githubusercontent.com/Nereziel/cs2-WeaponPaints/main/website/img/skins/collectible-6121.png"
    },
    {
        "id": "6122",
        "name": "Pin - Chroma",
        "image": "https://raw.githubusercontent.com/Nereziel/cs2-WeaponPaints/main/website/img/skins/collectible-6122.png"
    },
    {
        "id": "6123",
        "name": "Pin - Guardian 3",
        "image": "https://raw.githubusercontent.com/Nereziel/cs2-WeaponPaints/main/website/img/skins/collectible-6123.png"
    },
    {
        "id": "6124",
        "name": "Pin - Canals",
        "image": "https://raw.githubusercontent.com/Nereziel/cs2-WeaponPaints/main/website/img/skins/collectible-6124.png"
    },
    {
        "id": "6125",
        "name": "Pin - Welcome to the Clutch",
        "image": "https://raw.githubusercontent.com/Nereziel/cs2-WeaponPaints/main/website/img/skins/collectible-6125.png"
    },
    {
        "id": "6126",
        "name": "Pin - Death Sentence",
        "image": "https://raw.githubusercontent.com/Nereziel/cs2-WeaponPaints/main/website/img/skins/collectible-6126.png"
    },
    {
        "id": "6127",
        "name": "Pin - Inferno 2",
        "image": "https://raw.githubusercontent.com/Nereziel/cs2-WeaponPaints/main/website/img/skins/collectible-6127.png"
    },
    {
        "id": "6128",
        "name": "Pin - Wildfire",
        "image": "https://raw.githubusercontent.com/Nereziel/cs2-WeaponPaints/main/website/img/skins/collectible-6128.png"
    },
    {
        "id": "6129",
        "name": "Pin - Easy Peasy",
        "image": "https://raw.githubusercontent.com/Nereziel/cs2-WeaponPaints/main/website/img/skins/collectible-6129.png"
    },
    {
        "id": "6130",
        "name": "Pin - Aces High",
        "image": "https://raw.githubusercontent.com/Nereziel/cs2-WeaponPaints/main/website/img/skins/collectible-6130.png"
    },
    {
        "id": "6131",
        "name": "Pin - Hydra",
        "image": "https://raw.githubusercontent.com/Nereziel/cs2-WeaponPaints/main/website/img/skins/collectible-6131.png"
    },
    {
        "id": "6132",
        "name": "Pin - Howl",
        "image": "https://raw.githubusercontent.com/Nereziel/cs2-WeaponPaints/main/website/img/skins/collectible-6132.png"
    },
    {
        "id": "6133",
        "name": "Pin - Brigadier General",
        "image": "https://raw.githubusercontent.com/Nereziel/cs2-WeaponPaints/main/website/img/skins/collectible-6133.png"
    },
    {
        "id": "6134",
        "name": "Pin - Alyx",
        "image": "https://raw.githubusercontent.com/Nereziel/cs2-WeaponPaints/main/website/img/skins/collectible-6134.png"
    }
]