[
    {
        "id": "875",
        "name": "Чемпіон DreamHack 2013",
        "image": "https://raw.githubusercontent.com/Nereziel/cs2-WeaponPaints/main/website/img/skins/collectible-875.png"
    },
    {
        "id": "876",
        "name": "Фіналіст DreamHack 2013",
        "image": "https://raw.githubusercontent.com/Nereziel/cs2-WeaponPaints/main/website/img/skins/collectible-876.png"
    },
    {
        "id": "877",
        "name": "Півфіналіст DreamHack 2013",
        "image": "https://raw.githubusercontent.com/Nereziel/cs2-WeaponPaints/main/website/img/skins/collectible-877.png"
    },
    {
        "id": "878",
        "name": "Чвертьфіналіст DreamHack 2013",
        "image": "https://raw.githubusercontent.com/Nereziel/cs2-WeaponPaints/main/website/img/skins/collectible-878.png"
    },
    {
        "id": "879",
        "name": "Чемпіон EMS One Katowice 2014",
        "image": "https://raw.githubusercontent.com/Nereziel/cs2-WeaponPaints/main/website/img/skins/collectible-879.png"
    },
    {
        "id": "880",
        "name": "Фіналіст EMS One Katowice 2014",
        "image": "https://raw.githubusercontent.com/Nereziel/cs2-WeaponPaints/main/website/img/skins/collectible-880.png"
    },
    {
        "id": "881",
        "name": "Півфіналіст EMS One Katowice 2014",
        "image": "https://raw.githubusercontent.com/Nereziel/cs2-WeaponPaints/main/website/img/skins/collectible-881.png"
    },
    {
        "id": "882",
        "name": "Чвертьфіналіст EMS One Katowice 2014",
        "image": "https://raw.githubusercontent.com/Nereziel/cs2-WeaponPaints/main/website/img/skins/collectible-882.png"
    },
    {
        "id": "883",
        "name": "Переможець «ESL One Cologne 2014»",
        "image": "https://raw.githubusercontent.com/Nereziel/cs2-WeaponPaints/main/website/img/skins/collectible-883.png"
    },
    {
        "id": "884",
        "name": "Фіналіст «ESL One Cologne 2014»",
        "image": "https://raw.githubusercontent.com/Nereziel/cs2-WeaponPaints/main/website/img/skins/collectible-884.png"
    },
    {
        "id": "885",
        "name": "Півфіналіст «ESL One Cologne 2014»",
        "image": "https://raw.githubusercontent.com/Nereziel/cs2-WeaponPaints/main/website/img/skins/collectible-885.png"
    },
    {
        "id": "886",
        "name": "Чвертьфіналіст «ESL One Cologne 2014»",
        "image": "https://raw.githubusercontent.com/Nereziel/cs2-WeaponPaints/main/website/img/skins/collectible-886.png"
    },
    {
        "id": "887",
        "name": "Бронзова нагорода змагання прогнозів на «Кельн 2014»",
        "image": "https://raw.githubusercontent.com/Nereziel/cs2-WeaponPaints/main/website/img/skins/collectible-887.png"
    },
    {
        "id": "888",
        "name": "Срібна нагорода змагання прогнозів на «Кельн 2014»",
        "image": "https://raw.githubusercontent.com/Nereziel/cs2-WeaponPaints/main/website/img/skins/collectible-888.png"
    },
    {
        "id": "889",
        "name": "Золота нагорода змагання прогнозів на «Кельн 2014»",
        "image": "https://raw.githubusercontent.com/Nereziel/cs2-WeaponPaints/main/website/img/skins/collectible-889.png"
    },
    {
        "id": "890",
        "name": "Чемпіон DreamHack Winter 2014",
        "image": "https://raw.githubusercontent.com/Nereziel/cs2-WeaponPaints/main/website/img/skins/collectible-890.png"
    },
    {
        "id": "891",
        "name": "Фіналіст DreamHack Winter 2014",
        "image": "https://raw.githubusercontent.com/Nereziel/cs2-WeaponPaints/main/website/img/skins/collectible-891.png"
    },
    {
        "id": "892",
        "name": "Півфіналіст DreamHack Winter 2014",
        "image": "https://raw.githubusercontent.com/Nereziel/cs2-WeaponPaints/main/website/img/skins/collectible-892.png"
    },
    {
        "id": "893",
        "name": "Чвертьфіналіст DreamHack Winter 2014",
        "image": "https://raw.githubusercontent.com/Nereziel/cs2-WeaponPaints/main/website/img/skins/collectible-893.png"
    },
    {
        "id": "894",
        "name": "Бронзова нагорода змагання прогнозів на «DreamHack 2014»",
        "image": "https://raw.githubusercontent.com/Nereziel/cs2-WeaponPaints/main/website/img/skins/collectible-894.png"
    },
    {
        "id": "895",
        "name": "Срібна нагорода змагання прогнозів на «DreamHack 2014»",
        "image": "https://raw.githubusercontent.com/Nereziel/cs2-WeaponPaints/main/website/img/skins/collectible-895.png"
    },
    {
        "id": "896",
        "name": "Золота нагорода змагання прогнозів на «DreamHack 2014»",
        "image": "https://raw.githubusercontent.com/Nereziel/cs2-WeaponPaints/main/website/img/skins/collectible-896.png"
    },
    {
        "id": "897",
        "name": "Чемпіон ESL One Katowice 2015",
        "image": "https://raw.githubusercontent.com/Nereziel/cs2-WeaponPaints/main/website/img/skins/collectible-897.png"
    },
    {
        "id": "898",
        "name": "Фіналіст ESL One Katowice 2015",
        "image": "https://raw.githubusercontent.com/Nereziel/cs2-WeaponPaints/main/website/img/skins/collectible-898.png"
    },
    {
        "id": "899",
        "name": "Півфіналіст ESL One Katowice 2015",
        "image": "https://raw.githubusercontent.com/Nereziel/cs2-WeaponPaints/main/website/img/skins/collectible-899.png"
    },
    {
        "id": "900",
        "name": "Чвертьфіналіст ESL One Katowice 2015",
        "image": "https://raw.githubusercontent.com/Nereziel/cs2-WeaponPaints/main/website/img/skins/collectible-900.png"
    },
    {
        "id": "901",
        "name": "Бронзова нагорода змагання прогнозів на «Катовіце 2015»",
        "image": "https://raw.githubusercontent.com/Nereziel/cs2-WeaponPaints/main/website/img/skins/collectible-901.png"
    },
    {
        "id": "902",
        "name": "Срібна нагорода змагання прогнозів на «Катовіце 2015»",
        "image": "https://raw.githubusercontent.com/Nereziel/cs2-WeaponPaints/main/website/img/skins/collectible-902.png"
    },
    {
        "id": "903",
        "name": "Золота нагорода змагання прогнозів на «Катовіце 2015»",
        "image": "https://raw.githubusercontent.com/Nereziel/cs2-WeaponPaints/main/website/img/skins/collectible-903.png"
    },
    {
        "id": "904",
        "name": "Переможець ESL One Cologne 2015",
        "image": "https://raw.githubusercontent.com/Nereziel/cs2-WeaponPaints/main/website/img/skins/collectible-904.png"
    },
    {
        "id": "905",
        "name": "Фіналіст ESL One Cologne 2015",
        "image": "https://raw.githubusercontent.com/Nereziel/cs2-WeaponPaints/main/website/img/skins/collectible-905.png"
    },
    {
        "id": "906",
        "name": "Півфіналіст ESL One Cologne 2015",
        "image": "https://raw.githubusercontent.com/Nereziel/cs2-WeaponPaints/main/website/img/skins/collectible-906.png"
    },
    {
        "id": "907",
        "name": "Чвертьфіналіст ESL One Cologne 2015",
        "image": "https://raw.githubusercontent.com/Nereziel/cs2-WeaponPaints/main/website/img/skins/collectible-907.png"
    },
    {
        "id": "908",
        "name": "Бронзова нагорода змагання прогнозів на «Кельн 2015»",
        "image": "https://raw.githubusercontent.com/Nereziel/cs2-WeaponPaints/main/website/img/skins/collectible-908.png"
    },
    {
        "id": "909",
        "name": "Срібна нагорода змагання прогнозів на «Кельн 2015»",
        "image": "https://raw.githubusercontent.com/Nereziel/cs2-WeaponPaints/main/website/img/skins/collectible-909.png"
    },
    {
        "id": "910",
        "name": "Золота нагорода змагання прогнозів на «Кельн 2015»",
        "image": "https://raw.githubusercontent.com/Nereziel/cs2-WeaponPaints/main/website/img/skins/collectible-910.png"
    },
    {
        "id": "911",
        "name": "Бронзова нагорода змагання прогнозів на «Клуж-Напоку 2015»",
        "image": "https://raw.githubusercontent.com/Nereziel/cs2-WeaponPaints/main/website/img/skins/collectible-911.png"
    },
    {
        "id": "912",
        "name": "Срібна нагорода змагання прогнозів на «Клуж-Напоку 2015»",
        "image": "https://raw.githubusercontent.com/Nereziel/cs2-WeaponPaints/main/website/img/skins/collectible-912.png"
    },
    {
        "id": "913",
        "name": "Золота нагорода змагання прогнозів на «Клуж-Напоку 2015»",
        "image": "https://raw.githubusercontent.com/Nereziel/cs2-WeaponPaints/main/website/img/skins/collectible-913.png"
    },
    {
        "id": "914",
        "name": "Бронзова нагорода змагання «Fantasy Team» на «DreamHack Клуж-Напока 2015»",
        "image": "https://raw.githubusercontent.com/Nereziel/cs2-WeaponPaints/main/website/img/skins/collectible-914.png"
    },
    {
        "id": "915",
        "name": "Срібна нагорода Cluj-Napoca 2015 Fantasy",
        "image": "https://raw.githubusercontent.com/Nereziel/cs2-WeaponPaints/main/website/img/skins/collectible-915.png"
    },
    {
        "id": "916",
        "name": "Золота нагорода Cluj-Napoca 2015 Fantasy",
        "image": "https://raw.githubusercontent.com/Nereziel/cs2-WeaponPaints/main/website/img/skins/collectible-916.png"
    },
    {
        "id": "917",
        "name": "Переможець «DreamHack Клуж-Напока 2015»",
        "image": "https://raw.githubusercontent.com/Nereziel/cs2-WeaponPaints/main/website/img/skins/collectible-917.png"
    },
    {
        "id": "918",
        "name": "Фіналіст «DreamHack Клуж-Напока 2015»",
        "image": "https://raw.githubusercontent.com/Nereziel/cs2-WeaponPaints/main/website/img/skins/collectible-918.png"
    },
    {
        "id": "919",
        "name": "Півфіналіст «DreamHack Клуж-Напока 2015»",
        "image": "https://raw.githubusercontent.com/Nereziel/cs2-WeaponPaints/main/website/img/skins/collectible-919.png"
    },
    {
        "id": "920",
        "name": "Чвертьфіналіст «DreamHack Клуж-Напока 2015»",
        "image": "https://raw.githubusercontent.com/Nereziel/cs2-WeaponPaints/main/website/img/skins/collectible-920.png"
    },
    {
        "id": "921",
        "name": "Бронзова нагорода змагання прогнозів на «Колумбус 2016»",
        "image": "https://raw.githubusercontent.com/Nereziel/cs2-WeaponPaints/main/website/img/skins/collectible-921.png"
    },
    {
        "id": "922",
        "name": "Срібна нагорода змагання прогнозів на «Колумбус 2016»",
        "image": "https://raw.githubusercontent.com/Nereziel/cs2-WeaponPaints/main/website/img/skins/collectible-922.png"
    },
    {
        "id": "923",
        "name": "Золота нагорода змагання прогнозів на «Колумбус 2016»",
        "image": "https://raw.githubusercontent.com/Nereziel/cs2-WeaponPaints/main/website/img/skins/collectible-923.png"
    },
    {
        "id": "924",
        "name": "Бронзова нагорода змагання «Fantasy Team» на «Columbus 2016»",
        "image": "https://raw.githubusercontent.com/Nereziel/cs2-WeaponPaints/main/website/img/skins/collectible-924.png"
    },
    {
        "id": "925",
        "name": "Срібна нагорода змагання «Fantasy Team» на «Columbus 2016»",
        "image": "https://raw.githubusercontent.com/Nereziel/cs2-WeaponPaints/main/website/img/skins/collectible-925.png"
    },
    {
        "id": "926",
        "name": "Золота нагорода змагання «Fantasy Team» на «Columbus 2016»",
        "image": "https://raw.githubusercontent.com/Nereziel/cs2-WeaponPaints/main/website/img/skins/collectible-926.png"
    },
    {
        "id": "927",
        "name": "Переможець «MLG Columbus 2016»",
        "image": "https://raw.githubusercontent.com/Nereziel/cs2-WeaponPaints/main/website/img/skins/collectible-927.png"
    },
    {
        "id": "928",
        "name": "Фіналіст MLG Columbus 2016",
        "image": "https://raw.githubusercontent.com/Nereziel/cs2-WeaponPaints/main/website/img/skins/collectible-928.png"
    },
    {
        "id": "929",
        "name": "Півфіналіст «MLG Колумбус 2016»",
        "image": "https://raw.githubusercontent.com/Nereziel/cs2-WeaponPaints/main/website/img/skins/collectible-929.png"
    },
    {
        "id": "930",
        "name": "Чвертьфіналісти MLG Columbus 2016",
        "image": "https://raw.githubusercontent.com/Nereziel/cs2-WeaponPaints/main/website/img/skins/collectible-930.png"
    },
    {
        "id": "931",
        "name": "Переможець «ESL One Cologne 2016»",
        "image": "https://raw.githubusercontent.com/Nereziel/cs2-WeaponPaints/main/website/img/skins/collectible-931.png"
    },
    {
        "id": "932",
        "name": "Фіналіст «ESL One Cologne 2016»",
        "image": "https://raw.githubusercontent.com/Nereziel/cs2-WeaponPaints/main/website/img/skins/collectible-932.png"
    },
    {
        "id": "933",
        "name": "Півфіналіст «ESL One Cologne 2016»",
        "image": "https://raw.githubusercontent.com/Nereziel/cs2-WeaponPaints/main/website/img/skins/collectible-933.png"
    },
    {
        "id": "934",
        "name": "Чвертьфіналіст «ESL One Cologne 2016»",
        "image": "https://raw.githubusercontent.com/Nereziel/cs2-WeaponPaints/main/website/img/skins/collectible-934.png"
    },
    {
        "id": "935",
        "name": "Бронзова нагорода змагання прогнозів на «Кельн 2016»",
        "image": "https://raw.githubusercontent.com/Nereziel/cs2-WeaponPaints/main/website/img/skins/collectible-935.png"
    },
    {
        "id": "936",
        "name": "Срібна нагорода змагання прогнозів на «Кельн 2016»",
        "image": "https://raw.githubusercontent.com/Nereziel/cs2-WeaponPaints/main/website/img/skins/collectible-936.png"
    },
    {
        "id": "937",
        "name": "Золота нагорода змагання прогнозів на «Кельн 2016»",
        "image": "https://raw.githubusercontent.com/Nereziel/cs2-WeaponPaints/main/website/img/skins/collectible-937.png"
    },
    {
        "id": "938",
        "name": "Бронзова нагорода змагання «Fantasy Team» на «Coloogne 2016»",
        "image": "https://raw.githubusercontent.com/Nereziel/cs2-WeaponPaints/main/website/img/skins/collectible-938.png"
    },
    {
        "id": "939",
        "name": "Срібна нагорода змагання «Fantasy Team» на «Coloogne 2016»",
        "image": "https://raw.githubusercontent.com/Nereziel/cs2-WeaponPaints/main/website/img/skins/collectible-939.png"
    },
    {
        "id": "940",
        "name": "Золота нагорода змагання «Fantasy Team» на «Coloogne 2016»",
        "image": "https://raw.githubusercontent.com/Nereziel/cs2-WeaponPaints/main/website/img/skins/collectible-940.png"
    },
    {
        "id": "941",
        "name": "Переможець «ELEAGUE Atlanta 2017»",
        "image": "https://raw.githubusercontent.com/Nereziel/cs2-WeaponPaints/main/website/img/skins/collectible-941.png"
    },
    {
        "id": "942",
        "name": "Фіналіст «ELEAGUE Atlanta 2017»",
        "image": "https://raw.githubusercontent.com/Nereziel/cs2-WeaponPaints/main/website/img/skins/collectible-942.png"
    },
    {
        "id": "943",
        "name": "Півфіналіст «ELEAGUE Atlanta 2017»",
        "image": "https://raw.githubusercontent.com/Nereziel/cs2-WeaponPaints/main/website/img/skins/collectible-943.png"
    },
    {
        "id": "944",
        "name": "Чвертьфіналіст «ELEAGUE Atlanta 2017»",
        "image": "https://raw.githubusercontent.com/Nereziel/cs2-WeaponPaints/main/website/img/skins/collectible-944.png"
    },
    {
        "id": "945",
        "name": "Бронзова нагорода змагання прогнозів на «Атланту 2017»",
        "image": "https://raw.githubusercontent.com/Nereziel/cs2-WeaponPaints/main/website/img/skins/collectible-945.png"
    },
    {
        "id": "946",
        "name": "Срібна нагорода змагання прогнозів на «Атланту 2017»",
        "image": "https://raw.githubusercontent.com/Nereziel/cs2-WeaponPaints/main/website/img/skins/collectible-946.png"
    },
    {
        "id": "947",
        "name": "Золота нагорода змагання прогнозів на «Атланту 2017»",
        "image": "https://raw.githubusercontent.com/Nereziel/cs2-WeaponPaints/main/website/img/skins/collectible-947.png"
    },
    {
        "id": "948",
        "name": "Чемпіон «PGL Краків 2017»",
        "image": "https://raw.githubusercontent.com/Nereziel/cs2-WeaponPaints/main/website/img/skins/collectible-948.png"
    },
    {
        "id": "949",
        "name": "Фіналіст «PGL Краків 2017»",
        "image": "https://raw.githubusercontent.com/Nereziel/cs2-WeaponPaints/main/website/img/skins/collectible-949.png"
    },
    {
        "id": "950",
        "name": "Півфіналіст «PGL Краків 2017»",
        "image": "https://raw.githubusercontent.com/Nereziel/cs2-WeaponPaints/main/website/img/skins/collectible-950.png"
    },
    {
        "id": "951",
        "name": "Чвертьфіналіст «PGL Краків 2017»",
        "image": "https://raw.githubusercontent.com/Nereziel/cs2-WeaponPaints/main/website/img/skins/collectible-951.png"
    },
    {
        "id": "952",
        "name": "Бронзова нагорода змагання прогнозів на «Краків 2017»",
        "image": "https://raw.githubusercontent.com/Nereziel/cs2-WeaponPaints/main/website/img/skins/collectible-952.png"
    },
    {
        "id": "953",
        "name": "Срібна нагорода змагання прогнозів на «Краків 2017»",
        "image": "https://raw.githubusercontent.com/Nereziel/cs2-WeaponPaints/main/website/img/skins/collectible-953.png"
    },
    {
        "id": "954",
        "name": "Золота нагорода змагання прогнозів на «Краків 2017»",
        "image": "https://raw.githubusercontent.com/Nereziel/cs2-WeaponPaints/main/website/img/skins/collectible-954.png"
    },
    {
        "id": "955",
        "name": "Переможець «ELEAGUE Boston 2018»",
        "image": "https://raw.githubusercontent.com/Nereziel/cs2-WeaponPaints/main/website/img/skins/collectible-955.png"
    },
    {
        "id": "956",
        "name": "Фіналіст «ELEAGUE Boston 2018»",
        "image": "https://raw.githubusercontent.com/Nereziel/cs2-WeaponPaints/main/website/img/skins/collectible-956.png"
    },
    {
        "id": "957",
        "name": "Півфіналіст «ELEAGUE Boston 2018»",
        "image": "https://raw.githubusercontent.com/Nereziel/cs2-WeaponPaints/main/website/img/skins/collectible-957.png"
    },
    {
        "id": "958",
        "name": "Чвертьфіналіст «ELEAGUE Boston 2018»",
        "image": "https://raw.githubusercontent.com/Nereziel/cs2-WeaponPaints/main/website/img/skins/collectible-958.png"
    },
    {
        "id": "959",
        "name": "Бронзова нагорода змагання прогнозів на «Бостон 2018»",
        "image": "https://raw.githubusercontent.com/Nereziel/cs2-WeaponPaints/main/website/img/skins/collectible-959.png"
    },
    {
        "id": "960",
        "name": "Срібна нагорода змагання прогнозів на «Бостон 2018»",
        "image": "https://raw.githubusercontent.com/Nereziel/cs2-WeaponPaints/main/website/img/skins/collectible-960.png"
    },
    {
        "id": "961",
        "name": "Золота нагорода змагання прогнозів на «Бостон 2018»",
        "image": "https://raw.githubusercontent.com/Nereziel/cs2-WeaponPaints/main/website/img/skins/collectible-961.png"
    },
    {
        "id": "962",
        "name": "Чемпіон Лондонському турніру від FACEIT 2018 року",
        "image": "https://raw.githubusercontent.com/Nereziel/cs2-WeaponPaints/main/website/img/skins/collectible-962.png"
    },
    {
        "id": "963",
        "name": "Фіналіст Лондонського турніру від FACEIT 2018 року",
        "image": "https://raw.githubusercontent.com/Nereziel/cs2-WeaponPaints/main/website/img/skins/collectible-963.png"
    },
    {
        "id": "964",
        "name": "Півфіналіст Лондонського турніру від FACEIT 2018 року",
        "image": "https://raw.githubusercontent.com/Nereziel/cs2-WeaponPaints/main/website/img/skins/collectible-964.png"
    },
    {
        "id": "965",
        "name": "Чвертьфіналіст Лондонського турніру від FACEIT 2018 року",
        "image": "https://raw.githubusercontent.com/Nereziel/cs2-WeaponPaints/main/website/img/skins/collectible-965.png"
    },
    {
        "id": "966",
        "name": "Бронзова нагорода змагання прогнозів на «Лондон 2018»",
        "image": "https://raw.githubusercontent.com/Nereziel/cs2-WeaponPaints/main/website/img/skins/collectible-966.png"
    },
    {
        "id": "967",
        "name": "Срібна нагорода змагання прогнозів на «Лондон 2018»",
        "image": "https://raw.githubusercontent.com/Nereziel/cs2-WeaponPaints/main/website/img/skins/collectible-967.png"
    },
    {
        "id": "968",
        "name": "Золота нагорода змагання прогнозів на «Лондон 2018»",
        "image": "https://raw.githubusercontent.com/Nereziel/cs2-WeaponPaints/main/website/img/skins/collectible-968.png"
    },
    {
        "id": "971",
        "name": "Чемпіон «IEM Катовіце 2019»",
        "image": "https://raw.githubusercontent.com/Nereziel/cs2-WeaponPaints/main/website/img/skins/collectible-971.png"
    },
    {
        "id": "972",
        "name": "Фіналіст «IEM Катовіце 2019»",
        "image": "https://raw.githubusercontent.com/Nereziel/cs2-WeaponPaints/main/website/img/skins/collectible-972.png"
    },
    {
        "id": "973",
        "name": "Півфіналіст «IEM Катовіце 2019»",
        "image": "https://raw.githubusercontent.com/Nereziel/cs2-WeaponPaints/main/website/img/skins/collectible-973.png"
    },
    {
        "id": "974",
        "name": "Чвертьфіналіст «IEM Катовіце 2019»",
        "image": "https://raw.githubusercontent.com/Nereziel/cs2-WeaponPaints/main/website/img/skins/collectible-974.png"
    },
    {
        "id": "975",
        "name": "Чемпіон «StarLadder Берлін 2019»",
        "image": "https://raw.githubusercontent.com/Nereziel/cs2-WeaponPaints/main/website/img/skins/collectible-975.png"
    },
    {
        "id": "976",
        "name": "Фіналіст «StarLadder Берлін 2019»",
        "image": "https://raw.githubusercontent.com/Nereziel/cs2-WeaponPaints/main/website/img/skins/collectible-976.png"
    },
    {
        "id": "977",
        "name": "Півфіналіст «StarLadder Берлін 2019»",
        "image": "https://raw.githubusercontent.com/Nereziel/cs2-WeaponPaints/main/website/img/skins/collectible-977.png"
    },
    {
        "id": "978",
        "name": "Чвертьфіналіст «StarLadder Берлін 2019»",
        "image": "https://raw.githubusercontent.com/Nereziel/cs2-WeaponPaints/main/website/img/skins/collectible-978.png"
    },
    {
        "id": "979",
        "name": "Чемпіон «PGL Стокгольм 2021»",
        "image": "https://raw.githubusercontent.com/Nereziel/cs2-WeaponPaints/main/website/img/skins/collectible-979.png"
    },
    {
        "id": "980",
        "name": "Фіналіст «PGL Стокгольм 2021»",
        "image": "https://raw.githubusercontent.com/Nereziel/cs2-WeaponPaints/main/website/img/skins/collectible-980.png"
    },
    {
        "id": "981",
        "name": "Півфіналіст «PGL Стокгольм 2021»",
        "image": "https://raw.githubusercontent.com/Nereziel/cs2-WeaponPaints/main/website/img/skins/collectible-981.png"
    },
    {
        "id": "982",
        "name": "Чвертьфіналіст «PGL Стокгольм 2021»",
        "image": "https://raw.githubusercontent.com/Nereziel/cs2-WeaponPaints/main/website/img/skins/collectible-982.png"
    },
    {
        "id": "983",
        "name": "Чемпіон «PGL Антверпен 2022»",
        "image": "https://raw.githubusercontent.com/Nereziel/cs2-WeaponPaints/main/website/img/skins/collectible-983.png"
    },
    {
        "id": "984",
        "name": "Фіналіст «PGL Антверпен 2022»",
        "image": "https://raw.githubusercontent.com/Nereziel/cs2-WeaponPaints/main/website/img/skins/collectible-984.png"
    },
    {
        "id": "985",
        "name": "Півфіналіст «PGL Антверпен 2022»",
        "image": "https://raw.githubusercontent.com/Nereziel/cs2-WeaponPaints/main/website/img/skins/collectible-985.png"
    },
    {
        "id": "986",
        "name": "Чвертьфіналіст «PGL Антверпен 2022»",
        "image": "https://raw.githubusercontent.com/Nereziel/cs2-WeaponPaints/main/website/img/skins/collectible-986.png"
    },
    {
        "id": "988",
        "name": "Чемпіон «IEM Ріо 2022»",
        "image": "https://raw.githubusercontent.com/Nereziel/cs2-WeaponPaints/main/website/img/skins/collectible-988.png"
    },
    {
        "id": "989",
        "name": "Фіналіст «IEM Ріо 2022»",
        "image": "https://raw.githubusercontent.com/Nereziel/cs2-WeaponPaints/main/website/img/skins/collectible-989.png"
    },
    {
        "id": "990",
        "name": "Півфіналіст «IEM Ріо 2022»",
        "image": "https://raw.githubusercontent.com/Nereziel/cs2-WeaponPaints/main/website/img/skins/collectible-990.png"
    },
    {
        "id": "991",
        "name": "Чвертьфіналіст «IEM Ріо 2022»",
        "image": "https://raw.githubusercontent.com/Nereziel/cs2-WeaponPaints/main/website/img/skins/collectible-991.png"
    },
    {
        "id": "992",
        "name": "Чемпіон «BLAST.tv Париж 2023»",
        "image": "https://raw.githubusercontent.com/Nereziel/cs2-WeaponPaints/main/website/img/skins/collectible-992.png"
    },
    {
        "id": "993",
        "name": "Фіналіст «BLAST.tv Париж 2023»",
        "image": "https://raw.githubusercontent.com/Nereziel/cs2-WeaponPaints/main/website/img/skins/collectible-993.png"
    },
    {
        "id": "994",
        "name": "Півфіналіст «BLAST.tv Париж 2023»",
        "image": "https://raw.githubusercontent.com/Nereziel/cs2-WeaponPaints/main/website/img/skins/collectible-994.png"
    },
    {
        "id": "995",
        "name": "Чвертьфіналіст «BLAST.tv Париж 2023»",
        "image": "https://raw.githubusercontent.com/Nereziel/cs2-WeaponPaints/main/website/img/skins/collectible-995.png"
    },
    {
        "id": "1001",
        "name": "Монета учасника операції «Відплата»",
        "image": "https://raw.githubusercontent.com/Nereziel/cs2-WeaponPaints/main/website/img/skins/collectible-1001.png"
    },
    {
        "id": "1002",
        "name": "Срібна монета учасника операції «Відплата»",
        "image": "https://raw.githubusercontent.com/Nereziel/cs2-WeaponPaints/main/website/img/skins/collectible-1002.png"
    },
    {
        "id": "1003",
        "name": "Золота монета учасника операції «Відплата»",
        "image": "https://raw.githubusercontent.com/Nereziel/cs2-WeaponPaints/main/website/img/skins/collectible-1003.png"
    },
    {
        "id": "1004",
        "name": "Монета мапи Museum",
        "image": "https://raw.githubusercontent.com/Nereziel/cs2-WeaponPaints/main/website/img/skins/collectible-1004.png"
    },
    {
        "id": "1005",
        "name": "Монета мапи Downtown",
        "image": "https://raw.githubusercontent.com/Nereziel/cs2-WeaponPaints/main/website/img/skins/collectible-1005.png"
    },
    {
        "id": "1006",
        "name": "Монета мапи Thunder",
        "image": "https://raw.githubusercontent.com/Nereziel/cs2-WeaponPaints/main/website/img/skins/collectible-1006.png"
    },
    {
        "id": "1007",
        "name": "Монета мапи Favela",
        "image": "https://raw.githubusercontent.com/Nereziel/cs2-WeaponPaints/main/website/img/skins/collectible-1007.png"
    },
    {
        "id": "1008",
        "name": "Монета мапи Motel",
        "image": "https://raw.githubusercontent.com/Nereziel/cs2-WeaponPaints/main/website/img/skins/collectible-1008.png"
    },
    {
        "id": "1009",
        "name": "Монета мапи Seaside",
        "image": "https://raw.githubusercontent.com/Nereziel/cs2-WeaponPaints/main/website/img/skins/collectible-1009.png"
    },
    {
        "id": "1010",
        "name": "Монета мапи Library",
        "image": "https://raw.githubusercontent.com/Nereziel/cs2-WeaponPaints/main/website/img/skins/collectible-1010.png"
    },
    {
        "id": "1013",
        "name": "Монета учасника операції «Браво»",
        "image": "https://raw.githubusercontent.com/Nereziel/cs2-WeaponPaints/main/website/img/skins/collectible-1013.png"
    },
    {
        "id": "1014",
        "name": "Срібна монета учасника операції «Браво»",
        "image": "https://raw.githubusercontent.com/Nereziel/cs2-WeaponPaints/main/website/img/skins/collectible-1014.png"
    },
    {
        "id": "1015",
        "name": "Золота монета учасника операції «Браво»",
        "image": "https://raw.githubusercontent.com/Nereziel/cs2-WeaponPaints/main/website/img/skins/collectible-1015.png"
    },
    {
        "id": "1016",
        "name": "Монета мапи Agency",
        "image": "https://raw.githubusercontent.com/Nereziel/cs2-WeaponPaints/main/website/img/skins/collectible-1016.png"
    },
    {
        "id": "1017",
        "name": "Монета мапи Ali",
        "image": "https://raw.githubusercontent.com/Nereziel/cs2-WeaponPaints/main/website/img/skins/collectible-1017.png"
    },
    {
        "id": "1018",
        "name": "Монета мапи Cache",
        "image": "https://raw.githubusercontent.com/Nereziel/cs2-WeaponPaints/main/website/img/skins/collectible-1018.png"
    },
    {
        "id": "1019",
        "name": "Монета мапи Chinatown",
        "image": "https://raw.githubusercontent.com/Nereziel/cs2-WeaponPaints/main/website/img/skins/collectible-1019.png"
    },
    {
        "id": "1020",
        "name": "Монета мапи Gwalior",
        "image": "https://raw.githubusercontent.com/Nereziel/cs2-WeaponPaints/main/website/img/skins/collectible-1020.png"
    },
    {
        "id": "1021",
        "name": "Монета мапи Ruins",
        "image": "https://raw.githubusercontent.com/Nereziel/cs2-WeaponPaints/main/website/img/skins/collectible-1021.png"
    },
    {
        "id": "1022",
        "name": "Монета мапи Siege",
        "image": "https://raw.githubusercontent.com/Nereziel/cs2-WeaponPaints/main/website/img/skins/collectible-1022.png"
    },
    {
        "id": "1024",
        "name": "Монета учасника операції «Фенікс»",
        "image": "https://raw.githubusercontent.com/Nereziel/cs2-WeaponPaints/main/website/img/skins/collectible-1024.png"
    },
    {
        "id": "1025",
        "name": "Срібна монета операції «Фенікс»",
        "image": "https://raw.githubusercontent.com/Nereziel/cs2-WeaponPaints/main/website/img/skins/collectible-1025.png"
    },
    {
        "id": "1026",
        "name": "Золота монета операції «Фенікс»",
        "image": "https://raw.githubusercontent.com/Nereziel/cs2-WeaponPaints/main/website/img/skins/collectible-1026.png"
    },
    {
        "id": "1028",
        "name": "Монета учасника операції «Прорив»",
        "image": "https://raw.githubusercontent.com/Nereziel/cs2-WeaponPaints/main/website/img/skins/collectible-1028.png"
    },
    {
        "id": "1029",
        "name": "Срібна монета учасника операції «Прорив»",
        "image": "https://raw.githubusercontent.com/Nereziel/cs2-WeaponPaints/main/website/img/skins/collectible-1029.png"
    },
    {
        "id": "1030",
        "name": "Золота монета учасника операції «Прорив»",
        "image": "https://raw.githubusercontent.com/Nereziel/cs2-WeaponPaints/main/website/img/skins/collectible-1030.png"
    },
    {
        "id": "1031",
        "name": "Монета мапи Castle",
        "image": "https://raw.githubusercontent.com/Nereziel/cs2-WeaponPaints/main/website/img/skins/collectible-1031.png"
    },
    {
        "id": "1032",
        "name": "Монета мапи Black Gold",
        "image": "https://raw.githubusercontent.com/Nereziel/cs2-WeaponPaints/main/website/img/skins/collectible-1032.png"
    },
    {
        "id": "1033",
        "name": "Монета мапи Rush",
        "image": "https://raw.githubusercontent.com/Nereziel/cs2-WeaponPaints/main/website/img/skins/collectible-1033.png"
    },
    {
        "id": "1034",
        "name": "Монета мапи Mist",
        "image": "https://raw.githubusercontent.com/Nereziel/cs2-WeaponPaints/main/website/img/skins/collectible-1034.png"
    },
    {
        "id": "1035",
        "name": "Монета мапи Insertion",
        "image": "https://raw.githubusercontent.com/Nereziel/cs2-WeaponPaints/main/website/img/skins/collectible-1035.png"
    },
    {
        "id": "1036",
        "name": "Монета мапи Overgrown",
        "image": "https://raw.githubusercontent.com/Nereziel/cs2-WeaponPaints/main/website/img/skins/collectible-1036.png"
    },
    {
        "id": "1037",
        "name": "Монета мапи Marquis",
        "image": "https://raw.githubusercontent.com/Nereziel/cs2-WeaponPaints/main/website/img/skins/collectible-1037.png"
    },
    {
        "id": "1038",
        "name": "Монета мапи Workout",
        "image": "https://raw.githubusercontent.com/Nereziel/cs2-WeaponPaints/main/website/img/skins/collectible-1038.png"
    },
    {
        "id": "1039",
        "name": "Монета мапи Backalley",
        "image": "https://raw.githubusercontent.com/Nereziel/cs2-WeaponPaints/main/website/img/skins/collectible-1039.png"
    },
    {
        "id": "1040",
        "name": "Монета мапи Season",
        "image": "https://raw.githubusercontent.com/Nereziel/cs2-WeaponPaints/main/website/img/skins/collectible-1040.png"
    },
    {
        "id": "1041",
        "name": "Монета мапи Bazaar",
        "image": "https://raw.githubusercontent.com/Nereziel/cs2-WeaponPaints/main/website/img/skins/collectible-1041.png"
    },
    {
        "id": "1042",
        "name": "Монета мапи Facade",
        "image": "https://raw.githubusercontent.com/Nereziel/cs2-WeaponPaints/main/website/img/skins/collectible-1042.png"
    },
    {
        "id": "1043",
        "name": "Монета мапи Log",
        "image": "https://raw.githubusercontent.com/Nereziel/cs2-WeaponPaints/main/website/img/skins/collectible-1043.png"
    },
    {
        "id": "1044",
        "name": "Монета мапи Rails",
        "image": "https://raw.githubusercontent.com/Nereziel/cs2-WeaponPaints/main/website/img/skins/collectible-1044.png"
    },
    {
        "id": "1045",
        "name": "Монета мапи Resort",
        "image": "https://raw.githubusercontent.com/Nereziel/cs2-WeaponPaints/main/website/img/skins/collectible-1045.png"
    },
    {
        "id": "1046",
        "name": "Монета мапи Zoo",
        "image": "https://raw.githubusercontent.com/Nereziel/cs2-WeaponPaints/main/website/img/skins/collectible-1046.png"
    },
    {
        "id": "1047",
        "name": "Монета мапи Santorini",
        "image": "https://raw.githubusercontent.com/Nereziel/cs2-WeaponPaints/main/website/img/skins/collectible-1047.png"
    },
    {
        "id": "1048",
        "name": "Монета мапи Coast",
        "image": "https://raw.githubusercontent.com/Nereziel/cs2-WeaponPaints/main/website/img/skins/collectible-1048.png"
    },
    {
        "id": "1049",
        "name": "Монета мапи Mikla",
        "image": "https://raw.githubusercontent.com/Nereziel/cs2-WeaponPaints/main/website/img/skins/collectible-1049.png"
    },
    {
        "id": "1050",
        "name": "Монета мапи Royal",
        "image": "https://raw.githubusercontent.com/Nereziel/cs2-WeaponPaints/main/website/img/skins/collectible-1050.png"
    },
    {
        "id": "1051",
        "name": "Монета мапи Empire",
        "image": "https://raw.githubusercontent.com/Nereziel/cs2-WeaponPaints/main/website/img/skins/collectible-1051.png"
    },
    {
        "id": "1052",
        "name": "Монета мапи Tulip",
        "image": "https://raw.githubusercontent.com/Nereziel/cs2-WeaponPaints/main/website/img/skins/collectible-1052.png"
    },
    {
        "id": "1053",
        "name": "Монета мапи Cruise",
        "image": "https://raw.githubusercontent.com/Nereziel/cs2-WeaponPaints/main/website/img/skins/collectible-1053.png"
    },
    {
        "id": "1054",
        "name": "Монета мапи Subzero",
        "image": "https://raw.githubusercontent.com/Nereziel/cs2-WeaponPaints/main/website/img/skins/collectible-1054.png"
    },
    {
        "id": "1055",
        "name": "Монета мапи Biome",
        "image": "https://raw.githubusercontent.com/Nereziel/cs2-WeaponPaints/main/website/img/skins/collectible-1055.png"
    },
    {
        "id": "1056",
        "name": "Монета мапи Abbey",
        "image": "https://raw.githubusercontent.com/Nereziel/cs2-WeaponPaints/main/website/img/skins/collectible-1056.png"
    },
    {
        "id": "1057",
        "name": "Монета мапи Ruby",
        "image": "https://raw.githubusercontent.com/Nereziel/cs2-WeaponPaints/main/website/img/skins/collectible-1057.png"
    },
    {
        "id": "1058",
        "name": "Монета мапи Breach",
        "image": "https://raw.githubusercontent.com/Nereziel/cs2-WeaponPaints/main/website/img/skins/collectible-1058.png"
    },
    {
        "id": "1059",
        "name": "Монета мапи Studio",
        "image": "https://raw.githubusercontent.com/Nereziel/cs2-WeaponPaints/main/website/img/skins/collectible-1059.png"
    },
    {
        "id": "1060",
        "name": "Монета мапи Jungle",
        "image": "https://raw.githubusercontent.com/Nereziel/cs2-WeaponPaints/main/website/img/skins/collectible-1060.png"
    },
    {
        "id": "1061",
        "name": "Монета мапи Anubis",
        "image": "https://raw.githubusercontent.com/Nereziel/cs2-WeaponPaints/main/website/img/skins/collectible-1061.png"
    },
    {
        "id": "1062",
        "name": "Монета мапи Chlorine",
        "image": "https://raw.githubusercontent.com/Nereziel/cs2-WeaponPaints/main/website/img/skins/collectible-1062.png"
    },
    {
        "id": "1063",
        "name": "Монета мапи Mutiny",
        "image": "https://raw.githubusercontent.com/Nereziel/cs2-WeaponPaints/main/website/img/skins/collectible-1063.png"
    },
    {
        "id": "1064",
        "name": "Монета мапи Swamp",
        "image": "https://raw.githubusercontent.com/Nereziel/cs2-WeaponPaints/main/website/img/skins/collectible-1064.png"
    },
    {
        "id": "1065",
        "name": "Монета мапи Frostbite",
        "image": "https://raw.githubusercontent.com/Nereziel/cs2-WeaponPaints/main/website/img/skins/collectible-1065.png"
    },
    {
        "id": "1066",
        "name": "Монета мапи Engage",
        "image": "https://raw.githubusercontent.com/Nereziel/cs2-WeaponPaints/main/website/img/skins/collectible-1066.png"
    },
    {
        "id": "1067",
        "name": "Монета мапи Apollo",
        "image": "https://raw.githubusercontent.com/Nereziel/cs2-WeaponPaints/main/website/img/skins/collectible-1067.png"
    },
    {
        "id": "1068",
        "name": "Монета мапи Guard",
        "image": "https://raw.githubusercontent.com/Nereziel/cs2-WeaponPaints/main/website/img/skins/collectible-1068.png"
    },
    {
        "id": "1069",
        "name": "Монета мапи Elysion",
        "image": "https://raw.githubusercontent.com/Nereziel/cs2-WeaponPaints/main/website/img/skins/collectible-1069.png"
    },
    {
        "id": "1070",
        "name": "Монета мапи Grind",
        "image": "https://raw.githubusercontent.com/Nereziel/cs2-WeaponPaints/main/website/img/skins/collectible-1070.png"
    },
    {
        "id": "1071",
        "name": "Монета мапи Mocha",
        "image": "https://raw.githubusercontent.com/Nereziel/cs2-WeaponPaints/main/website/img/skins/collectible-1071.png"
    },
    {
        "id": "1072",
        "name": "Монета мапи Calavera",
        "image": "https://raw.githubusercontent.com/Nereziel/cs2-WeaponPaints/main/website/img/skins/collectible-1072.png"
    },
    {
        "id": "1073",
        "name": "Монета мапи Pitstop",
        "image": "https://raw.githubusercontent.com/Nereziel/cs2-WeaponPaints/main/website/img/skins/collectible-1073.png"
    },
    {
        "id": "1074",
        "name": "Монета мапи Basalt",
        "image": "https://raw.githubusercontent.com/Nereziel/cs2-WeaponPaints/main/website/img/skins/collectible-1074.png"
    },
    {
        "id": "1075",
        "name": "Монета мапи Insertion II",
        "image": "https://raw.githubusercontent.com/Nereziel/cs2-WeaponPaints/main/website/img/skins/collectible-1075.png"
    },
    {
        "id": "1076",
        "name": "Монета мапи Ravine",
        "image": "https://raw.githubusercontent.com/Nereziel/cs2-WeaponPaints/main/website/img/skins/collectible-1076.png"
    },
    {
        "id": "1077",
        "name": "Монета мапи Extraction",
        "image": "https://raw.githubusercontent.com/Nereziel/cs2-WeaponPaints/main/website/img/skins/collectible-1077.png"
    },
    {
        "id": "1078",
        "name": "Монета мапи County",
        "image": "https://raw.githubusercontent.com/Nereziel/cs2-WeaponPaints/main/website/img/skins/collectible-1078.png"
    },
    {
        "id": "1079",
        "name": "Монета мапи Iris",
        "image": "https://raw.githubusercontent.com/Nereziel/cs2-WeaponPaints/main/website/img/skins/collectible-1079.png"
    },
    {
        "id": "1080",
        "name": "Монета мапи Climb",
        "image": "https://raw.githubusercontent.com/Nereziel/cs2-WeaponPaints/main/website/img/skins/collectible-1080.png"
    },
    {
        "id": "1081",
        "name": "Монета мапи Crete",
        "image": "https://raw.githubusercontent.com/Nereziel/cs2-WeaponPaints/main/website/img/skins/collectible-1081.png"
    },
    {
        "id": "1082",
        "name": "Монета мапи Hive",
        "image": "https://raw.githubusercontent.com/Nereziel/cs2-WeaponPaints/main/website/img/skins/collectible-1082.png"
    },
    {
        "id": "1083",
        "name": "Монета мапи Vineyard",
        "image": "https://raw.githubusercontent.com/Nereziel/cs2-WeaponPaints/main/website/img/skins/collectible-1083.png"
    },
    {
        "id": "1084",
        "name": "Монета мапи Ember",
        "image": "https://raw.githubusercontent.com/Nereziel/cs2-WeaponPaints/main/website/img/skins/collectible-1084.png"
    },
    {
        "id": "1085",
        "name": "Монета мапи Tuscan",
        "image": "https://raw.githubusercontent.com/Nereziel/cs2-WeaponPaints/main/website/img/skins/collectible-1085.png"
    },
    {
        "id": "1086",
        "name": "Монета мапи Cascade",
        "image": "https://raw.githubusercontent.com/Nereziel/cs2-WeaponPaints/main/website/img/skins/collectible-1086.png"
    },
    {
        "id": "1087",
        "name": "Монета мапи Blagai",
        "image": "https://raw.githubusercontent.com/Nereziel/cs2-WeaponPaints/main/website/img/skins/collectible-1087.png"
    },
    {
        "id": "1088",
        "name": "Монета мапи Boyard",
        "image": "https://raw.githubusercontent.com/Nereziel/cs2-WeaponPaints/main/website/img/skins/collectible-1088.png"
    },
    {
        "id": "1089",
        "name": "Монета мапи Chalice",
        "image": "https://raw.githubusercontent.com/Nereziel/cs2-WeaponPaints/main/website/img/skins/collectible-1089.png"
    },
    {
        "id": "1316",
        "name": "Монета учасника операції «Авангард»",
        "image": "https://raw.githubusercontent.com/Nereziel/cs2-WeaponPaints/main/website/img/skins/collectible-1316.png"
    },
    {
        "id": "1317",
        "name": "Срібна монета учасника операції «Авангард»",
        "image": "https://raw.githubusercontent.com/Nereziel/cs2-WeaponPaints/main/website/img/skins/collectible-1317.png"
    },
    {
        "id": "1318",
        "name": "Золота монета учасника операції «Авангард»",
        "image": "https://raw.githubusercontent.com/Nereziel/cs2-WeaponPaints/main/website/img/skins/collectible-1318.png"
    },
    {
        "id": "1327",
        "name": "Монета учасника операції «Дойда»",
        "image": "https://raw.githubusercontent.com/Nereziel/cs2-WeaponPaints/main/website/img/skins/collectible-1327.png"
    },
    {
        "id": "1328",
        "name": "Срібна монета учасника операції «Дойда»",
        "image": "https://raw.githubusercontent.com/Nereziel/cs2-WeaponPaints/main/website/img/skins/collectible-1328.png"
    },
    {
        "id": "1329",
        "name": "Золота монета учасника операції «Дойда»",
        "image": "https://raw.githubusercontent.com/Nereziel/cs2-WeaponPaints/main/website/img/skins/collectible-1329.png"
    },
    {
        "id": "1331",
        "name": "Медаль за службу 2015",
        "image": "https://raw.githubusercontent.com/Nereziel/cs2-WeaponPaints/main/website/img/skins/collectible-1331.png"
    },
    {
        "id": "1332",
        "name": "Медаль за службу 2015",
        "image": "https://raw.githubusercontent.com/Nereziel/cs2-WeaponPaints/main/website/img/skins/collectible-1332.png"
    },
    {
        "id": "1336",
        "name": "Монета учасника операції «Дике полум’я»",
        "image": "https://raw.githubusercontent.com/Nereziel/cs2-WeaponPaints/main/website/img/skins/collectible-1336.png"
    },
    {
        "id": "1337",
        "name": "Срібна монета учасника операції «Дике полум’я»",
        "image": "https://raw.githubusercontent.com/Nereziel/cs2-WeaponPaints/main/website/img/skins/collectible-1337.png"
    },
    {
        "id": "1338",
        "name": "Золота монета учасника операції «Дике полум’я»",
        "image": "https://raw.githubusercontent.com/Nereziel/cs2-WeaponPaints/main/website/img/skins/collectible-1338.png"
    },
    {
        "id": "1339",
        "name": "Медаль за службу 2016",
        "image": "https://raw.githubusercontent.com/Nereziel/cs2-WeaponPaints/main/website/img/skins/collectible-1339.png"
    },
    {
        "id": "1340",
        "name": "Медаль за службу 2016",
        "image": "https://raw.githubusercontent.com/Nereziel/cs2-WeaponPaints/main/website/img/skins/collectible-1340.png"
    },
    {
        "id": "1341",
        "name": "Медаль за службу 2016",
        "image": "https://raw.githubusercontent.com/Nereziel/cs2-WeaponPaints/main/website/img/skins/collectible-1341.png"
    },
    {
        "id": "1342",
        "name": "Медаль за службу 2016",
        "image": "https://raw.githubusercontent.com/Nereziel/cs2-WeaponPaints/main/website/img/skins/collectible-1342.png"
    },
    {
        "id": "1343",
        "name": "Медаль за службу 2016",
        "image": "https://raw.githubusercontent.com/Nereziel/cs2-WeaponPaints/main/website/img/skins/collectible-1343.png"
    },
    {
        "id": "1344",
        "name": "Медаль за службу 2016",
        "image": "https://raw.githubusercontent.com/Nereziel/cs2-WeaponPaints/main/website/img/skins/collectible-1344.png"
    },
    {
        "id": "1357",
        "name": "Медаль за службу 2017",
        "image": "https://raw.githubusercontent.com/Nereziel/cs2-WeaponPaints/main/website/img/skins/collectible-1357.png"
    },
    {
        "id": "1358",
        "name": "Медаль за службу 2017",
        "image": "https://raw.githubusercontent.com/Nereziel/cs2-WeaponPaints/main/website/img/skins/collectible-1358.png"
    },
    {
        "id": "1359",
        "name": "Медаль за службу 2017",
        "image": "https://raw.githubusercontent.com/Nereziel/cs2-WeaponPaints/main/website/img/skins/collectible-1359.png"
    },
    {
        "id": "1360",
        "name": "Медаль за службу 2017",
        "image": "https://raw.githubusercontent.com/Nereziel/cs2-WeaponPaints/main/website/img/skins/collectible-1360.png"
    },
    {
        "id": "1361",
        "name": "Медаль за службу 2017",
        "image": "https://raw.githubusercontent.com/Nereziel/cs2-WeaponPaints/main/website/img/skins/collectible-1361.png"
    },
    {
        "id": "1362",
        "name": "Медаль за службу 2017",
        "image": "https://raw.githubusercontent.com/Nereziel/cs2-WeaponPaints/main/website/img/skins/collectible-1362.png"
    },
    {
        "id": "1363",
        "name": "Медаль за службу 2017",
        "image": "https://raw.githubusercontent.com/Nereziel/cs2-WeaponPaints/main/website/img/skins/collectible-1363.png"
    },
    {
        "id": "1367",
        "name": "Медаль за службу 2018",
        "image": "https://raw.githubusercontent.com/Nereziel/cs2-WeaponPaints/main/website/img/skins/collectible-1367.png"
    },
    {
        "id": "1368",
        "name": "Медаль за службу 2018",
        "image": "https://raw.githubusercontent.com/Nereziel/cs2-WeaponPaints/main/website/img/skins/collectible-1368.png"
    },
    {
        "id": "1369",
        "name": "Медаль за службу 2018",
        "image": "https://raw.githubusercontent.com/Nereziel/cs2-WeaponPaints/main/website/img/skins/collectible-1369.png"
    },
    {
        "id": "1370",
        "name": "Медаль за службу 2018",
        "image": "https://raw.githubusercontent.com/Nereziel/cs2-WeaponPaints/main/website/img/skins/collectible-1370.png"
    },
    {
        "id": "1371",
        "name": "Медаль за службу 2018",
        "image": "https://raw.githubusercontent.com/Nereziel/cs2-WeaponPaints/main/website/img/skins/collectible-1371.png"
    },
    {
        "id": "1372",
        "name": "Медаль за службу 2018",
        "image": "https://raw.githubusercontent.com/Nereziel/cs2-WeaponPaints/main/website/img/skins/collectible-1372.png"
    },
    {
        "id": "1376",
        "name": "Медаль за службу 2019",
        "image": "https://raw.githubusercontent.com/Nereziel/cs2-WeaponPaints/main/website/img/skins/collectible-1376.png"
    },
    {
        "id": "1377",
        "name": "Медаль за службу 2019",
        "image": "https://raw.githubusercontent.com/Nereziel/cs2-WeaponPaints/main/website/img/skins/collectible-1377.png"
    },
    {
        "id": "1378",
        "name": "Медаль за службу 2019",
        "image": "https://raw.githubusercontent.com/Nereziel/cs2-WeaponPaints/main/website/img/skins/collectible-1378.png"
    },
    {
        "id": "1379",
        "name": "Медаль за службу 2019",
        "image": "https://raw.githubusercontent.com/Nereziel/cs2-WeaponPaints/main/website/img/skins/collectible-1379.png"
    },
    {
        "id": "1380",
        "name": "Медаль за службу 2019",
        "image": "https://raw.githubusercontent.com/Nereziel/cs2-WeaponPaints/main/website/img/skins/collectible-1380.png"
    },
    {
        "id": "1381",
        "name": "Медаль за службу 2019",
        "image": "https://raw.githubusercontent.com/Nereziel/cs2-WeaponPaints/main/website/img/skins/collectible-1381.png"
    },
    {
        "id": "4353",
        "name": "Монета учасника операції «Гідра»",
        "image": "https://raw.githubusercontent.com/Nereziel/cs2-WeaponPaints/main/website/img/skins/collectible-4353.png"
    },
    {
        "id": "4354",
        "name": "Срібна монета учасника операції «Гідра»",
        "image": "https://raw.githubusercontent.com/Nereziel/cs2-WeaponPaints/main/website/img/skins/collectible-4354.png"
    },
    {
        "id": "4355",
        "name": "Золота монета учасника операції «Гідра»",
        "image": "https://raw.githubusercontent.com/Nereziel/cs2-WeaponPaints/main/website/img/skins/collectible-4355.png"
    },
    {
        "id": "4356",
        "name": "Діамантова монета учасника операції «Гідра»",
        "image": "https://raw.githubusercontent.com/Nereziel/cs2-WeaponPaints/main/website/img/skins/collectible-4356.png"
    },
    {
        "id": "4550",
        "name": "Монета учасника операції «Розірвана мережа»",
        "image": "https://raw.githubusercontent.com/Nereziel/cs2-WeaponPaints/main/website/img/skins/collectible-4550.png"
    },
    {
        "id": "4551",
        "name": "Срібна монета учасника операції «Розірвана мережа»",
        "image": "https://raw.githubusercontent.com/Nereziel/cs2-WeaponPaints/main/website/img/skins/collectible-4551.png"
    },
    {
        "id": "4552",
        "name": "Золота монета учасника операції «Розірвана мережа»",
        "image": "https://raw.githubusercontent.com/Nereziel/cs2-WeaponPaints/main/website/img/skins/collectible-4552.png"
    },
    {
        "id": "4553",
        "name": "Діамантова монета учасника операції «Розірвана мережа»",
        "image": "https://raw.githubusercontent.com/Nereziel/cs2-WeaponPaints/main/website/img/skins/collectible-4553.png"
    },
    {
        "id": "4555",
        "name": "Монета «Катовіце 2019»",
        "image": "https://raw.githubusercontent.com/Nereziel/cs2-WeaponPaints/main/website/img/skins/collectible-4555.png"
    },
    {
        "id": "4556",
        "name": "Срібна монета «Katowice 2019»",
        "image": "https://raw.githubusercontent.com/Nereziel/cs2-WeaponPaints/main/website/img/skins/collectible-4556.png"
    },
    {
        "id": "4557",
        "name": "Золота монета «Катовіце 2019»",
        "image": "https://raw.githubusercontent.com/Nereziel/cs2-WeaponPaints/main/website/img/skins/collectible-4557.png"
    },
    {
        "id": "4558",
        "name": "Діамантова монета «Катовіце 2019»",
        "image": "https://raw.githubusercontent.com/Nereziel/cs2-WeaponPaints/main/website/img/skins/collectible-4558.png"
    },
    {
        "id": "4623",
        "name": "Монета «Берлін 2019»",
        "image": "https://raw.githubusercontent.com/Nereziel/cs2-WeaponPaints/main/website/img/skins/collectible-4623.png"
    },
    {
        "id": "4624",
        "name": "Срібна монета «Берлін 2019»",
        "image": "https://raw.githubusercontent.com/Nereziel/cs2-WeaponPaints/main/website/img/skins/collectible-4624.png"
    },
    {
        "id": "4625",
        "name": "Золота монета «Берлін 2019»",
        "image": "https://raw.githubusercontent.com/Nereziel/cs2-WeaponPaints/main/website/img/skins/collectible-4625.png"
    },
    {
        "id": "4626",
        "name": "Діамантова монета «Берлін 2019»",
        "image": "https://raw.githubusercontent.com/Nereziel/cs2-WeaponPaints/main/website/img/skins/collectible-4626.png"
    },
    {
        "id": "4674",
        "name": "Медаль за службу 2020",
        "image": "https://raw.githubusercontent.com/Nereziel/cs2-WeaponPaints/main/website/img/skins/collectible-4674.png"
    },
    {
        "id": "4675",
        "name": "Медаль за службу 2020",
        "image": "https://raw.githubusercontent.com/Nereziel/cs2-WeaponPaints/main/website/img/skins/collectible-4675.png"
    },
    {
        "id": "4676",
        "name": "Медаль за службу 2020",
        "image": "https://raw.githubusercontent.com/Nereziel/cs2-WeaponPaints/main/website/img/skins/collectible-4676.png"
    },
    {
        "id": "4677",
        "name": "Медаль за службу 2020",
        "image": "https://raw.githubusercontent.com/Nereziel/cs2-WeaponPaints/main/website/img/skins/collectible-4677.png"
    },
    {
        "id": "4678",
        "name": "Медаль за службу 2020",
        "image": "https://raw.githubusercontent.com/Nereziel/cs2-WeaponPaints/main/website/img/skins/collectible-4678.png"
    },
    {
        "id": "4679",
        "name": "Медаль за службу 2020",
        "image": "https://raw.githubusercontent.com/Nereziel/cs2-WeaponPaints/main/website/img/skins/collectible-4679.png"
    },
    {
        "id": "4682",
        "name": "Значок «Цивільна оборона»",
        "image": "https://raw.githubusercontent.com/Nereziel/cs2-WeaponPaints/main/website/img/skins/collectible-4682.png"
    },
    {
        "id": "4683",
        "name": "Значок «Їжа!»",
        "image": "https://raw.githubusercontent.com/Nereziel/cs2-WeaponPaints/main/website/img/skins/collectible-4683.png"
    },
    {
        "id": "4684",
        "name": "Значок «Вортіґонт»",
        "image": "https://raw.githubusercontent.com/Nereziel/cs2-WeaponPaints/main/website/img/skins/collectible-4684.png"
    },
    {
        "id": "4685",
        "name": "Значок «Ієрогліф хедкраба»",
        "image": "https://raw.githubusercontent.com/Nereziel/cs2-WeaponPaints/main/website/img/skins/collectible-4685.png"
    },
    {
        "id": "4686",
        "name": "Значок «Здоров’я»",
        "image": "https://raw.githubusercontent.com/Nereziel/cs2-WeaponPaints/main/website/img/skins/collectible-4686.png"
    },
    {
        "id": "4687",
        "name": "Значок «Лямбда»",
        "image": "https://raw.githubusercontent.com/Nereziel/cs2-WeaponPaints/main/website/img/skins/collectible-4687.png"
    },
    {
        "id": "4688",
        "name": "Значок «Мідна лямбда»",
        "image": "https://raw.githubusercontent.com/Nereziel/cs2-WeaponPaints/main/website/img/skins/collectible-4688.png"
    },
    {
        "id": "4689",
        "name": "Значок «CMB»",
        "image": "https://raw.githubusercontent.com/Nereziel/cs2-WeaponPaints/main/website/img/skins/collectible-4689.png"
    },
    {
        "id": "4690",
        "name": "Значок «Блек-Меса»",
        "image": "https://raw.githubusercontent.com/Nereziel/cs2-WeaponPaints/main/website/img/skins/collectible-4690.png"
    },
    {
        "id": "4691",
        "name": "Значок «Шолом комбінантів»",
        "image": "https://raw.githubusercontent.com/Nereziel/cs2-WeaponPaints/main/website/img/skins/collectible-4691.png"
    },
    {
        "id": "4692",
        "name": "Значок «Сіті-17»",
        "image": "https://raw.githubusercontent.com/Nereziel/cs2-WeaponPaints/main/website/img/skins/collectible-4692.png"
    },
    {
        "id": "4700",
        "name": "Монета учасника операції «Зламане ікло»",
        "image": "https://raw.githubusercontent.com/Nereziel/cs2-WeaponPaints/main/website/img/skins/collectible-4700.png"
    },
    {
        "id": "4701",
        "name": "Срібна монета учасника операції «Зламане ікло»",
        "image": "https://raw.githubusercontent.com/Nereziel/cs2-WeaponPaints/main/website/img/skins/collectible-4701.png"
    },
    {
        "id": "4702",
        "name": "Золота монета учасника операції «Зламане ікло»",
        "image": "https://raw.githubusercontent.com/Nereziel/cs2-WeaponPaints/main/website/img/skins/collectible-4702.png"
    },
    {
        "id": "4703",
        "name": "Діамантова монета учасника операції «Зламане ікло»",
        "image": "https://raw.githubusercontent.com/Nereziel/cs2-WeaponPaints/main/website/img/skins/collectible-4703.png"
    },
    {
        "id": "4737",
        "name": "Медаль за службу 2021",
        "image": "https://raw.githubusercontent.com/Nereziel/cs2-WeaponPaints/main/website/img/skins/collectible-4737.png"
    },
    {
        "id": "4738",
        "name": "Медаль за службу 2021",
        "image": "https://raw.githubusercontent.com/Nereziel/cs2-WeaponPaints/main/website/img/skins/collectible-4738.png"
    },
    {
        "id": "4739",
        "name": "Медаль за службу 2021",
        "image": "https://raw.githubusercontent.com/Nereziel/cs2-WeaponPaints/main/website/img/skins/collectible-4739.png"
    },
    {
        "id": "4740",
        "name": "Медаль за службу 2021",
        "image": "https://raw.githubusercontent.com/Nereziel/cs2-WeaponPaints/main/website/img/skins/collectible-4740.png"
    },
    {
        "id": "4741",
        "name": "Медаль за службу 2021",
        "image": "https://raw.githubusercontent.com/Nereziel/cs2-WeaponPaints/main/website/img/skins/collectible-4741.png"
    },
    {
        "id": "4742",
        "name": "Медаль за службу 2021",
        "image": "https://raw.githubusercontent.com/Nereziel/cs2-WeaponPaints/main/website/img/skins/collectible-4742.png"
    },
    {
        "id": "4759",
        "name": "Монета учасника операції «Хижі води»",
        "image": "https://raw.githubusercontent.com/Nereziel/cs2-WeaponPaints/main/website/img/skins/collectible-4759.png"
    },
    {
        "id": "4760",
        "name": "Срібна монета учасника операції «Хижі води»",
        "image": "https://raw.githubusercontent.com/Nereziel/cs2-WeaponPaints/main/website/img/skins/collectible-4760.png"
    },
    {
        "id": "4761",
        "name": "Золота монета учасника операції «Хижі води»",
        "image": "https://raw.githubusercontent.com/Nereziel/cs2-WeaponPaints/main/website/img/skins/collectible-4761.png"
    },
    {
        "id": "4762",
        "name": "Діамантова монета учасника операції «Хижі води»",
        "image": "https://raw.githubusercontent.com/Nereziel/cs2-WeaponPaints/main/website/img/skins/collectible-4762.png"
    },
    {
        "id": "4797",
        "name": "Монета «Стокгольм 2021»",
        "image": "https://raw.githubusercontent.com/Nereziel/cs2-WeaponPaints/main/website/img/skins/collectible-4797.png"
    },
    {
        "id": "4798",
        "name": "Срібна монета «Стокгольм 2021»",
        "image": "https://raw.githubusercontent.com/Nereziel/cs2-WeaponPaints/main/website/img/skins/collectible-4798.png"
    },
    {
        "id": "4799",
        "name": "Золота монета «Стокгольм 2021»",
        "image": "https://raw.githubusercontent.com/Nereziel/cs2-WeaponPaints/main/website/img/skins/collectible-4799.png"
    },
    {
        "id": "4800",
        "name": "Діамантова монета «Стокгольм 2021»",
        "image": "https://raw.githubusercontent.com/Nereziel/cs2-WeaponPaints/main/website/img/skins/collectible-4800.png"
    },
    {
        "id": "4819",
        "name": "Медаль за службу 2022",
        "image": "https://raw.githubusercontent.com/Nereziel/cs2-WeaponPaints/main/website/img/skins/collectible-4819.png"
    },
    {
        "id": "4820",
        "name": "Медаль за службу 2022",
        "image": "https://raw.githubusercontent.com/Nereziel/cs2-WeaponPaints/main/website/img/skins/collectible-4820.png"
    },
    {
        "id": "4821",
        "name": "Медаль за службу 2022",
        "image": "https://raw.githubusercontent.com/Nereziel/cs2-WeaponPaints/main/website/img/skins/collectible-4821.png"
    },
    {
        "id": "4822",
        "name": "Медаль за службу 2022",
        "image": "https://raw.githubusercontent.com/Nereziel/cs2-WeaponPaints/main/website/img/skins/collectible-4822.png"
    },
    {
        "id": "4823",
        "name": "Медаль за службу 2022",
        "image": "https://raw.githubusercontent.com/Nereziel/cs2-WeaponPaints/main/website/img/skins/collectible-4823.png"
    },
    {
        "id": "4824",
        "name": "Медаль за службу 2022",
        "image": "https://raw.githubusercontent.com/Nereziel/cs2-WeaponPaints/main/website/img/skins/collectible-4824.png"
    },
    {
        "id": "4826",
        "name": "Монета «Антверпен 2022»",
        "image": "https://raw.githubusercontent.com/Nereziel/cs2-WeaponPaints/main/website/img/skins/collectible-4826.png"
    },
    {
        "id": "4827",
        "name": "Срібна монета «Антверпен 2022»",
        "image": "https://raw.githubusercontent.com/Nereziel/cs2-WeaponPaints/main/website/img/skins/collectible-4827.png"
    },
    {
        "id": "4828",
        "name": "Золота монета «Антверпен 2022»",
        "image": "https://raw.githubusercontent.com/Nereziel/cs2-WeaponPaints/main/website/img/skins/collectible-4828.png"
    },
    {
        "id": "4829",
        "name": "Діамантова монета «Антверпен 2022»",
        "image": "https://raw.githubusercontent.com/Nereziel/cs2-WeaponPaints/main/website/img/skins/collectible-4829.png"
    },
    {
        "id": "4851",
        "name": "Монета «Ріо 2022»",
        "image": "https://raw.githubusercontent.com/Nereziel/cs2-WeaponPaints/main/website/img/skins/collectible-4851.png"
    },
    {
        "id": "4852",
        "name": "Срібна монета «Ріо 2022»",
        "image": "https://raw.githubusercontent.com/Nereziel/cs2-WeaponPaints/main/website/img/skins/collectible-4852.png"
    },
    {
        "id": "4853",
        "name": "Золота монета «Ріо 2022»",
        "image": "https://raw.githubusercontent.com/Nereziel/cs2-WeaponPaints/main/website/img/skins/collectible-4853.png"
    },
    {
        "id": "4854",
        "name": "Діамантова монета «Ріо 2022»",
        "image": "https://raw.githubusercontent.com/Nereziel/cs2-WeaponPaints/main/website/img/skins/collectible-4854.png"
    },
    {
        "id": "4873",
        "name": "Медаль за службу 2023",
        "image": "https://raw.githubusercontent.com/Nereziel/cs2-WeaponPaints/main/website/img/skins/collectible-4873.png"
    },
    {
        "id": "4874",
        "name": "Медаль за службу 2023",
        "image": "https://raw.githubusercontent.com/Nereziel/cs2-WeaponPaints/main/website/img/skins/collectible-4874.png"
    },
    {
        "id": "4875",
        "name": "Медаль за службу 2023",
        "image": "https://raw.githubusercontent.com/Nereziel/cs2-WeaponPaints/main/website/img/skins/collectible-4875.png"
    },
    {
        "id": "4876",
        "name": "Медаль за службу 2023",
        "image": "https://raw.githubusercontent.com/Nereziel/cs2-WeaponPaints/main/website/img/skins/collectible-4876.png"
    },
    {
        "id": "4877",
        "name": "Медаль за службу 2023",
        "image": "https://raw.githubusercontent.com/Nereziel/cs2-WeaponPaints/main/website/img/skins/collectible-4877.png"
    },
    {
        "id": "4878",
        "name": "Медаль за службу 2023",
        "image": "https://raw.githubusercontent.com/Nereziel/cs2-WeaponPaints/main/website/img/skins/collectible-4878.png"
    },
    {
        "id": "4884",
        "name": "Монета «Париж 2023»",
        "image": "https://raw.githubusercontent.com/Nereziel/cs2-WeaponPaints/main/website/img/skins/collectible-4884.png"
    },
    {
        "id": "4885",
        "name": "Срібна монета «Париж 2023»",
        "image": "https://raw.githubusercontent.com/Nereziel/cs2-WeaponPaints/main/website/img/skins/collectible-4885.png"
    },
    {
        "id": "4886",
        "name": "Золота монета «Париж 2023»",
        "image": "https://raw.githubusercontent.com/Nereziel/cs2-WeaponPaints/main/website/img/skins/collectible-4886.png"
    },
    {
        "id": "4887",
        "name": "Діамантова монета «Париж 2023»",
        "image": "https://raw.githubusercontent.com/Nereziel/cs2-WeaponPaints/main/website/img/skins/collectible-4887.png"
    },
    {
        "id": "4906",
        "name": "Медаль за службу 2024",
        "image": "https://raw.githubusercontent.com/Nereziel/cs2-WeaponPaints/main/website/img/skins/collectible-4906.png"
    },
    {
        "id": "4907",
        "name": "Медаль за службу 2024",
        "image": "https://raw.githubusercontent.com/Nereziel/cs2-WeaponPaints/main/website/img/skins/collectible-4907.png"
    },
    {
        "id": "4908",
        "name": "Медаль за службу 2024",
        "image": "https://raw.githubusercontent.com/Nereziel/cs2-WeaponPaints/main/website/img/skins/collectible-4908.png"
    },
    {
        "id": "4909",
        "name": "Медаль за службу 2024",
        "image": "https://raw.githubusercontent.com/Nereziel/cs2-WeaponPaints/main/website/img/skins/collectible-4909.png"
    },
    {
        "id": "4910",
        "name": "Медаль за службу 2024",
        "image": "https://raw.githubusercontent.com/Nereziel/cs2-WeaponPaints/main/website/img/skins/collectible-4910.png"
    },
    {
        "id": "4911",
        "name": "Медаль за службу 2024",
        "image": "https://raw.githubusercontent.com/Nereziel/cs2-WeaponPaints/main/website/img/skins/collectible-4911.png"
    },
    {
        "id": "4917",
        "name": "Монета «Копенгаген 2024»",
        "image": "https://raw.githubusercontent.com/Nereziel/cs2-WeaponPaints/main/website/img/skins/collectible-4917.png"
    },
    {
        "id": "4918",
        "name": "Срібна монета «Копенгаген 2024»",
        "image": "https://raw.githubusercontent.com/Nereziel/cs2-WeaponPaints/main/website/img/skins/collectible-4918.png"
    },
    {
        "id": "4919",
        "name": "Золота монета «Копенгаген 2024»",
        "image": "https://raw.githubusercontent.com/Nereziel/cs2-WeaponPaints/main/website/img/skins/collectible-4919.png"
    },
    {
        "id": "4920",
        "name": "Діамантова монета «Копенгаген 2024»",
        "image": "https://raw.githubusercontent.com/Nereziel/cs2-WeaponPaints/main/website/img/skins/collectible-4920.png"
    },
    {
        "id": "4933",
        "name": "Чемпіон «PGL Копенгаген 2024»",
        "image": "https://raw.githubusercontent.com/Nereziel/cs2-WeaponPaints/main/website/img/skins/collectible-4933.png"
    },
    {
        "id": "4934",
        "name": "Фіналіст «PGL Копенгаген 2024»",
        "image": "https://raw.githubusercontent.com/Nereziel/cs2-WeaponPaints/main/website/img/skins/collectible-4934.png"
    },
    {
        "id": "4935",
        "name": "Півфіналіст «PGL Копенгаген 2024»",
        "image": "https://raw.githubusercontent.com/Nereziel/cs2-WeaponPaints/main/website/img/skins/collectible-4935.png"
    },
    {
        "id": "4936",
        "name": "Чвертьфіналіст «PGL Копенгаген 2024»",
        "image": "https://raw.githubusercontent.com/Nereziel/cs2-WeaponPaints/main/website/img/skins/collectible-4936.png"
    },
    {
        "id": "4941",
        "name": "Монета мапи Thera",
        "image": "https://raw.githubusercontent.com/Nereziel/cs2-WeaponPaints/main/website/img/skins/collectible-4941.png"
    },
    {
        "id": "4942",
        "name": "Монета мапи Mills",
        "image": "https://raw.githubusercontent.com/Nereziel/cs2-WeaponPaints/main/website/img/skins/collectible-4942.png"
    },
    {
        "id": "4943",
        "name": "Монета мапи Assembly",
        "image": "https://raw.githubusercontent.com/Nereziel/cs2-WeaponPaints/main/website/img/skins/collectible-4943.png"
    },
    {
        "id": "4944",
        "name": "Монета мапи Memento",
        "image": "https://raw.githubusercontent.com/Nereziel/cs2-WeaponPaints/main/website/img/skins/collectible-4944.png"
    },
    {
        "id": "4945",
        "name": "Монета мапи Pool Day",
        "image": "https://raw.githubusercontent.com/Nereziel/cs2-WeaponPaints/main/website/img/skins/collectible-4945.png"
    },
    {
        "id": "6001",
        "name": "Значок «Dust II» (з першої партії)",
        "image": "https://raw.githubusercontent.com/Nereziel/cs2-WeaponPaints/main/website/img/skins/collectible-6001.png"
    },
    {
        "id": "6002",
        "name": "Значок елітного вартового (з першої партії)",
        "image": "https://raw.githubusercontent.com/Nereziel/cs2-WeaponPaints/main/website/img/skins/collectible-6002.png"
    },
    {
        "id": "6003",
        "name": "Значок «Mirage» (з першої партії)",
        "image": "https://raw.githubusercontent.com/Nereziel/cs2-WeaponPaints/main/website/img/skins/collectible-6003.png"
    },
    {
        "id": "6004",
        "name": "Значок «Inferno» (з першої партії)",
        "image": "https://raw.githubusercontent.com/Nereziel/cs2-WeaponPaints/main/website/img/skins/collectible-6004.png"
    },
    {
        "id": "6005",
        "name": "Значок «Italy» (з першої партії)",
        "image": "https://raw.githubusercontent.com/Nereziel/cs2-WeaponPaints/main/website/img/skins/collectible-6005.png"
    },
    {
        "id": "6006",
        "name": "Значок «Перемога» (з першої партії)",
        "image": "https://raw.githubusercontent.com/Nereziel/cs2-WeaponPaints/main/website/img/skins/collectible-6006.png"
    },
    {
        "id": "6007",
        "name": "Значок «Militia» (з першої партії)",
        "image": "https://raw.githubusercontent.com/Nereziel/cs2-WeaponPaints/main/website/img/skins/collectible-6007.png"
    },
    {
        "id": "6008",
        "name": "Значок «Nuke» (з першої партії)",
        "image": "https://raw.githubusercontent.com/Nereziel/cs2-WeaponPaints/main/website/img/skins/collectible-6008.png"
    },
    {
        "id": "6009",
        "name": "Значок «Train» (з першої партії)",
        "image": "https://raw.githubusercontent.com/Nereziel/cs2-WeaponPaints/main/website/img/skins/collectible-6009.png"
    },
    {
        "id": "6010",
        "name": "Значок «Вартовий» (з першої партії)",
        "image": "https://raw.githubusercontent.com/Nereziel/cs2-WeaponPaints/main/website/img/skins/collectible-6010.png"
    },
    {
        "id": "6011",
        "name": "Значок «Тактика» (з першої партії)",
        "image": "https://raw.githubusercontent.com/Nereziel/cs2-WeaponPaints/main/website/img/skins/collectible-6011.png"
    },
    {
        "id": "6012",
        "name": "Значок «Вартовий 2» (з першої партії)",
        "image": "https://raw.githubusercontent.com/Nereziel/cs2-WeaponPaints/main/website/img/skins/collectible-6012.png"
    },
    {
        "id": "6013",
        "name": "Значок «Браво» (з першої партії)",
        "image": "https://raw.githubusercontent.com/Nereziel/cs2-WeaponPaints/main/website/img/skins/collectible-6013.png"
    },
    {
        "id": "6014",
        "name": "Значок «Baggage» (з першої партії)",
        "image": "https://raw.githubusercontent.com/Nereziel/cs2-WeaponPaints/main/website/img/skins/collectible-6014.png"
    },
    {
        "id": "6015",
        "name": "Значок «Фенікс» (з першої партії)",
        "image": "https://raw.githubusercontent.com/Nereziel/cs2-WeaponPaints/main/website/img/skins/collectible-6015.png"
    },
    {
        "id": "6016",
        "name": "Значок «Office» (з першої партії)",
        "image": "https://raw.githubusercontent.com/Nereziel/cs2-WeaponPaints/main/website/img/skins/collectible-6016.png"
    },
    {
        "id": "6017",
        "name": "Значок «Cobblestone» (з першої партії)",
        "image": "https://raw.githubusercontent.com/Nereziel/cs2-WeaponPaints/main/website/img/skins/collectible-6017.png"
    },
    {
        "id": "6018",
        "name": "Значок «Overpass» (з першої партії)",
        "image": "https://raw.githubusercontent.com/Nereziel/cs2-WeaponPaints/main/website/img/skins/collectible-6018.png"
    },
    {
        "id": "6019",
        "name": "Значок «Дойда» (з першої партії)",
        "image": "https://raw.githubusercontent.com/Nereziel/cs2-WeaponPaints/main/website/img/skins/collectible-6019.png"
    },
    {
        "id": "6020",
        "name": "Значок «Cache» (з першої партії)",
        "image": "https://raw.githubusercontent.com/Nereziel/cs2-WeaponPaints/main/website/img/skins/collectible-6020.png"
    },
    {
        "id": "6021",
        "name": "Значок «Валерія Фенікс» (з першої партії)",
        "image": "https://raw.githubusercontent.com/Nereziel/cs2-WeaponPaints/main/website/img/skins/collectible-6021.png"
    },
    {
        "id": "6022",
        "name": "Значок «Хрома» (з першої партії)",
        "image": "https://raw.githubusercontent.com/Nereziel/cs2-WeaponPaints/main/website/img/skins/collectible-6022.png"
    },
    {
        "id": "6023",
        "name": "Значок «Вартовий 3» (з першої партії)",
        "image": "https://raw.githubusercontent.com/Nereziel/cs2-WeaponPaints/main/website/img/skins/collectible-6023.png"
    },
    {
        "id": "6024",
        "name": "Значок «Canals» (з першої партії)",
        "image": "https://raw.githubusercontent.com/Nereziel/cs2-WeaponPaints/main/website/img/skins/collectible-6024.png"
    },
    {
        "id": "6025",
        "name": "Значок «Ласкаво просимо до клатчу» (з першої партії)",
        "image": "https://raw.githubusercontent.com/Nereziel/cs2-WeaponPaints/main/website/img/skins/collectible-6025.png"
    },
    {
        "id": "6026",
        "name": "Значок «Смертний вирок» (з першої партії)",
        "image": "https://raw.githubusercontent.com/Nereziel/cs2-WeaponPaints/main/website/img/skins/collectible-6026.png"
    },
    {
        "id": "6027",
        "name": "Значок «Inferno 2» (з першої партії)",
        "image": "https://raw.githubusercontent.com/Nereziel/cs2-WeaponPaints/main/website/img/skins/collectible-6027.png"
    },
    {
        "id": "6028",
        "name": "Значок «Дике полум’я» (з першої партії)",
        "image": "https://raw.githubusercontent.com/Nereziel/cs2-WeaponPaints/main/website/img/skins/collectible-6028.png"
    },
    {
        "id": "6029",
        "name": "Значок «Простіше простого» (з першої партії)",
        "image": "https://raw.githubusercontent.com/Nereziel/cs2-WeaponPaints/main/website/img/skins/collectible-6029.png"
    },
    {
        "id": "6030",
        "name": "Значок «Козирні тузи» (з першої партії)",
        "image": "https://raw.githubusercontent.com/Nereziel/cs2-WeaponPaints/main/website/img/skins/collectible-6030.png"
    },
    {
        "id": "6031",
        "name": "Значок «Гідра» (з першої партії)",
        "image": "https://raw.githubusercontent.com/Nereziel/cs2-WeaponPaints/main/website/img/skins/collectible-6031.png"
    },
    {
        "id": "6032",
        "name": "Значок «Виття» (з першої партії)",
        "image": "https://raw.githubusercontent.com/Nereziel/cs2-WeaponPaints/main/website/img/skins/collectible-6032.png"
    },
    {
        "id": "6033",
        "name": "Значок «Бригадний генерал» (з першої партії)",
        "image": "https://raw.githubusercontent.com/Nereziel/cs2-WeaponPaints/main/website/img/skins/collectible-6033.png"
    },
    {
        "id": "6034",
        "name": "Значок «Алікс» (з першої партії)",
        "image": "https://raw.githubusercontent.com/Nereziel/cs2-WeaponPaints/main/website/img/skins/collectible-6034.png"
    },
    {
        "id": "6101",
        "name": "Значок «Dust II»",
        "image": "https://raw.githubusercontent.com/Nereziel/cs2-WeaponPaints/main/website/img/skins/collectible-6101.png"
    },
    {
        "id": "6102",
        "name": "Значок елітного вартового",
        "image": "https://raw.githubusercontent.com/Nereziel/cs2-WeaponPaints/main/website/img/skins/collectible-6102.png"
    },
    {
        "id": "6103",
        "name": "Значок «Mirage»",
        "image": "https://raw.githubusercontent.com/Nereziel/cs2-WeaponPaints/main/website/img/skins/collectible-6103.png"
    },
    {
        "id": "6104",
        "name": "Значок «Inferno»",
        "image": "https://raw.githubusercontent.com/Nereziel/cs2-WeaponPaints/main/website/img/skins/collectible-6104.png"
    },
    {
        "id": "6105",
        "name": "Значок «Italy»",
        "image": "https://raw.githubusercontent.com/Nereziel/cs2-WeaponPaints/main/website/img/skins/collectible-6105.png"
    },
    {
        "id": "6106",
        "name": "Значок «Перемога»",
        "image": "https://raw.githubusercontent.com/Nereziel/cs2-WeaponPaints/main/website/img/skins/collectible-6106.png"
    },
    {
        "id": "6107",
        "name": "Значок «Militia»",
        "image": "https://raw.githubusercontent.com/Nereziel/cs2-WeaponPaints/main/website/img/skins/collectible-6107.png"
    },
    {
        "id": "6108",
        "name": "Значок «Nuke»",
        "image": "https://raw.githubusercontent.com/Nereziel/cs2-WeaponPaints/main/website/img/skins/collectible-6108.png"
    },
    {
        "id": "6109",
        "name": "Значок «Train»",
        "image": "https://raw.githubusercontent.com/Nereziel/cs2-WeaponPaints/main/website/img/skins/collectible-6109.png"
    },
    {
        "id": "6110",
        "name": "Значок «Вартовий»",
        "image": "https://raw.githubusercontent.com/Nereziel/cs2-WeaponPaints/main/website/img/skins/collectible-6110.png"
    },
    {
        "id": "6111",
        "name": "Значок «Тактика»",
        "image": "https://raw.githubusercontent.com/Nereziel/cs2-WeaponPaints/main/website/img/skins/collectible-6111.png"
    },
    {
        "id": "6112",
        "name": "Значок «Вартовий 2»",
        "image": "https://raw.githubusercontent.com/Nereziel/cs2-WeaponPaints/main/website/img/skins/collectible-6112.png"
    },
    {
        "id": "6113",
        "name": "Значок «Браво»",
        "image": "https://raw.githubusercontent.com/Nereziel/cs2-WeaponPaints/main/website/img/skins/collectible-6113.png"
    },
    {
        "id": "6114",
        "name": "Значок «Baggage»",
        "image": "https://raw.githubusercontent.com/Nereziel/cs2-WeaponPaints/main/website/img/skins/collectible-6114.png"
    },
    {
        "id": "6115",
        "name": "Значок «Фенікс»",
        "image": "https://raw.githubusercontent.com/Nereziel/cs2-WeaponPaints/main/website/img/skins/collectible-6115.png"
    },
    {
        "id": "6116",
        "name": "Значок «Office»",
        "image": "https://raw.githubusercontent.com/Nereziel/cs2-WeaponPaints/main/website/img/skins/collectible-6116.png"
    },
    {
        "id": "6117",
        "name": "Значок «Cobblestone»",
        "image": "https://raw.githubusercontent.com/Nereziel/cs2-WeaponPaints/main/website/img/skins/collectible-6117.png"
    },
    {
        "id": "6118",
        "name": "Значок «Overpass»",
        "image": "https://raw.githubusercontent.com/Nereziel/cs2-WeaponPaints/main/website/img/skins/collectible-6118.png"
    },
    {
        "id": "6119",
        "name": "Значок «Дойда»",
        "image": "https://raw.githubusercontent.com/Nereziel/cs2-WeaponPaints/main/website/img/skins/collectible-6119.png"
    },
    {
        "id": "6120",
        "name": "Значок «Cache»",
        "image": "https://raw.githubusercontent.com/Nereziel/cs2-WeaponPaints/main/website/img/skins/collectible-6120.png"
    },
    {
        "id": "6121",
        "name": "Значок «Валерія Фенікс»",
        "image": "https://raw.githubusercontent.com/Nereziel/cs2-WeaponPaints/main/website/img/skins/collectible-6121.png"
    },
    {
        "id": "6122",
        "name": "Значок «Хрома»",
        "image": "https://raw.githubusercontent.com/Nereziel/cs2-WeaponPaints/main/website/img/skins/collectible-6122.png"
    },
    {
        "id": "6123",
        "name": "Значок «Вартовий 3»",
        "image": "https://raw.githubusercontent.com/Nereziel/cs2-WeaponPaints/main/website/img/skins/collectible-6123.png"
    },
    {
        "id": "6124",
        "name": "Значок «Canals»",
        "image": "https://raw.githubusercontent.com/Nereziel/cs2-WeaponPaints/main/website/img/skins/collectible-6124.png"
    },
    {
        "id": "6125",
        "name": "Значок «Ласкаво просимо до клатчу»",
        "image": "https://raw.githubusercontent.com/Nereziel/cs2-WeaponPaints/main/website/img/skins/collectible-6125.png"
    },
    {
        "id": "6126",
        "name": "Значок «Смертний вирок»",
        "image": "https://raw.githubusercontent.com/Nereziel/cs2-WeaponPaints/main/website/img/skins/collectible-6126.png"
    },
    {
        "id": "6127",
        "name": "Значок «Inferno 2»",
        "image": "https://raw.githubusercontent.com/Nereziel/cs2-WeaponPaints/main/website/img/skins/collectible-6127.png"
    },
    {
        "id": "6128",
        "name": "Значок «Дике полум’я»",
        "image": "https://raw.githubusercontent.com/Nereziel/cs2-WeaponPaints/main/website/img/skins/collectible-6128.png"
    },
    {
        "id": "6129",
        "name": "Значок «Простіше простого»",
        "image": "https://raw.githubusercontent.com/Nereziel/cs2-WeaponPaints/main/website/img/skins/collectible-6129.png"
    },
    {
        "id": "6130",
        "name": "Значок «Козирні тузи»",
        "image": "https://raw.githubusercontent.com/Nereziel/cs2-WeaponPaints/main/website/img/skins/collectible-6130.png"
    },
    {
        "id": "6131",
        "name": "Значок «Гідра»",
        "image": "https://raw.githubusercontent.com/Nereziel/cs2-WeaponPaints/main/website/img/skins/collectible-6131.png"
    },
    {
        "id": "6132",
        "name": "Значок «Виття»",
        "image": "https://raw.githubusercontent.com/Nereziel/cs2-WeaponPaints/main/website/img/skins/collectible-6132.png"
    },
    {
        "id": "6133",
        "name": "Значок «Бригадний генерал»",
        "image": "https://raw.githubusercontent.com/Nereziel/cs2-WeaponPaints/main/website/img/skins/collectible-6133.png"
    },
    {
        "id": "6134",
        "name": "Значок «Алікс»",
        "image": "https://raw.githubusercontent.com/Nereziel/cs2-WeaponPaints/main/website/img/skins/collectible-6134.png"
    }
]