[
    {
        "weapon_defindex": 0,
        "paint": 0,
        "image": "",
        "paint_name": "Gloves | Default"
    },
    {
        "weapon_defindex": 4725,
        "paint": "10085",
        "image": "https://raw.githubusercontent.com/Nereziel/cs2-WeaponPaints/main/website/img/skins/studded_brokenfang_gloves-10085.png",
        "paint_name": "Рукавиці «Зламане ікло» (★) | Нефрит"
    },
    {
        "weapon_defindex": 4725,
        "paint": "10086",
        "image": "https://raw.githubusercontent.com/Nereziel/cs2-WeaponPaints/main/website/img/skins/studded_brokenfang_gloves-10086.png",
        "paint_name": "Рукавиці «Зламане ікло» (★) | Жовті смужки"
    },
    {
        "weapon_defindex": 4725,
        "paint": "10087",
        "image": "https://raw.githubusercontent.com/Nereziel/cs2-WeaponPaints/main/website/img/skins/studded_brokenfang_gloves-10087.png",
        "paint_name": "Рукавиці «Зламане ікло» (★) | Вишивка"
    },
    {
        "weapon_defindex": 4725,
        "paint": "10088",
        "image": "https://raw.githubusercontent.com/Nereziel/cs2-WeaponPaints/main/website/img/skins/studded_brokenfang_gloves-10088.png",
        "paint_name": "Рукавиці «Зламане ікло» (★) | Несамовитий"
    },
    {
        "weapon_defindex": 5027,
        "paint": "10006",
        "image": "https://raw.githubusercontent.com/Nereziel/cs2-WeaponPaints/main/website/img/skins/studded_bloodhound_gloves-10006.png",
        "paint_name": "Рукавиці «Дойда» (★) | Обвуглені"
    },
    {
        "weapon_defindex": 5027,
        "paint": "10007",
        "image": "https://raw.githubusercontent.com/Nereziel/cs2-WeaponPaints/main/website/img/skins/studded_bloodhound_gloves-10007.png",
        "paint_name": "Рукавиці «Дойда» (★) | Укус змії"
    },
    {
        "weapon_defindex": 5027,
        "paint": "10008",
        "image": "https://raw.githubusercontent.com/Nereziel/cs2-WeaponPaints/main/website/img/skins/studded_bloodhound_gloves-10008.png",
        "paint_name": "Рукавиці «Дойда» (★) | Засмаглі"
    },
    {
        "weapon_defindex": 5027,
        "paint": "10039",
        "image": "https://raw.githubusercontent.com/Nereziel/cs2-WeaponPaints/main/website/img/skins/studded_bloodhound_gloves-10039.png",
        "paint_name": "Рукавиці «Дойда» (★) | Партизанські"
    },
    {
        "weapon_defindex": 5030,
        "paint": "10018",
        "image": "https://raw.githubusercontent.com/Nereziel/cs2-WeaponPaints/main/website/img/skins/sporty_gloves-10018.png",
        "paint_name": "Спортивні рукавиці (★) | Надпровідник"
    },
    {
        "weapon_defindex": 5030,
        "paint": "10019",
        "image": "https://raw.githubusercontent.com/Nereziel/cs2-WeaponPaints/main/website/img/skins/sporty_gloves-10019.png",
        "paint_name": "Спортивні рукавиці (★) | Сухий"
    },
    {
        "weapon_defindex": 5030,
        "paint": "10037",
        "image": "https://raw.githubusercontent.com/Nereziel/cs2-WeaponPaints/main/website/img/skins/sporty_gloves-10037.png",
        "paint_name": "Спортивні рукавиці (★) | Скриня Пандори"
    },
    {
        "weapon_defindex": 5030,
        "paint": "10038",
        "image": "https://raw.githubusercontent.com/Nereziel/cs2-WeaponPaints/main/website/img/skins/sporty_gloves-10038.png",
        "paint_name": "Спортивні рукавиці (★) | Живий лабіринт"
    },
    {
        "weapon_defindex": 5030,
        "paint": "10045",
        "image": "https://raw.githubusercontent.com/Nereziel/cs2-WeaponPaints/main/website/img/skins/sporty_gloves-10045.png",
        "paint_name": "Спортивні рукавиці (★) | Амфібія"
    },
    {
        "weapon_defindex": 5030,
        "paint": "10046",
        "image": "https://raw.githubusercontent.com/Nereziel/cs2-WeaponPaints/main/website/img/skins/sporty_gloves-10046.png",
        "paint_name": "Спортивні рукавиці (★) | Бронзова патина"
    },
    {
        "weapon_defindex": 5030,
        "paint": "10047",
        "image": "https://raw.githubusercontent.com/Nereziel/cs2-WeaponPaints/main/website/img/skins/sporty_gloves-10047.png",
        "paint_name": "Спортивні рукавиці (★) | Омега"
    },
    {
        "weapon_defindex": 5030,
        "paint": "10048",
        "image": "https://raw.githubusercontent.com/Nereziel/cs2-WeaponPaints/main/website/img/skins/sporty_gloves-10048.png",
        "paint_name": "Спортивні рукавиці (★) | Порок"
    },
    {
        "weapon_defindex": 5030,
        "paint": "10073",
        "image": "https://raw.githubusercontent.com/Nereziel/cs2-WeaponPaints/main/website/img/skins/sporty_gloves-10073.png",
        "paint_name": "Спортивні рукавиці (★) | Рогатка"
    },
    {
        "weapon_defindex": 5030,
        "paint": "10074",
        "image": "https://raw.githubusercontent.com/Nereziel/cs2-WeaponPaints/main/website/img/skins/sporty_gloves-10074.png",
        "paint_name": "Спортивні рукавиці (★) | Велика здобич"
    },
    {
        "weapon_defindex": 5030,
        "paint": "10075",
        "image": "https://raw.githubusercontent.com/Nereziel/cs2-WeaponPaints/main/website/img/skins/sporty_gloves-10075.png",
        "paint_name": "Спортивні рукавиці (★) | Червоний шемаг"
    },
    {
        "weapon_defindex": 5030,
        "paint": "10076",
        "image": "https://raw.githubusercontent.com/Nereziel/cs2-WeaponPaints/main/website/img/skins/sporty_gloves-10076.png",
        "paint_name": "Спортивні рукавиці (★) | Нокц"
    },
    {
        "weapon_defindex": 5031,
        "paint": "10013",
        "image": "https://raw.githubusercontent.com/Nereziel/cs2-WeaponPaints/main/website/img/skins/slick_gloves-10013.png",
        "paint_name": "Рукавиці водія (★) | Місячний візерунок"
    },
    {
        "weapon_defindex": 5031,
        "paint": "10015",
        "image": "https://raw.githubusercontent.com/Nereziel/cs2-WeaponPaints/main/website/img/skins/slick_gloves-10015.png",
        "paint_name": "Рукавиці водія (★) | Конвой"
    },
    {
        "weapon_defindex": 5031,
        "paint": "10016",
        "image": "https://raw.githubusercontent.com/Nereziel/cs2-WeaponPaints/main/website/img/skins/slick_gloves-10016.png",
        "paint_name": "Рукавиці водія (★) | Багряний візерунок"
    },
    {
        "weapon_defindex": 5031,
        "paint": "10040",
        "image": "https://raw.githubusercontent.com/Nereziel/cs2-WeaponPaints/main/website/img/skins/slick_gloves-10040.png",
        "paint_name": "Рукавиці водія (★) | Гримучник"
    },
    {
        "weapon_defindex": 5031,
        "paint": "10041",
        "image": "https://raw.githubusercontent.com/Nereziel/cs2-WeaponPaints/main/website/img/skins/slick_gloves-10041.png",
        "paint_name": "Рукавиці водія (★) | Королівська змія"
    },
    {
        "weapon_defindex": 5031,
        "paint": "10042",
        "image": "https://raw.githubusercontent.com/Nereziel/cs2-WeaponPaints/main/website/img/skins/slick_gloves-10042.png",
        "paint_name": "Рукавиці водія (★) | Імператорський плед"
    },
    {
        "weapon_defindex": 5031,
        "paint": "10043",
        "image": "https://raw.githubusercontent.com/Nereziel/cs2-WeaponPaints/main/website/img/skins/slick_gloves-10043.png",
        "paint_name": "Рукавиці водія (★) | Обгін"
    },
    {
        "weapon_defindex": 5031,
        "paint": "10044",
        "image": "https://raw.githubusercontent.com/Nereziel/cs2-WeaponPaints/main/website/img/skins/slick_gloves-10044.png",
        "paint_name": "Рукавиці водія (★) | Гоночний зелений"
    },
    {
        "weapon_defindex": 5031,
        "paint": "10069",
        "image": "https://raw.githubusercontent.com/Nereziel/cs2-WeaponPaints/main/website/img/skins/slick_gloves-10069.png",
        "paint_name": "Рукавиці водія (★) | Резан Червоний"
    },
    {
        "weapon_defindex": 5031,
        "paint": "10070",
        "image": "https://raw.githubusercontent.com/Nereziel/cs2-WeaponPaints/main/website/img/skins/slick_gloves-10070.png",
        "paint_name": "Рукавиці водія (★) | Сніговий барс"
    },
    {
        "weapon_defindex": 5031,
        "paint": "10071",
        "image": "https://raw.githubusercontent.com/Nereziel/cs2-WeaponPaints/main/website/img/skins/slick_gloves-10071.png",
        "paint_name": "Рукавиці водія (★) | Королева ягуарів"
    },
    {
        "weapon_defindex": 5031,
        "paint": "10072",
        "image": "https://raw.githubusercontent.com/Nereziel/cs2-WeaponPaints/main/website/img/skins/slick_gloves-10072.png",
        "paint_name": "Рукавиці водія (★) | Чорна краватка"
    },
    {
        "weapon_defindex": 5032,
        "paint": "10009",
        "image": "https://raw.githubusercontent.com/Nereziel/cs2-WeaponPaints/main/website/img/skins/leather_handwraps-10009.png",
        "paint_name": "Бинти на руки (★) | Шкіра"
    },
    {
        "weapon_defindex": 5032,
        "paint": "10010",
        "image": "https://raw.githubusercontent.com/Nereziel/cs2-WeaponPaints/main/website/img/skins/leather_handwraps-10010.png",
        "paint_name": "Бинти на руки (★) | Пікс. камуфляж «Ялина»"
    },
    {
        "weapon_defindex": 5032,
        "paint": "10021",
        "image": "https://raw.githubusercontent.com/Nereziel/cs2-WeaponPaints/main/website/img/skins/leather_handwraps-10021.png",
        "paint_name": "Бинти на руки (★) | Бійня"
    },
    {
        "weapon_defindex": 5032,
        "paint": "10036",
        "image": "https://raw.githubusercontent.com/Nereziel/cs2-WeaponPaints/main/website/img/skins/leather_handwraps-10036.png",
        "paint_name": "Бинти на руки (★) | Дикі землі"
    },
    {
        "weapon_defindex": 5032,
        "paint": "10053",
        "image": "https://raw.githubusercontent.com/Nereziel/cs2-WeaponPaints/main/website/img/skins/leather_handwraps-10053.png",
        "paint_name": "Бинти на руки (★) | Кобальтові черепи"
    },
    {
        "weapon_defindex": 5032,
        "paint": "10054",
        "image": "https://raw.githubusercontent.com/Nereziel/cs2-WeaponPaints/main/website/img/skins/leather_handwraps-10054.png",
        "paint_name": "Бинти на руки (★) | Відбиток"
    },
    {
        "weapon_defindex": 5032,
        "paint": "10055",
        "image": "https://raw.githubusercontent.com/Nereziel/cs2-WeaponPaints/main/website/img/skins/leather_handwraps-10055.png",
        "paint_name": "Бинти на руки (★) | Скотч"
    },
    {
        "weapon_defindex": 5032,
        "paint": "10056",
        "image": "https://raw.githubusercontent.com/Nereziel/cs2-WeaponPaints/main/website/img/skins/leather_handwraps-10056.png",
        "paint_name": "Бинти на руки (★) | Дерева"
    },
    {
        "weapon_defindex": 5032,
        "paint": "10081",
        "image": "https://raw.githubusercontent.com/Nereziel/cs2-WeaponPaints/main/website/img/skins/leather_handwraps-10081.png",
        "paint_name": "Бинти на руки (★) | Пустельний шемаг"
    },
    {
        "weapon_defindex": 5032,
        "paint": "10082",
        "image": "https://raw.githubusercontent.com/Nereziel/cs2-WeaponPaints/main/website/img/skins/leather_handwraps-10082.png",
        "paint_name": "Бинти на руки (★) | Жираф"
    },
    {
        "weapon_defindex": 5032,
        "paint": "10083",
        "image": "https://raw.githubusercontent.com/Nereziel/cs2-WeaponPaints/main/website/img/skins/leather_handwraps-10083.png",
        "paint_name": "Бинти на руки (★) | Удав"
    },
    {
        "weapon_defindex": 5032,
        "paint": "10084",
        "image": "https://raw.githubusercontent.com/Nereziel/cs2-WeaponPaints/main/website/img/skins/leather_handwraps-10084.png",
        "paint_name": "Бинти на руки (★) | ОБЕРЕЖНО!"
    },
    {
        "weapon_defindex": 5033,
        "paint": "10024",
        "image": "https://raw.githubusercontent.com/Nereziel/cs2-WeaponPaints/main/website/img/skins/motorcycle_gloves-10024.png",
        "paint_name": "Рукавиці мотоцикліста (★) | Затемнення"
    },
    {
        "weapon_defindex": 5033,
        "paint": "10026",
        "image": "https://raw.githubusercontent.com/Nereziel/cs2-WeaponPaints/main/website/img/skins/motorcycle_gloves-10026.png",
        "paint_name": "Рукавиці мотоцикліста (★) | М’ята"
    },
    {
        "weapon_defindex": 5033,
        "paint": "10027",
        "image": "https://raw.githubusercontent.com/Nereziel/cs2-WeaponPaints/main/website/img/skins/motorcycle_gloves-10027.png",
        "paint_name": "Рукавиці мотоцикліста (★) | БАХ!"
    },
    {
        "weapon_defindex": 5033,
        "paint": "10028",
        "image": "https://raw.githubusercontent.com/Nereziel/cs2-WeaponPaints/main/website/img/skins/motorcycle_gloves-10028.png",
        "paint_name": "Рукавиці мотоцикліста (★) | Свіжа м’ята"
    },
    {
        "weapon_defindex": 5033,
        "paint": "10049",
        "image": "https://raw.githubusercontent.com/Nereziel/cs2-WeaponPaints/main/website/img/skins/motorcycle_gloves-10049.png",
        "paint_name": "Рукавиці мотоцикліста (★) | БУМ!"
    },
    {
        "weapon_defindex": 5033,
        "paint": "10050",
        "image": "https://raw.githubusercontent.com/Nereziel/cs2-WeaponPaints/main/website/img/skins/motorcycle_gloves-10050.png",
        "paint_name": "Рукавиці мотоцикліста (★) | Черепаха"
    },
    {
        "weapon_defindex": 5033,
        "paint": "10051",
        "image": "https://raw.githubusercontent.com/Nereziel/cs2-WeaponPaints/main/website/img/skins/motorcycle_gloves-10051.png",
        "paint_name": "Рукавиці мотоцикліста (★) | Транспорт"
    },
    {
        "weapon_defindex": 5033,
        "paint": "10052",
        "image": "https://raw.githubusercontent.com/Nereziel/cs2-WeaponPaints/main/website/img/skins/motorcycle_gloves-10052.png",
        "paint_name": "Рукавиці мотоцикліста (★) | Полігон"
    },
    {
        "weapon_defindex": 5033,
        "paint": "10077",
        "image": "https://raw.githubusercontent.com/Nereziel/cs2-WeaponPaints/main/website/img/skins/motorcycle_gloves-10077.png",
        "paint_name": "Рукавиці мотоцикліста (★) | Фінішна лінія"
    },
    {
        "weapon_defindex": 5033,
        "paint": "10078",
        "image": "https://raw.githubusercontent.com/Nereziel/cs2-WeaponPaints/main/website/img/skins/motorcycle_gloves-10078.png",
        "paint_name": "Рукавиці мотоцикліста (★) | Кидаю димову"
    },
    {
        "weapon_defindex": 5033,
        "paint": "10079",
        "image": "https://raw.githubusercontent.com/Nereziel/cs2-WeaponPaints/main/website/img/skins/motorcycle_gloves-10079.png",
        "paint_name": "Рукавиці мотоцикліста (★) | Кров’яний тиск"
    },
    {
        "weapon_defindex": 5033,
        "paint": "10080",
        "image": "https://raw.githubusercontent.com/Nereziel/cs2-WeaponPaints/main/website/img/skins/motorcycle_gloves-10080.png",
        "paint_name": "Рукавиці мотоцикліста (★) | Командо з третьої роти"
    },
    {
        "weapon_defindex": 5034,
        "paint": "10030",
        "image": "https://raw.githubusercontent.com/Nereziel/cs2-WeaponPaints/main/website/img/skins/specialist_gloves-10030.png",
        "paint_name": "Рукавиці спеціаліста (★) | Пікс. камуфляж «Ліс»"
    },
    {
        "weapon_defindex": 5034,
        "paint": "10033",
        "image": "https://raw.githubusercontent.com/Nereziel/cs2-WeaponPaints/main/website/img/skins/specialist_gloves-10033.png",
        "paint_name": "Рукавиці спеціаліста (★) | Багряне кімоно"
    },
    {
        "weapon_defindex": 5034,
        "paint": "10034",
        "image": "https://raw.githubusercontent.com/Nereziel/cs2-WeaponPaints/main/website/img/skins/specialist_gloves-10034.png",
        "paint_name": "Рукавиці спеціаліста (★) | Смарагдове павутиння"
    },
    {
        "weapon_defindex": 5034,
        "paint": "10035",
        "image": "https://raw.githubusercontent.com/Nereziel/cs2-WeaponPaints/main/website/img/skins/specialist_gloves-10035.png",
        "paint_name": "Рукавиці спеціаліста (★) | Фундамент"
    },
    {
        "weapon_defindex": 5034,
        "paint": "10061",
        "image": "https://raw.githubusercontent.com/Nereziel/cs2-WeaponPaints/main/website/img/skins/specialist_gloves-10061.png",
        "paint_name": "Рукавиці спеціаліста (★) | Криваве павутиння"
    },
    {
        "weapon_defindex": 5034,
        "paint": "10062",
        "image": "https://raw.githubusercontent.com/Nereziel/cs2-WeaponPaints/main/website/img/skins/specialist_gloves-10062.png",
        "paint_name": "Рукавиці спеціаліста (★) | Картеч"
    },
    {
        "weapon_defindex": 5034,
        "paint": "10063",
        "image": "https://raw.githubusercontent.com/Nereziel/cs2-WeaponPaints/main/website/img/skins/specialist_gloves-10063.png",
        "paint_name": "Рукавиці спеціаліста (★) | Градієнт"
    },
    {
        "weapon_defindex": 5034,
        "paint": "10064",
        "image": "https://raw.githubusercontent.com/Nereziel/cs2-WeaponPaints/main/website/img/skins/specialist_gloves-10064.png",
        "paint_name": "Рукавиці спеціаліста (★) | Могул"
    },
    {
        "weapon_defindex": 5034,
        "paint": "10065",
        "image": "https://raw.githubusercontent.com/Nereziel/cs2-WeaponPaints/main/website/img/skins/specialist_gloves-10065.png",
        "paint_name": "Рукавиці спеціаліста (★) | Мармуровий градієнт"
    },
    {
        "weapon_defindex": 5034,
        "paint": "10066",
        "image": "https://raw.githubusercontent.com/Nereziel/cs2-WeaponPaints/main/website/img/skins/specialist_gloves-10066.png",
        "paint_name": "Рукавиці спеціаліста (★) | Лейтенант-командер"
    },
    {
        "weapon_defindex": 5034,
        "paint": "10067",
        "image": "https://raw.githubusercontent.com/Nereziel/cs2-WeaponPaints/main/website/img/skins/specialist_gloves-10067.png",
        "paint_name": "Рукавиці спеціаліста (★) | Удар тигра"
    },
    {
        "weapon_defindex": 5034,
        "paint": "10068",
        "image": "https://raw.githubusercontent.com/Nereziel/cs2-WeaponPaints/main/website/img/skins/specialist_gloves-10068.png",
        "paint_name": "Рукавиці спеціаліста (★) | Польовий агент"
    },
    {
        "weapon_defindex": 5035,
        "paint": "10057",
        "image": "https://raw.githubusercontent.com/Nereziel/cs2-WeaponPaints/main/website/img/skins/studded_hydra_gloves-10057.png",
        "paint_name": "Рукавиці «Гідра» (★) | Смарагд"
    },
    {
        "weapon_defindex": 5035,
        "paint": "10058",
        "image": "https://raw.githubusercontent.com/Nereziel/cs2-WeaponPaints/main/website/img/skins/studded_hydra_gloves-10058.png",
        "paint_name": "Рукавиці «Гідра» (★) | Мангри"
    },
    {
        "weapon_defindex": 5035,
        "paint": "10059",
        "image": "https://raw.githubusercontent.com/Nereziel/cs2-WeaponPaints/main/website/img/skins/studded_hydra_gloves-10059.png",
        "paint_name": "Рукавиці «Гідра» (★) | Гримуча змія"
    },
    {
        "weapon_defindex": 5035,
        "paint": "10060",
        "image": "https://raw.githubusercontent.com/Nereziel/cs2-WeaponPaints/main/website/img/skins/studded_hydra_gloves-10060.png",
        "paint_name": "Рукавиці «Гідра» (★) | Зміцнені для футляра"
    }
]