[
    {
        "weapon_defindex": 0,
        "paint": 0,
        "image": "",
        "paint_name": "Gloves | Default"
    },
    {
        "weapon_defindex": 4725,
        "paint": "10085",
        "image": "https://raw.githubusercontent.com/Nereziel/cs2-WeaponPaints/main/website/img/skins/studded_brokenfang_gloves-10085.png",
        "paint_name": "Broken Fang-hansker (★) | Jade"
    },
    {
        "weapon_defindex": 4725,
        "paint": "10086",
        "image": "https://raw.githubusercontent.com/Nereziel/cs2-WeaponPaints/main/website/img/skins/studded_brokenfang_gloves-10086.png",
        "paint_name": "Broken Fang-hansker (★) | Yellow-banded"
    },
    {
        "weapon_defindex": 4725,
        "paint": "10087",
        "image": "https://raw.githubusercontent.com/Nereziel/cs2-WeaponPaints/main/website/img/skins/studded_brokenfang_gloves-10087.png",
        "paint_name": "Broken Fang-hansker (★) | Needle Point"
    },
    {
        "weapon_defindex": 4725,
        "paint": "10088",
        "image": "https://raw.githubusercontent.com/Nereziel/cs2-WeaponPaints/main/website/img/skins/studded_brokenfang_gloves-10088.png",
        "paint_name": "Broken Fang-hansker (★) | Unhinged"
    },
    {
        "weapon_defindex": 5027,
        "paint": "10006",
        "image": "https://raw.githubusercontent.com/Nereziel/cs2-WeaponPaints/main/website/img/skins/studded_bloodhound_gloves-10006.png",
        "paint_name": "Bloodhound-hansker (★) | Charred"
    },
    {
        "weapon_defindex": 5027,
        "paint": "10007",
        "image": "https://raw.githubusercontent.com/Nereziel/cs2-WeaponPaints/main/website/img/skins/studded_bloodhound_gloves-10007.png",
        "paint_name": "Bloodhound-hansker (★) | Snakebite"
    },
    {
        "weapon_defindex": 5027,
        "paint": "10008",
        "image": "https://raw.githubusercontent.com/Nereziel/cs2-WeaponPaints/main/website/img/skins/studded_bloodhound_gloves-10008.png",
        "paint_name": "Bloodhound-hansker (★) | Bronzed"
    },
    {
        "weapon_defindex": 5027,
        "paint": "10039",
        "image": "https://raw.githubusercontent.com/Nereziel/cs2-WeaponPaints/main/website/img/skins/studded_bloodhound_gloves-10039.png",
        "paint_name": "Bloodhound-hansker (★) | Guerrilla"
    },
    {
        "weapon_defindex": 5030,
        "paint": "10018",
        "image": "https://raw.githubusercontent.com/Nereziel/cs2-WeaponPaints/main/website/img/skins/sporty_gloves-10018.png",
        "paint_name": "Sportshansker (★) | Superconductor"
    },
    {
        "weapon_defindex": 5030,
        "paint": "10019",
        "image": "https://raw.githubusercontent.com/Nereziel/cs2-WeaponPaints/main/website/img/skins/sporty_gloves-10019.png",
        "paint_name": "Sportshansker (★) | Arid"
    },
    {
        "weapon_defindex": 5030,
        "paint": "10037",
        "image": "https://raw.githubusercontent.com/Nereziel/cs2-WeaponPaints/main/website/img/skins/sporty_gloves-10037.png",
        "paint_name": "Sportshansker (★) | Pandora's Box"
    },
    {
        "weapon_defindex": 5030,
        "paint": "10038",
        "image": "https://raw.githubusercontent.com/Nereziel/cs2-WeaponPaints/main/website/img/skins/sporty_gloves-10038.png",
        "paint_name": "Sportshansker (★) | Hedge Maze"
    },
    {
        "weapon_defindex": 5030,
        "paint": "10045",
        "image": "https://raw.githubusercontent.com/Nereziel/cs2-WeaponPaints/main/website/img/skins/sporty_gloves-10045.png",
        "paint_name": "Sportshansker (★) | Amphibious"
    },
    {
        "weapon_defindex": 5030,
        "paint": "10046",
        "image": "https://raw.githubusercontent.com/Nereziel/cs2-WeaponPaints/main/website/img/skins/sporty_gloves-10046.png",
        "paint_name": "Sportshansker (★) | Bronze Morph"
    },
    {
        "weapon_defindex": 5030,
        "paint": "10047",
        "image": "https://raw.githubusercontent.com/Nereziel/cs2-WeaponPaints/main/website/img/skins/sporty_gloves-10047.png",
        "paint_name": "Sportshansker (★) | Omega"
    },
    {
        "weapon_defindex": 5030,
        "paint": "10048",
        "image": "https://raw.githubusercontent.com/Nereziel/cs2-WeaponPaints/main/website/img/skins/sporty_gloves-10048.png",
        "paint_name": "Sportshansker (★) | Vice"
    },
    {
        "weapon_defindex": 5030,
        "paint": "10073",
        "image": "https://raw.githubusercontent.com/Nereziel/cs2-WeaponPaints/main/website/img/skins/sporty_gloves-10073.png",
        "paint_name": "Sportshansker (★) | Slingshot"
    },
    {
        "weapon_defindex": 5030,
        "paint": "10074",
        "image": "https://raw.githubusercontent.com/Nereziel/cs2-WeaponPaints/main/website/img/skins/sporty_gloves-10074.png",
        "paint_name": "Sportshansker (★) | Big Game"
    },
    {
        "weapon_defindex": 5030,
        "paint": "10075",
        "image": "https://raw.githubusercontent.com/Nereziel/cs2-WeaponPaints/main/website/img/skins/sporty_gloves-10075.png",
        "paint_name": "Sportshansker (★) | Scarlet Shamagh"
    },
    {
        "weapon_defindex": 5030,
        "paint": "10076",
        "image": "https://raw.githubusercontent.com/Nereziel/cs2-WeaponPaints/main/website/img/skins/sporty_gloves-10076.png",
        "paint_name": "Sportshansker (★) | Nocts"
    },
    {
        "weapon_defindex": 5031,
        "paint": "10013",
        "image": "https://raw.githubusercontent.com/Nereziel/cs2-WeaponPaints/main/website/img/skins/slick_gloves-10013.png",
        "paint_name": "Kjørehansker (★) | Lunar Weave"
    },
    {
        "weapon_defindex": 5031,
        "paint": "10015",
        "image": "https://raw.githubusercontent.com/Nereziel/cs2-WeaponPaints/main/website/img/skins/slick_gloves-10015.png",
        "paint_name": "Kjørehansker (★) | Convoy"
    },
    {
        "weapon_defindex": 5031,
        "paint": "10016",
        "image": "https://raw.githubusercontent.com/Nereziel/cs2-WeaponPaints/main/website/img/skins/slick_gloves-10016.png",
        "paint_name": "Kjørehansker (★) | Crimson Weave"
    },
    {
        "weapon_defindex": 5031,
        "paint": "10040",
        "image": "https://raw.githubusercontent.com/Nereziel/cs2-WeaponPaints/main/website/img/skins/slick_gloves-10040.png",
        "paint_name": "Kjørehansker (★) | Diamondback"
    },
    {
        "weapon_defindex": 5031,
        "paint": "10041",
        "image": "https://raw.githubusercontent.com/Nereziel/cs2-WeaponPaints/main/website/img/skins/slick_gloves-10041.png",
        "paint_name": "Kjørehansker (★) | King Snake"
    },
    {
        "weapon_defindex": 5031,
        "paint": "10042",
        "image": "https://raw.githubusercontent.com/Nereziel/cs2-WeaponPaints/main/website/img/skins/slick_gloves-10042.png",
        "paint_name": "Kjørehansker (★) | Imperial Plaid"
    },
    {
        "weapon_defindex": 5031,
        "paint": "10043",
        "image": "https://raw.githubusercontent.com/Nereziel/cs2-WeaponPaints/main/website/img/skins/slick_gloves-10043.png",
        "paint_name": "Kjørehansker (★) | Overtake"
    },
    {
        "weapon_defindex": 5031,
        "paint": "10044",
        "image": "https://raw.githubusercontent.com/Nereziel/cs2-WeaponPaints/main/website/img/skins/slick_gloves-10044.png",
        "paint_name": "Kjørehansker (★) | Racing Green"
    },
    {
        "weapon_defindex": 5031,
        "paint": "10069",
        "image": "https://raw.githubusercontent.com/Nereziel/cs2-WeaponPaints/main/website/img/skins/slick_gloves-10069.png",
        "paint_name": "Kjørehansker (★) | Rezan the Red"
    },
    {
        "weapon_defindex": 5031,
        "paint": "10070",
        "image": "https://raw.githubusercontent.com/Nereziel/cs2-WeaponPaints/main/website/img/skins/slick_gloves-10070.png",
        "paint_name": "Kjørehansker (★) | Snow Leopard"
    },
    {
        "weapon_defindex": 5031,
        "paint": "10071",
        "image": "https://raw.githubusercontent.com/Nereziel/cs2-WeaponPaints/main/website/img/skins/slick_gloves-10071.png",
        "paint_name": "Kjørehansker (★) | Queen Jaguar"
    },
    {
        "weapon_defindex": 5031,
        "paint": "10072",
        "image": "https://raw.githubusercontent.com/Nereziel/cs2-WeaponPaints/main/website/img/skins/slick_gloves-10072.png",
        "paint_name": "Kjørehansker (★) | Black Tie"
    },
    {
        "weapon_defindex": 5032,
        "paint": "10009",
        "image": "https://raw.githubusercontent.com/Nereziel/cs2-WeaponPaints/main/website/img/skins/leather_handwraps-10009.png",
        "paint_name": "Boksebandasje (★) | Leather"
    },
    {
        "weapon_defindex": 5032,
        "paint": "10010",
        "image": "https://raw.githubusercontent.com/Nereziel/cs2-WeaponPaints/main/website/img/skins/leather_handwraps-10010.png",
        "paint_name": "Boksebandasje (★) | Spruce DDPAT"
    },
    {
        "weapon_defindex": 5032,
        "paint": "10021",
        "image": "https://raw.githubusercontent.com/Nereziel/cs2-WeaponPaints/main/website/img/skins/leather_handwraps-10021.png",
        "paint_name": "Boksebandasje (★) | Slaughter"
    },
    {
        "weapon_defindex": 5032,
        "paint": "10036",
        "image": "https://raw.githubusercontent.com/Nereziel/cs2-WeaponPaints/main/website/img/skins/leather_handwraps-10036.png",
        "paint_name": "Boksebandasje (★) | Badlands"
    },
    {
        "weapon_defindex": 5032,
        "paint": "10053",
        "image": "https://raw.githubusercontent.com/Nereziel/cs2-WeaponPaints/main/website/img/skins/leather_handwraps-10053.png",
        "paint_name": "Boksebandasje (★) | Cobalt Skulls"
    },
    {
        "weapon_defindex": 5032,
        "paint": "10054",
        "image": "https://raw.githubusercontent.com/Nereziel/cs2-WeaponPaints/main/website/img/skins/leather_handwraps-10054.png",
        "paint_name": "Boksebandasje (★) | Overprint"
    },
    {
        "weapon_defindex": 5032,
        "paint": "10055",
        "image": "https://raw.githubusercontent.com/Nereziel/cs2-WeaponPaints/main/website/img/skins/leather_handwraps-10055.png",
        "paint_name": "Boksebandasje (★) | Duct Tape"
    },
    {
        "weapon_defindex": 5032,
        "paint": "10056",
        "image": "https://raw.githubusercontent.com/Nereziel/cs2-WeaponPaints/main/website/img/skins/leather_handwraps-10056.png",
        "paint_name": "Boksebandasje (★) | Arboreal"
    },
    {
        "weapon_defindex": 5032,
        "paint": "10081",
        "image": "https://raw.githubusercontent.com/Nereziel/cs2-WeaponPaints/main/website/img/skins/leather_handwraps-10081.png",
        "paint_name": "Boksebandasje (★) | Desert Shamagh"
    },
    {
        "weapon_defindex": 5032,
        "paint": "10082",
        "image": "https://raw.githubusercontent.com/Nereziel/cs2-WeaponPaints/main/website/img/skins/leather_handwraps-10082.png",
        "paint_name": "Boksebandasje (★) | Giraffe"
    },
    {
        "weapon_defindex": 5032,
        "paint": "10083",
        "image": "https://raw.githubusercontent.com/Nereziel/cs2-WeaponPaints/main/website/img/skins/leather_handwraps-10083.png",
        "paint_name": "Boksebandasje (★) | Constrictor"
    },
    {
        "weapon_defindex": 5032,
        "paint": "10084",
        "image": "https://raw.githubusercontent.com/Nereziel/cs2-WeaponPaints/main/website/img/skins/leather_handwraps-10084.png",
        "paint_name": "Boksebandasje (★) | CAUTION!"
    },
    {
        "weapon_defindex": 5033,
        "paint": "10024",
        "image": "https://raw.githubusercontent.com/Nereziel/cs2-WeaponPaints/main/website/img/skins/motorcycle_gloves-10024.png",
        "paint_name": "Motorsykkelhansker (★) | Eclipse"
    },
    {
        "weapon_defindex": 5033,
        "paint": "10026",
        "image": "https://raw.githubusercontent.com/Nereziel/cs2-WeaponPaints/main/website/img/skins/motorcycle_gloves-10026.png",
        "paint_name": "Motorsykkelhansker (★) | Spearmint"
    },
    {
        "weapon_defindex": 5033,
        "paint": "10027",
        "image": "https://raw.githubusercontent.com/Nereziel/cs2-WeaponPaints/main/website/img/skins/motorcycle_gloves-10027.png",
        "paint_name": "Motorsykkelhansker (★) | Boom!"
    },
    {
        "weapon_defindex": 5033,
        "paint": "10028",
        "image": "https://raw.githubusercontent.com/Nereziel/cs2-WeaponPaints/main/website/img/skins/motorcycle_gloves-10028.png",
        "paint_name": "Motorsykkelhansker (★) | Cool Mint"
    },
    {
        "weapon_defindex": 5033,
        "paint": "10049",
        "image": "https://raw.githubusercontent.com/Nereziel/cs2-WeaponPaints/main/website/img/skins/motorcycle_gloves-10049.png",
        "paint_name": "Motorsykkelhansker (★) | POW!"
    },
    {
        "weapon_defindex": 5033,
        "paint": "10050",
        "image": "https://raw.githubusercontent.com/Nereziel/cs2-WeaponPaints/main/website/img/skins/motorcycle_gloves-10050.png",
        "paint_name": "Motorsykkelhansker (★) | Turtle"
    },
    {
        "weapon_defindex": 5033,
        "paint": "10051",
        "image": "https://raw.githubusercontent.com/Nereziel/cs2-WeaponPaints/main/website/img/skins/motorcycle_gloves-10051.png",
        "paint_name": "Motorsykkelhansker (★) | Transport"
    },
    {
        "weapon_defindex": 5033,
        "paint": "10052",
        "image": "https://raw.githubusercontent.com/Nereziel/cs2-WeaponPaints/main/website/img/skins/motorcycle_gloves-10052.png",
        "paint_name": "Motorsykkelhansker (★) | Polygon"
    },
    {
        "weapon_defindex": 5033,
        "paint": "10077",
        "image": "https://raw.githubusercontent.com/Nereziel/cs2-WeaponPaints/main/website/img/skins/motorcycle_gloves-10077.png",
        "paint_name": "Motorsykkelhansker (★) | Finish Line"
    },
    {
        "weapon_defindex": 5033,
        "paint": "10078",
        "image": "https://raw.githubusercontent.com/Nereziel/cs2-WeaponPaints/main/website/img/skins/motorcycle_gloves-10078.png",
        "paint_name": "Motorsykkelhansker (★) | Smoke Out"
    },
    {
        "weapon_defindex": 5033,
        "paint": "10079",
        "image": "https://raw.githubusercontent.com/Nereziel/cs2-WeaponPaints/main/website/img/skins/motorcycle_gloves-10079.png",
        "paint_name": "Motorsykkelhansker (★) | Blood Pressure"
    },
    {
        "weapon_defindex": 5033,
        "paint": "10080",
        "image": "https://raw.githubusercontent.com/Nereziel/cs2-WeaponPaints/main/website/img/skins/motorcycle_gloves-10080.png",
        "paint_name": "Motorsykkelhansker (★) | 3rd Commando Company"
    },
    {
        "weapon_defindex": 5034,
        "paint": "10030",
        "image": "https://raw.githubusercontent.com/Nereziel/cs2-WeaponPaints/main/website/img/skins/specialist_gloves-10030.png",
        "paint_name": "Spesialisthansker (★) | Forest DDPAT"
    },
    {
        "weapon_defindex": 5034,
        "paint": "10033",
        "image": "https://raw.githubusercontent.com/Nereziel/cs2-WeaponPaints/main/website/img/skins/specialist_gloves-10033.png",
        "paint_name": "Spesialisthansker (★) | Crimson Kimono"
    },
    {
        "weapon_defindex": 5034,
        "paint": "10034",
        "image": "https://raw.githubusercontent.com/Nereziel/cs2-WeaponPaints/main/website/img/skins/specialist_gloves-10034.png",
        "paint_name": "Spesialisthansker (★) | Emerald Web"
    },
    {
        "weapon_defindex": 5034,
        "paint": "10035",
        "image": "https://raw.githubusercontent.com/Nereziel/cs2-WeaponPaints/main/website/img/skins/specialist_gloves-10035.png",
        "paint_name": "Spesialisthansker (★) | Foundation"
    },
    {
        "weapon_defindex": 5034,
        "paint": "10061",
        "image": "https://raw.githubusercontent.com/Nereziel/cs2-WeaponPaints/main/website/img/skins/specialist_gloves-10061.png",
        "paint_name": "Spesialisthansker (★) | Crimson Web"
    },
    {
        "weapon_defindex": 5034,
        "paint": "10062",
        "image": "https://raw.githubusercontent.com/Nereziel/cs2-WeaponPaints/main/website/img/skins/specialist_gloves-10062.png",
        "paint_name": "Spesialisthansker (★) | Buckshot"
    },
    {
        "weapon_defindex": 5034,
        "paint": "10063",
        "image": "https://raw.githubusercontent.com/Nereziel/cs2-WeaponPaints/main/website/img/skins/specialist_gloves-10063.png",
        "paint_name": "Spesialisthansker (★) | Fade"
    },
    {
        "weapon_defindex": 5034,
        "paint": "10064",
        "image": "https://raw.githubusercontent.com/Nereziel/cs2-WeaponPaints/main/website/img/skins/specialist_gloves-10064.png",
        "paint_name": "Spesialisthansker (★) | Mogul"
    },
    {
        "weapon_defindex": 5034,
        "paint": "10065",
        "image": "https://raw.githubusercontent.com/Nereziel/cs2-WeaponPaints/main/website/img/skins/specialist_gloves-10065.png",
        "paint_name": "Spesialisthansker (★) | Marble Fade"
    },
    {
        "weapon_defindex": 5034,
        "paint": "10066",
        "image": "https://raw.githubusercontent.com/Nereziel/cs2-WeaponPaints/main/website/img/skins/specialist_gloves-10066.png",
        "paint_name": "Spesialisthansker (★) | Lt. Commander"
    },
    {
        "weapon_defindex": 5034,
        "paint": "10067",
        "image": "https://raw.githubusercontent.com/Nereziel/cs2-WeaponPaints/main/website/img/skins/specialist_gloves-10067.png",
        "paint_name": "Spesialisthansker (★) | Tiger Strike"
    },
    {
        "weapon_defindex": 5034,
        "paint": "10068",
        "image": "https://raw.githubusercontent.com/Nereziel/cs2-WeaponPaints/main/website/img/skins/specialist_gloves-10068.png",
        "paint_name": "Spesialisthansker (★) | Field Agent"
    },
    {
        "weapon_defindex": 5035,
        "paint": "10057",
        "image": "https://raw.githubusercontent.com/Nereziel/cs2-WeaponPaints/main/website/img/skins/studded_hydra_gloves-10057.png",
        "paint_name": "Hydra-hansker (★) | Emerald"
    },
    {
        "weapon_defindex": 5035,
        "paint": "10058",
        "image": "https://raw.githubusercontent.com/Nereziel/cs2-WeaponPaints/main/website/img/skins/studded_hydra_gloves-10058.png",
        "paint_name": "Hydra-hansker (★) | Mangrove"
    },
    {
        "weapon_defindex": 5035,
        "paint": "10059",
        "image": "https://raw.githubusercontent.com/Nereziel/cs2-WeaponPaints/main/website/img/skins/studded_hydra_gloves-10059.png",
        "paint_name": "Hydra-hansker (★) | Rattler"
    },
    {
        "weapon_defindex": 5035,
        "paint": "10060",
        "image": "https://raw.githubusercontent.com/Nereziel/cs2-WeaponPaints/main/website/img/skins/studded_hydra_gloves-10060.png",
        "paint_name": "Hydra-hansker (★) | Case Hardened"
    }
]