[
    {
        "weapon_defindex": 0,
        "paint": 0,
        "image": "",
        "paint_name": "Gloves | Default"
    },
    {
        "weapon_defindex": 4725,
        "paint": "10085",
        "image": "https://raw.githubusercontent.com/Nereziel/cs2-WeaponPaints/main/website/img/skins/studded_brokenfang_gloves-10085.png",
        "paint_name": "★ 브로큰 팽 장갑 | 옥색"
    },
    {
        "weapon_defindex": 4725,
        "paint": "10086",
        "image": "https://raw.githubusercontent.com/Nereziel/cs2-WeaponPaints/main/website/img/skins/studded_brokenfang_gloves-10086.png",
        "paint_name": "★ 브로큰 팽 장갑 | 옐로우 밴드"
    },
    {
        "weapon_defindex": 4725,
        "paint": "10087",
        "image": "https://raw.githubusercontent.com/Nereziel/cs2-WeaponPaints/main/website/img/skins/studded_brokenfang_gloves-10087.png",
        "paint_name": "★ 브로큰 팽 장갑 | 꽃 자수"
    },
    {
        "weapon_defindex": 4725,
        "paint": "10088",
        "image": "https://raw.githubusercontent.com/Nereziel/cs2-WeaponPaints/main/website/img/skins/studded_brokenfang_gloves-10088.png",
        "paint_name": "★ 브로큰 팽 장갑 | 뱀가죽"
    },
    {
        "weapon_defindex": 5027,
        "paint": "10006",
        "image": "https://raw.githubusercontent.com/Nereziel/cs2-WeaponPaints/main/website/img/skins/studded_bloodhound_gloves-10006.png",
        "paint_name": "★ 블러드하운드 장갑 | 숯검댕이"
    },
    {
        "weapon_defindex": 5027,
        "paint": "10007",
        "image": "https://raw.githubusercontent.com/Nereziel/cs2-WeaponPaints/main/website/img/skins/studded_bloodhound_gloves-10007.png",
        "paint_name": "★ 블러드하운드 장갑 | 뱀가죽"
    },
    {
        "weapon_defindex": 5027,
        "paint": "10008",
        "image": "https://raw.githubusercontent.com/Nereziel/cs2-WeaponPaints/main/website/img/skins/studded_bloodhound_gloves-10008.png",
        "paint_name": "★ 블러드하운드 장갑 | 구리"
    },
    {
        "weapon_defindex": 5027,
        "paint": "10039",
        "image": "https://raw.githubusercontent.com/Nereziel/cs2-WeaponPaints/main/website/img/skins/studded_bloodhound_gloves-10039.png",
        "paint_name": "★ 블러드하운드 장갑 | 게릴라"
    },
    {
        "weapon_defindex": 5030,
        "paint": "10018",
        "image": "https://raw.githubusercontent.com/Nereziel/cs2-WeaponPaints/main/website/img/skins/sporty_gloves-10018.png",
        "paint_name": "★ 스포츠 장갑 | 초전도체"
    },
    {
        "weapon_defindex": 5030,
        "paint": "10019",
        "image": "https://raw.githubusercontent.com/Nereziel/cs2-WeaponPaints/main/website/img/skins/sporty_gloves-10019.png",
        "paint_name": "★ 스포츠 장갑 | 불모의 땅"
    },
    {
        "weapon_defindex": 5030,
        "paint": "10037",
        "image": "https://raw.githubusercontent.com/Nereziel/cs2-WeaponPaints/main/website/img/skins/sporty_gloves-10037.png",
        "paint_name": "★ 스포츠 장갑 | 판도라의 상자"
    },
    {
        "weapon_defindex": 5030,
        "paint": "10038",
        "image": "https://raw.githubusercontent.com/Nereziel/cs2-WeaponPaints/main/website/img/skins/sporty_gloves-10038.png",
        "paint_name": "★ 스포츠 장갑 | 미로 정원"
    },
    {
        "weapon_defindex": 5030,
        "paint": "10045",
        "image": "https://raw.githubusercontent.com/Nereziel/cs2-WeaponPaints/main/website/img/skins/sporty_gloves-10045.png",
        "paint_name": "★ 스포츠 장갑 | 해저"
    },
    {
        "weapon_defindex": 5030,
        "paint": "10046",
        "image": "https://raw.githubusercontent.com/Nereziel/cs2-WeaponPaints/main/website/img/skins/sporty_gloves-10046.png",
        "paint_name": "★ 스포츠 장갑 | 브론즈 모프"
    },
    {
        "weapon_defindex": 5030,
        "paint": "10047",
        "image": "https://raw.githubusercontent.com/Nereziel/cs2-WeaponPaints/main/website/img/skins/sporty_gloves-10047.png",
        "paint_name": "★ 스포츠 장갑 | 오메가"
    },
    {
        "weapon_defindex": 5030,
        "paint": "10048",
        "image": "https://raw.githubusercontent.com/Nereziel/cs2-WeaponPaints/main/website/img/skins/sporty_gloves-10048.png",
        "paint_name": "★ 스포츠 장갑 | 바이스"
    },
    {
        "weapon_defindex": 5030,
        "paint": "10073",
        "image": "https://raw.githubusercontent.com/Nereziel/cs2-WeaponPaints/main/website/img/skins/sporty_gloves-10073.png",
        "paint_name": "★ 스포츠 장갑 | 슬링샷"
    },
    {
        "weapon_defindex": 5030,
        "paint": "10074",
        "image": "https://raw.githubusercontent.com/Nereziel/cs2-WeaponPaints/main/website/img/skins/sporty_gloves-10074.png",
        "paint_name": "★ 스포츠 장갑 | 대전투"
    },
    {
        "weapon_defindex": 5030,
        "paint": "10075",
        "image": "https://raw.githubusercontent.com/Nereziel/cs2-WeaponPaints/main/website/img/skins/sporty_gloves-10075.png",
        "paint_name": "★ 스포츠 장갑 | 진홍색 쉬마그"
    },
    {
        "weapon_defindex": 5030,
        "paint": "10076",
        "image": "https://raw.githubusercontent.com/Nereziel/cs2-WeaponPaints/main/website/img/skins/sporty_gloves-10076.png",
        "paint_name": "★ 스포츠 장갑 | 야행성"
    },
    {
        "weapon_defindex": 5031,
        "paint": "10013",
        "image": "https://raw.githubusercontent.com/Nereziel/cs2-WeaponPaints/main/website/img/skins/slick_gloves-10013.png",
        "paint_name": "★ 운전용 장갑 | 달빛 직조"
    },
    {
        "weapon_defindex": 5031,
        "paint": "10015",
        "image": "https://raw.githubusercontent.com/Nereziel/cs2-WeaponPaints/main/website/img/skins/slick_gloves-10015.png",
        "paint_name": "★ 운전용 장갑 | 수송대"
    },
    {
        "weapon_defindex": 5031,
        "paint": "10016",
        "image": "https://raw.githubusercontent.com/Nereziel/cs2-WeaponPaints/main/website/img/skins/slick_gloves-10016.png",
        "paint_name": "★ 운전용 장갑 | 선홍빛 직조"
    },
    {
        "weapon_defindex": 5031,
        "paint": "10040",
        "image": "https://raw.githubusercontent.com/Nereziel/cs2-WeaponPaints/main/website/img/skins/slick_gloves-10040.png",
        "paint_name": "★ 운전용 장갑 | 방울뱀"
    },
    {
        "weapon_defindex": 5031,
        "paint": "10041",
        "image": "https://raw.githubusercontent.com/Nereziel/cs2-WeaponPaints/main/website/img/skins/slick_gloves-10041.png",
        "paint_name": "★ 운전용 장갑 | 킹 스네이크"
    },
    {
        "weapon_defindex": 5031,
        "paint": "10042",
        "image": "https://raw.githubusercontent.com/Nereziel/cs2-WeaponPaints/main/website/img/skins/slick_gloves-10042.png",
        "paint_name": "★ 운전용 장갑 | 왕실 격자 무늬"
    },
    {
        "weapon_defindex": 5031,
        "paint": "10043",
        "image": "https://raw.githubusercontent.com/Nereziel/cs2-WeaponPaints/main/website/img/skins/slick_gloves-10043.png",
        "paint_name": "★ 운전용 장갑 | 추월"
    },
    {
        "weapon_defindex": 5031,
        "paint": "10044",
        "image": "https://raw.githubusercontent.com/Nereziel/cs2-WeaponPaints/main/website/img/skins/slick_gloves-10044.png",
        "paint_name": "★ 운전용 장갑 | 레이싱 그린"
    },
    {
        "weapon_defindex": 5031,
        "paint": "10069",
        "image": "https://raw.githubusercontent.com/Nereziel/cs2-WeaponPaints/main/website/img/skins/slick_gloves-10069.png",
        "paint_name": "★ 운전용 장갑 | 레잔 더 레드"
    },
    {
        "weapon_defindex": 5031,
        "paint": "10070",
        "image": "https://raw.githubusercontent.com/Nereziel/cs2-WeaponPaints/main/website/img/skins/slick_gloves-10070.png",
        "paint_name": "★ 운전용 장갑 | 눈표범"
    },
    {
        "weapon_defindex": 5031,
        "paint": "10071",
        "image": "https://raw.githubusercontent.com/Nereziel/cs2-WeaponPaints/main/website/img/skins/slick_gloves-10071.png",
        "paint_name": "★ 운전용 장갑 | 여왕 재규어"
    },
    {
        "weapon_defindex": 5031,
        "paint": "10072",
        "image": "https://raw.githubusercontent.com/Nereziel/cs2-WeaponPaints/main/website/img/skins/slick_gloves-10072.png",
        "paint_name": "★ 운전용 장갑 | 검은 속박"
    },
    {
        "weapon_defindex": 5032,
        "paint": "10009",
        "image": "https://raw.githubusercontent.com/Nereziel/cs2-WeaponPaints/main/website/img/skins/leather_handwraps-10009.png",
        "paint_name": "★ 핸드랩 | 가죽"
    },
    {
        "weapon_defindex": 5032,
        "paint": "10010",
        "image": "https://raw.githubusercontent.com/Nereziel/cs2-WeaponPaints/main/website/img/skins/leather_handwraps-10010.png",
        "paint_name": "★ 핸드랩 | 전나무 디지털 위장"
    },
    {
        "weapon_defindex": 5032,
        "paint": "10021",
        "image": "https://raw.githubusercontent.com/Nereziel/cs2-WeaponPaints/main/website/img/skins/leather_handwraps-10021.png",
        "paint_name": "★ 핸드랩 | 살인마"
    },
    {
        "weapon_defindex": 5032,
        "paint": "10036",
        "image": "https://raw.githubusercontent.com/Nereziel/cs2-WeaponPaints/main/website/img/skins/leather_handwraps-10036.png",
        "paint_name": "★ 핸드랩 | 황무지"
    },
    {
        "weapon_defindex": 5032,
        "paint": "10053",
        "image": "https://raw.githubusercontent.com/Nereziel/cs2-WeaponPaints/main/website/img/skins/leather_handwraps-10053.png",
        "paint_name": "★ 핸드랩 | 코발트 해골"
    },
    {
        "weapon_defindex": 5032,
        "paint": "10054",
        "image": "https://raw.githubusercontent.com/Nereziel/cs2-WeaponPaints/main/website/img/skins/leather_handwraps-10054.png",
        "paint_name": "★ 핸드랩 | 중복 인쇄"
    },
    {
        "weapon_defindex": 5032,
        "paint": "10055",
        "image": "https://raw.githubusercontent.com/Nereziel/cs2-WeaponPaints/main/website/img/skins/leather_handwraps-10055.png",
        "paint_name": "★ 핸드랩 | 접착 테이프"
    },
    {
        "weapon_defindex": 5032,
        "paint": "10056",
        "image": "https://raw.githubusercontent.com/Nereziel/cs2-WeaponPaints/main/website/img/skins/leather_handwraps-10056.png",
        "paint_name": "★ 핸드랩 | 밀리터리"
    },
    {
        "weapon_defindex": 5032,
        "paint": "10081",
        "image": "https://raw.githubusercontent.com/Nereziel/cs2-WeaponPaints/main/website/img/skins/leather_handwraps-10081.png",
        "paint_name": "★ 핸드랩 | 사막 쉬마그"
    },
    {
        "weapon_defindex": 5032,
        "paint": "10082",
        "image": "https://raw.githubusercontent.com/Nereziel/cs2-WeaponPaints/main/website/img/skins/leather_handwraps-10082.png",
        "paint_name": "★ 핸드랩 | 기린"
    },
    {
        "weapon_defindex": 5032,
        "paint": "10083",
        "image": "https://raw.githubusercontent.com/Nereziel/cs2-WeaponPaints/main/website/img/skins/leather_handwraps-10083.png",
        "paint_name": "★ 핸드랩 | 보아뱀"
    },
    {
        "weapon_defindex": 5032,
        "paint": "10084",
        "image": "https://raw.githubusercontent.com/Nereziel/cs2-WeaponPaints/main/website/img/skins/leather_handwraps-10084.png",
        "paint_name": "★ 핸드랩 | 주의!"
    },
    {
        "weapon_defindex": 5033,
        "paint": "10024",
        "image": "https://raw.githubusercontent.com/Nereziel/cs2-WeaponPaints/main/website/img/skins/motorcycle_gloves-10024.png",
        "paint_name": "★ 자동차 경주 장갑 | 월식"
    },
    {
        "weapon_defindex": 5033,
        "paint": "10026",
        "image": "https://raw.githubusercontent.com/Nereziel/cs2-WeaponPaints/main/website/img/skins/motorcycle_gloves-10026.png",
        "paint_name": "★ 자동차 경주 장갑 | 스피어민트"
    },
    {
        "weapon_defindex": 5033,
        "paint": "10027",
        "image": "https://raw.githubusercontent.com/Nereziel/cs2-WeaponPaints/main/website/img/skins/motorcycle_gloves-10027.png",
        "paint_name": "★ 자동차 경주 장갑 | 쾅!"
    },
    {
        "weapon_defindex": 5033,
        "paint": "10028",
        "image": "https://raw.githubusercontent.com/Nereziel/cs2-WeaponPaints/main/website/img/skins/motorcycle_gloves-10028.png",
        "paint_name": "★ 자동차 경주 장갑 | 쿨민트"
    },
    {
        "weapon_defindex": 5033,
        "paint": "10049",
        "image": "https://raw.githubusercontent.com/Nereziel/cs2-WeaponPaints/main/website/img/skins/motorcycle_gloves-10049.png",
        "paint_name": "★ 자동차 경주 장갑 | 쾅!"
    },
    {
        "weapon_defindex": 5033,
        "paint": "10050",
        "image": "https://raw.githubusercontent.com/Nereziel/cs2-WeaponPaints/main/website/img/skins/motorcycle_gloves-10050.png",
        "paint_name": "★ 자동차 경주 장갑 | 거북이"
    },
    {
        "weapon_defindex": 5033,
        "paint": "10051",
        "image": "https://raw.githubusercontent.com/Nereziel/cs2-WeaponPaints/main/website/img/skins/motorcycle_gloves-10051.png",
        "paint_name": "★ 자동차 경주 장갑 | 수송"
    },
    {
        "weapon_defindex": 5033,
        "paint": "10052",
        "image": "https://raw.githubusercontent.com/Nereziel/cs2-WeaponPaints/main/website/img/skins/motorcycle_gloves-10052.png",
        "paint_name": "★ 자동차 경주 장갑 | 폴리곤"
    },
    {
        "weapon_defindex": 5033,
        "paint": "10077",
        "image": "https://raw.githubusercontent.com/Nereziel/cs2-WeaponPaints/main/website/img/skins/motorcycle_gloves-10077.png",
        "paint_name": "★ 자동차 경주 장갑 | 결승선"
    },
    {
        "weapon_defindex": 5033,
        "paint": "10078",
        "image": "https://raw.githubusercontent.com/Nereziel/cs2-WeaponPaints/main/website/img/skins/motorcycle_gloves-10078.png",
        "paint_name": "★ 자동차 경주 장갑 | 스모크 아웃"
    },
    {
        "weapon_defindex": 5033,
        "paint": "10079",
        "image": "https://raw.githubusercontent.com/Nereziel/cs2-WeaponPaints/main/website/img/skins/motorcycle_gloves-10079.png",
        "paint_name": "★ 자동차 경주 장갑 | 혈관"
    },
    {
        "weapon_defindex": 5033,
        "paint": "10080",
        "image": "https://raw.githubusercontent.com/Nereziel/cs2-WeaponPaints/main/website/img/skins/motorcycle_gloves-10080.png",
        "paint_name": "★ 자동차 경주 장갑 | 제3특전대"
    },
    {
        "weapon_defindex": 5034,
        "paint": "10030",
        "image": "https://raw.githubusercontent.com/Nereziel/cs2-WeaponPaints/main/website/img/skins/specialist_gloves-10030.png",
        "paint_name": "★ 전문가 장갑 | 숲 디지털 위장"
    },
    {
        "weapon_defindex": 5034,
        "paint": "10033",
        "image": "https://raw.githubusercontent.com/Nereziel/cs2-WeaponPaints/main/website/img/skins/specialist_gloves-10033.png",
        "paint_name": "★ 전문가 장갑 | 진홍색 기모노"
    },
    {
        "weapon_defindex": 5034,
        "paint": "10034",
        "image": "https://raw.githubusercontent.com/Nereziel/cs2-WeaponPaints/main/website/img/skins/specialist_gloves-10034.png",
        "paint_name": "★ 전문가 장갑 | 에메랄드 거미줄"
    },
    {
        "weapon_defindex": 5034,
        "paint": "10035",
        "image": "https://raw.githubusercontent.com/Nereziel/cs2-WeaponPaints/main/website/img/skins/specialist_gloves-10035.png",
        "paint_name": "★ 전문가 장갑 | 기초"
    },
    {
        "weapon_defindex": 5034,
        "paint": "10061",
        "image": "https://raw.githubusercontent.com/Nereziel/cs2-WeaponPaints/main/website/img/skins/specialist_gloves-10061.png",
        "paint_name": "★ 전문가 장갑 | 붉은 거미줄"
    },
    {
        "weapon_defindex": 5034,
        "paint": "10062",
        "image": "https://raw.githubusercontent.com/Nereziel/cs2-WeaponPaints/main/website/img/skins/specialist_gloves-10062.png",
        "paint_name": "★ 전문가 장갑 | 벅샷"
    },
    {
        "weapon_defindex": 5034,
        "paint": "10063",
        "image": "https://raw.githubusercontent.com/Nereziel/cs2-WeaponPaints/main/website/img/skins/specialist_gloves-10063.png",
        "paint_name": "★ 전문가 장갑 | 흐릿함"
    },
    {
        "weapon_defindex": 5034,
        "paint": "10064",
        "image": "https://raw.githubusercontent.com/Nereziel/cs2-WeaponPaints/main/website/img/skins/specialist_gloves-10064.png",
        "paint_name": "★ 전문가 장갑 | 모글"
    },
    {
        "weapon_defindex": 5034,
        "paint": "10065",
        "image": "https://raw.githubusercontent.com/Nereziel/cs2-WeaponPaints/main/website/img/skins/specialist_gloves-10065.png",
        "paint_name": "★ 전문가 장갑 | 흐릿한 대리석"
    },
    {
        "weapon_defindex": 5034,
        "paint": "10066",
        "image": "https://raw.githubusercontent.com/Nereziel/cs2-WeaponPaints/main/website/img/skins/specialist_gloves-10066.png",
        "paint_name": "★ 전문가 장갑 | 소령"
    },
    {
        "weapon_defindex": 5034,
        "paint": "10067",
        "image": "https://raw.githubusercontent.com/Nereziel/cs2-WeaponPaints/main/website/img/skins/specialist_gloves-10067.png",
        "paint_name": "★ 전문가 장갑 | 호랑이의 기습"
    },
    {
        "weapon_defindex": 5034,
        "paint": "10068",
        "image": "https://raw.githubusercontent.com/Nereziel/cs2-WeaponPaints/main/website/img/skins/specialist_gloves-10068.png",
        "paint_name": "★ 전문가 장갑 | 현장 요원"
    },
    {
        "weapon_defindex": 5035,
        "paint": "10057",
        "image": "https://raw.githubusercontent.com/Nereziel/cs2-WeaponPaints/main/website/img/skins/studded_hydra_gloves-10057.png",
        "paint_name": "★ 히드라 장갑 | 에메랄드"
    },
    {
        "weapon_defindex": 5035,
        "paint": "10058",
        "image": "https://raw.githubusercontent.com/Nereziel/cs2-WeaponPaints/main/website/img/skins/studded_hydra_gloves-10058.png",
        "paint_name": "★ 히드라 장갑 | 맹그로브"
    },
    {
        "weapon_defindex": 5035,
        "paint": "10059",
        "image": "https://raw.githubusercontent.com/Nereziel/cs2-WeaponPaints/main/website/img/skins/studded_hydra_gloves-10059.png",
        "paint_name": "★ 히드라 장갑 | 래틀러"
    },
    {
        "weapon_defindex": 5035,
        "paint": "10060",
        "image": "https://raw.githubusercontent.com/Nereziel/cs2-WeaponPaints/main/website/img/skins/studded_hydra_gloves-10060.png",
        "paint_name": "★ 히드라 장갑 | 표면 강화"
    }
]