[
    {
        "id": "1",
        "name": "참 장식 | 리틀 아바",
        "image": "https://raw.githubusercontent.com/Nereziel/cs2-WeaponPaints/main/website/img/skins/keychain-1.png"
    },
    {
        "id": "2",
        "name": "참 장식 | 바나나맨",
        "image": "https://raw.githubusercontent.com/Nereziel/cs2-WeaponPaints/main/website/img/skins/keychain-2.png"
    },
    {
        "id": "3",
        "name": "참 장식 | 리틀 위스커스",
        "image": "https://raw.githubusercontent.com/Nereziel/cs2-WeaponPaints/main/website/img/skins/keychain-3.png"
    },
    {
        "id": "4",
        "name": "참 장식 | 리틀 샌디",
        "image": "https://raw.githubusercontent.com/Nereziel/cs2-WeaponPaints/main/website/img/skins/keychain-4.png"
    },
    {
        "id": "5",
        "name": "참 장식 | 리틀 치킨",
        "image": "https://raw.githubusercontent.com/Nereziel/cs2-WeaponPaints/main/website/img/skins/keychain-5.png"
    },
    {
        "id": "6",
        "name": "참 장식 | 리틀 크래스",
        "image": "https://raw.githubusercontent.com/Nereziel/cs2-WeaponPaints/main/website/img/skins/keychain-6.png"
    },
    {
        "id": "7",
        "name": "참 장식 | 뜨거운 포효",
        "image": "https://raw.githubusercontent.com/Nereziel/cs2-WeaponPaints/main/website/img/skins/keychain-7.png"
    },
    {
        "id": "8",
        "name": "참 장식 | 빅 케브",
        "image": "https://raw.githubusercontent.com/Nereziel/cs2-WeaponPaints/main/website/img/skins/keychain-8.png"
    },
    {
        "id": "9",
        "name": "참 장식 | 리틀 몬스터",
        "image": "https://raw.githubusercontent.com/Nereziel/cs2-WeaponPaints/main/website/img/skins/keychain-9.png"
    },
    {
        "id": "10",
        "name": "참 장식 | 핫 소스",
        "image": "https://raw.githubusercontent.com/Nereziel/cs2-WeaponPaints/main/website/img/skins/keychain-10.png"
    },
    {
        "id": "11",
        "name": "참 장식 | 다이아몬드 소시지",
        "image": "https://raw.githubusercontent.com/Nereziel/cs2-WeaponPaints/main/website/img/skins/keychain-11.png"
    },
    {
        "id": "12",
        "name": "참 장식 | 소금 한 꼬집",
        "image": "https://raw.githubusercontent.com/Nereziel/cs2-WeaponPaints/main/website/img/skins/keychain-12.png"
    },
    {
        "id": "13",
        "name": "참 장식 | 다이너 소시지",
        "image": "https://raw.githubusercontent.com/Nereziel/cs2-WeaponPaints/main/website/img/skins/keychain-13.png"
    },
    {
        "id": "14",
        "name": "참 장식 | 리틀 티컵",
        "image": "https://raw.githubusercontent.com/Nereziel/cs2-WeaponPaints/main/website/img/skins/keychain-14.png"
    },
    {
        "id": "15",
        "name": "참 장식 | 리틀 SAS 요원",
        "image": "https://raw.githubusercontent.com/Nereziel/cs2-WeaponPaints/main/website/img/skins/keychain-15.png"
    },
    {
        "id": "16",
        "name": "참 장식 | 불타는 소시지",
        "image": "https://raw.githubusercontent.com/Nereziel/cs2-WeaponPaints/main/website/img/skins/keychain-16.png"
    },
    {
        "id": "17",
        "name": "참 장식 | 꼬마 AK",
        "image": "https://raw.githubusercontent.com/Nereziel/cs2-WeaponPaints/main/website/img/skins/keychain-17.png"
    },
    {
        "id": "18",
        "name": "참 장식 | 다이캐스트 AK",
        "image": "https://raw.githubusercontent.com/Nereziel/cs2-WeaponPaints/main/website/img/skins/keychain-18.png"
    },
    {
        "id": "19",
        "name": "참 장식 | 초소형 AWP",
        "image": "https://raw.githubusercontent.com/Nereziel/cs2-WeaponPaints/main/website/img/skins/keychain-19.png"
    },
    {
        "id": "20",
        "name": "참 장식 | 티타늄 AWP",
        "image": "https://raw.githubusercontent.com/Nereziel/cs2-WeaponPaints/main/website/img/skins/keychain-20.png"
    },
    {
        "id": "21",
        "name": "참 장식 | 꼬마 캐럿 CT",
        "image": "https://raw.githubusercontent.com/Nereziel/cs2-WeaponPaints/main/website/img/skins/keychain-21.png"
    },
    {
        "id": "22",
        "name": "참 장식 | 나무 조각 칼",
        "image": "https://raw.githubusercontent.com/Nereziel/cs2-WeaponPaints/main/website/img/skins/keychain-22.png"
    },
    {
        "id": "23",
        "name": "참 장식 | 팝 아트",
        "image": "https://raw.githubusercontent.com/Nereziel/cs2-WeaponPaints/main/website/img/skins/keychain-23.png"
    },
    {
        "id": "24",
        "name": "참 장식 | 리틀 물총",
        "image": "https://raw.githubusercontent.com/Nereziel/cs2-WeaponPaints/main/website/img/skins/keychain-24.png"
    },
    {
        "id": "25",
        "name": "참 장식 | 디스코 MAC",
        "image": "https://raw.githubusercontent.com/Nereziel/cs2-WeaponPaints/main/website/img/skins/keychain-25.png"
    },
    {
        "id": "26",
        "name": "참 장식 | 백스플래시",
        "image": "https://raw.githubusercontent.com/Nereziel/cs2-WeaponPaints/main/website/img/skins/keychain-26.png"
    },
    {
        "id": "27",
        "name": "참 장식 | 리틀 자동 소총",
        "image": "https://raw.githubusercontent.com/Nereziel/cs2-WeaponPaints/main/website/img/skins/keychain-27.png"
    },
    {
        "id": "28",
        "name": "참 장식 | 화상 주의",
        "image": "https://raw.githubusercontent.com/Nereziel/cs2-WeaponPaints/main/website/img/skins/keychain-28.png"
    },
    {
        "id": "29",
        "name": "참 장식 | 크리스털 칼",
        "image": "https://raw.githubusercontent.com/Nereziel/cs2-WeaponPaints/main/website/img/skins/keychain-29.png"
    },
    {
        "id": "30",
        "name": "참 장식 | 꼬마 캐럿 T",
        "image": "https://raw.githubusercontent.com/Nereziel/cs2-WeaponPaints/main/website/img/skins/keychain-30.png"
    },
    {
        "id": "31",
        "name": "참 장식 | 화려한 권총",
        "image": "https://raw.githubusercontent.com/Nereziel/cs2-WeaponPaints/main/website/img/skins/keychain-31.png"
    },
    {
        "id": "32",
        "name": "참 장식 | 코바늘 권총",
        "image": "https://raw.githubusercontent.com/Nereziel/cs2-WeaponPaints/main/website/img/skins/keychain-32.png"
    },
    {
        "id": "33",
        "name": "참 장식 | 리틀 스쿼치",
        "image": "https://raw.githubusercontent.com/Nereziel/cs2-WeaponPaints/main/website/img/skins/keychain-33.png"
    }
]