[
    {
        "id": "1",
        "name": "Брелок | Крошка Ава",
        "image": "https://raw.githubusercontent.com/Nereziel/cs2-WeaponPaints/main/website/img/skins/keychain-1.png"
    },
    {
        "id": "2",
        "name": "Брелок | Бешеный банан",
        "image": "https://raw.githubusercontent.com/Nereziel/cs2-WeaponPaints/main/website/img/skins/keychain-2.png"
    },
    {
        "id": "3",
        "name": "Брелок | Крошка Усатик",
        "image": "https://raw.githubusercontent.com/Nereziel/cs2-WeaponPaints/main/website/img/skins/keychain-3.png"
    },
    {
        "id": "4",
        "name": "Брелок | Крошка Пляжник",
        "image": "https://raw.githubusercontent.com/Nereziel/cs2-WeaponPaints/main/website/img/skins/keychain-4.png"
    },
    {
        "id": "5",
        "name": "Брелок | Крошка Цыпа",
        "image": "https://raw.githubusercontent.com/Nereziel/cs2-WeaponPaints/main/website/img/skins/keychain-5.png"
    },
    {
        "id": "6",
        "name": "Брелок | Крошка Крэсс",
        "image": "https://raw.githubusercontent.com/Nereziel/cs2-WeaponPaints/main/website/img/skins/keychain-6.png"
    },
    {
        "id": "7",
        "name": "Брелок | Воющая колбаска",
        "image": "https://raw.githubusercontent.com/Nereziel/cs2-WeaponPaints/main/website/img/skins/keychain-7.png"
    },
    {
        "id": "8",
        "name": "Брелок | Здоровяк Кев",
        "image": "https://raw.githubusercontent.com/Nereziel/cs2-WeaponPaints/main/website/img/skins/keychain-8.png"
    },
    {
        "id": "9",
        "name": "Брелок | Крошка Монстр",
        "image": "https://raw.githubusercontent.com/Nereziel/cs2-WeaponPaints/main/website/img/skins/keychain-9.png"
    },
    {
        "id": "10",
        "name": "Брелок | Острый соус",
        "image": "https://raw.githubusercontent.com/Nereziel/cs2-WeaponPaints/main/website/img/skins/keychain-10.png"
    },
    {
        "id": "11",
        "name": "Брелок | Бриллиантовая колбаска",
        "image": "https://raw.githubusercontent.com/Nereziel/cs2-WeaponPaints/main/website/img/skins/keychain-11.png"
    },
    {
        "id": "12",
        "name": "Брелок | Щепотка соли",
        "image": "https://raw.githubusercontent.com/Nereziel/cs2-WeaponPaints/main/website/img/skins/keychain-12.png"
    },
    {
        "id": "13",
        "name": "Брелок | Закусочная колбаска",
        "image": "https://raw.githubusercontent.com/Nereziel/cs2-WeaponPaints/main/website/img/skins/keychain-13.png"
    },
    {
        "id": "14",
        "name": "Брелок | Крошка Чашка",
        "image": "https://raw.githubusercontent.com/Nereziel/cs2-WeaponPaints/main/website/img/skins/keychain-14.png"
    },
    {
        "id": "15",
        "name": "Брелок | Крошка SAS",
        "image": "https://raw.githubusercontent.com/Nereziel/cs2-WeaponPaints/main/website/img/skins/keychain-15.png"
    },
    {
        "id": "16",
        "name": "Брелок | Колбаска на огне",
        "image": "https://raw.githubusercontent.com/Nereziel/cs2-WeaponPaints/main/website/img/skins/keychain-16.png"
    },
    {
        "id": "17",
        "name": "Брелок | Мини-калаш",
        "image": "https://raw.githubusercontent.com/Nereziel/cs2-WeaponPaints/main/website/img/skins/keychain-17.png"
    },
    {
        "id": "18",
        "name": "Брелок | Литой калаш",
        "image": "https://raw.githubusercontent.com/Nereziel/cs2-WeaponPaints/main/website/img/skins/keychain-18.png"
    },
    {
        "id": "19",
        "name": "Брелок | Карманная AWP",
        "image": "https://raw.githubusercontent.com/Nereziel/cs2-WeaponPaints/main/website/img/skins/keychain-19.png"
    },
    {
        "id": "20",
        "name": "Брелок | Титанюсенькая AWP",
        "image": "https://raw.githubusercontent.com/Nereziel/cs2-WeaponPaints/main/website/img/skins/keychain-20.png"
    },
    {
        "id": "21",
        "name": "Брелок | Мини-карат (спецназ)",
        "image": "https://raw.githubusercontent.com/Nereziel/cs2-WeaponPaints/main/website/img/skins/keychain-21.png"
    },
    {
        "id": "22",
        "name": "Брелок | Резной резачок",
        "image": "https://raw.githubusercontent.com/Nereziel/cs2-WeaponPaints/main/website/img/skins/keychain-22.png"
    },
    {
        "id": "23",
        "name": "Брелок | Поп-арт",
        "image": "https://raw.githubusercontent.com/Nereziel/cs2-WeaponPaints/main/website/img/skins/keychain-23.png"
    },
    {
        "id": "24",
        "name": "Брелок | Крошка Пшик",
        "image": "https://raw.githubusercontent.com/Nereziel/cs2-WeaponPaints/main/website/img/skins/keychain-24.png"
    },
    {
        "id": "25",
        "name": "Брелок | Дисколет-пулемёт",
        "image": "https://raw.githubusercontent.com/Nereziel/cs2-WeaponPaints/main/website/img/skins/keychain-25.png"
    },
    {
        "id": "26",
        "name": "Брелок | Кафель",
        "image": "https://raw.githubusercontent.com/Nereziel/cs2-WeaponPaints/main/website/img/skins/keychain-26.png"
    },
    {
        "id": "27",
        "name": "Брелок | Крошка Пистон",
        "image": "https://raw.githubusercontent.com/Nereziel/cs2-WeaponPaints/main/website/img/skins/keychain-27.png"
    },
    {
        "id": "28",
        "name": "Брелок | Стреляй, пока горячо",
        "image": "https://raw.githubusercontent.com/Nereziel/cs2-WeaponPaints/main/website/img/skins/keychain-28.png"
    },
    {
        "id": "29",
        "name": "Брелок | Самоцвет",
        "image": "https://raw.githubusercontent.com/Nereziel/cs2-WeaponPaints/main/website/img/skins/keychain-29.png"
    },
    {
        "id": "30",
        "name": "Брелок | Мини-карат (террорист)",
        "image": "https://raw.githubusercontent.com/Nereziel/cs2-WeaponPaints/main/website/img/skins/keychain-30.png"
    },
    {
        "id": "31",
        "name": "Брелок | Гламурный стрелок",
        "image": "https://raw.githubusercontent.com/Nereziel/cs2-WeaponPaints/main/website/img/skins/keychain-31.png"
    },
    {
        "id": "32",
        "name": "Брелок | Шерстолет",
        "image": "https://raw.githubusercontent.com/Nereziel/cs2-WeaponPaints/main/website/img/skins/keychain-32.png"
    },
    {
        "id": "33",
        "name": "Брелок | Крошка Спорт-сквоч",
        "image": "https://raw.githubusercontent.com/Nereziel/cs2-WeaponPaints/main/website/img/skins/keychain-33.png"
    }
]