[
    {
        "id": "1",
        "name": "Chaveiro | Pequena Ava",
        "image": "https://raw.githubusercontent.com/Nereziel/cs2-WeaponPaints/main/website/img/skins/keychain-1.png"
    },
    {
        "id": "2",
        "name": "Chaveiro | Bananão",
        "image": "https://raw.githubusercontent.com/Nereziel/cs2-WeaponPaints/main/website/img/skins/keychain-2.png"
    },
    {
        "id": "3",
        "name": "Chaveiro | Gatinho",
        "image": "https://raw.githubusercontent.com/Nereziel/cs2-WeaponPaints/main/website/img/skins/keychain-3.png"
    },
    {
        "id": "4",
        "name": "Chaveiro | Gatinho Praieiro",
        "image": "https://raw.githubusercontent.com/Nereziel/cs2-WeaponPaints/main/website/img/skins/keychain-4.png"
    },
    {
        "id": "5",
        "name": "Chaveiro | Galinho",
        "image": "https://raw.githubusercontent.com/Nereziel/cs2-WeaponPaints/main/website/img/skins/keychain-5.png"
    },
    {
        "id": "6",
        "name": "Chaveiro | Guerrilheirinho",
        "image": "https://raw.githubusercontent.com/Nereziel/cs2-WeaponPaints/main/website/img/skins/keychain-6.png"
    },
    {
        "id": "7",
        "name": "Chaveiro | Uivo Ardente",
        "image": "https://raw.githubusercontent.com/Nereziel/cs2-WeaponPaints/main/website/img/skins/keychain-7.png"
    },
    {
        "id": "8",
        "name": "Chaveiro | Kevão",
        "image": "https://raw.githubusercontent.com/Nereziel/cs2-WeaponPaints/main/website/img/skins/keychain-8.png"
    },
    {
        "id": "9",
        "name": "Chaveiro | Monstrinho",
        "image": "https://raw.githubusercontent.com/Nereziel/cs2-WeaponPaints/main/website/img/skins/keychain-9.png"
    },
    {
        "id": "10",
        "name": "Chaveiro | Molho Apimentado",
        "image": "https://raw.githubusercontent.com/Nereziel/cs2-WeaponPaints/main/website/img/skins/keychain-10.png"
    },
    {
        "id": "11",
        "name": "Chaveiro | Dogão Diamantado",
        "image": "https://raw.githubusercontent.com/Nereziel/cs2-WeaponPaints/main/website/img/skins/keychain-11.png"
    },
    {
        "id": "12",
        "name": "Chaveiro | Pitada de Sal",
        "image": "https://raw.githubusercontent.com/Nereziel/cs2-WeaponPaints/main/website/img/skins/keychain-12.png"
    },
    {
        "id": "13",
        "name": "Chaveiro | Dogão da Lanchonete",
        "image": "https://raw.githubusercontent.com/Nereziel/cs2-WeaponPaints/main/website/img/skins/keychain-13.png"
    },
    {
        "id": "14",
        "name": "Chaveiro | Xicarazinha de Chá",
        "image": "https://raw.githubusercontent.com/Nereziel/cs2-WeaponPaints/main/website/img/skins/keychain-14.png"
    },
    {
        "id": "15",
        "name": "Chaveiro | SASinho",
        "image": "https://raw.githubusercontent.com/Nereziel/cs2-WeaponPaints/main/website/img/skins/keychain-15.png"
    },
    {
        "id": "16",
        "name": "Chaveiro | Salsichamuscado",
        "image": "https://raw.githubusercontent.com/Nereziel/cs2-WeaponPaints/main/website/img/skins/keychain-16.png"
    },
    {
        "id": "17",
        "name": "Chaveiro | Gu-Gu AK",
        "image": "https://raw.githubusercontent.com/Nereziel/cs2-WeaponPaints/main/website/img/skins/keychain-17.png"
    },
    {
        "id": "18",
        "name": "Chaveiro | AK Injetada",
        "image": "https://raw.githubusercontent.com/Nereziel/cs2-WeaponPaints/main/website/img/skins/keychain-18.png"
    },
    {
        "id": "19",
        "name": "Chaveiro | AWP de Bolso",
        "image": "https://raw.githubusercontent.com/Nereziel/cs2-WeaponPaints/main/website/img/skins/keychain-19.png"
    },
    {
        "id": "20",
        "name": "Chaveiro | AWPzinha de Titânio",
        "image": "https://raw.githubusercontent.com/Nereziel/cs2-WeaponPaints/main/website/img/skins/keychain-20.png"
    },
    {
        "id": "21",
        "name": "Chaveiro | Faquinha de Bebê (CT)",
        "image": "https://raw.githubusercontent.com/Nereziel/cs2-WeaponPaints/main/website/img/skins/keychain-21.png"
    },
    {
        "id": "22",
        "name": "Chaveiro | Faca Talhada",
        "image": "https://raw.githubusercontent.com/Nereziel/cs2-WeaponPaints/main/website/img/skins/keychain-22.png"
    },
    {
        "id": "23",
        "name": "Chaveiro | Arte Pop",
        "image": "https://raw.githubusercontent.com/Nereziel/cs2-WeaponPaints/main/website/img/skins/keychain-23.png"
    },
    {
        "id": "24",
        "name": "Chaveiro | Arma d'Água",
        "image": "https://raw.githubusercontent.com/Nereziel/cs2-WeaponPaints/main/website/img/skins/keychain-24.png"
    },
    {
        "id": "25",
        "name": "Chaveiro | MAC-10coteca",
        "image": "https://raw.githubusercontent.com/Nereziel/cs2-WeaponPaints/main/website/img/skins/keychain-25.png"
    },
    {
        "id": "26",
        "name": "Chaveiro | Azulejo",
        "image": "https://raw.githubusercontent.com/Nereziel/cs2-WeaponPaints/main/website/img/skins/keychain-26.png"
    },
    {
        "id": "27",
        "name": "Chaveiro | Arminha Espoleta",
        "image": "https://raw.githubusercontent.com/Nereziel/cs2-WeaponPaints/main/website/img/skins/keychain-27.png"
    },
    {
        "id": "28",
        "name": "Chaveiro | Mãos Quentes",
        "image": "https://raw.githubusercontent.com/Nereziel/cs2-WeaponPaints/main/website/img/skins/keychain-28.png"
    },
    {
        "id": "29",
        "name": "Chaveiro | Semipreciosa",
        "image": "https://raw.githubusercontent.com/Nereziel/cs2-WeaponPaints/main/website/img/skins/keychain-29.png"
    },
    {
        "id": "30",
        "name": "Chaveiro | Faquinha de Bebê (T)",
        "image": "https://raw.githubusercontent.com/Nereziel/cs2-WeaponPaints/main/website/img/skins/keychain-30.png"
    },
    {
        "id": "31",
        "name": "Chaveiro | Tiro de Elite",
        "image": "https://raw.githubusercontent.com/Nereziel/cs2-WeaponPaints/main/website/img/skins/keychain-31.png"
    },
    {
        "id": "32",
        "name": "Chaveiro | Tricô Silencioso",
        "image": "https://raw.githubusercontent.com/Nereziel/cs2-WeaponPaints/main/website/img/skins/keychain-32.png"
    },
    {
        "id": "33",
        "name": "Chaveiro | Pezinho Grande",
        "image": "https://raw.githubusercontent.com/Nereziel/cs2-WeaponPaints/main/website/img/skins/keychain-33.png"
    }
]