[
    {
        "id": "1",
        "name": "Przywieszka | Mała Ava",
        "image": "https://raw.githubusercontent.com/Nereziel/cs2-WeaponPaints/main/website/img/skins/keychain-1.png"
    },
    {
        "id": "2",
        "name": "Przywieszka | Zwariowany banan",
        "image": "https://raw.githubusercontent.com/Nereziel/cs2-WeaponPaints/main/website/img/skins/keychain-2.png"
    },
    {
        "id": "3",
        "name": "Przywieszka | Mały mruczek",
        "image": "https://raw.githubusercontent.com/Nereziel/cs2-WeaponPaints/main/website/img/skins/keychain-3.png"
    },
    {
        "id": "4",
        "name": "Przywieszka | Plażowy kotek",
        "image": "https://raw.githubusercontent.com/Nereziel/cs2-WeaponPaints/main/website/img/skins/keychain-4.png"
    },
    {
        "id": "5",
        "name": "Przywieszka | Kurczaczek",
        "image": "https://raw.githubusercontent.com/Nereziel/cs2-WeaponPaints/main/website/img/skins/keychain-5.png"
    },
    {
        "id": "6",
        "name": "Przywieszka | Mały Crass",
        "image": "https://raw.githubusercontent.com/Nereziel/cs2-WeaponPaints/main/website/img/skins/keychain-6.png"
    },
    {
        "id": "7",
        "name": "Przywieszka | Psalceson pikantny",
        "image": "https://raw.githubusercontent.com/Nereziel/cs2-WeaponPaints/main/website/img/skins/keychain-7.png"
    },
    {
        "id": "8",
        "name": "Przywieszka | Duży Kev",
        "image": "https://raw.githubusercontent.com/Nereziel/cs2-WeaponPaints/main/website/img/skins/keychain-8.png"
    },
    {
        "id": "9",
        "name": "Przywieszka | Potworek",
        "image": "https://raw.githubusercontent.com/Nereziel/cs2-WeaponPaints/main/website/img/skins/keychain-9.png"
    },
    {
        "id": "10",
        "name": "Przywieszka | Ostry sos",
        "image": "https://raw.githubusercontent.com/Nereziel/cs2-WeaponPaints/main/website/img/skins/keychain-10.png"
    },
    {
        "id": "11",
        "name": "Przywieszka | Diamentowa parówa",
        "image": "https://raw.githubusercontent.com/Nereziel/cs2-WeaponPaints/main/website/img/skins/keychain-11.png"
    },
    {
        "id": "12",
        "name": "Przywieszka | Szczypta soli",
        "image": "https://raw.githubusercontent.com/Nereziel/cs2-WeaponPaints/main/website/img/skins/keychain-12.png"
    },
    {
        "id": "13",
        "name": "Przywieszka | Barowa parówa",
        "image": "https://raw.githubusercontent.com/Nereziel/cs2-WeaponPaints/main/website/img/skins/keychain-13.png"
    },
    {
        "id": "14",
        "name": "Przywieszka | Filiżaneczka",
        "image": "https://raw.githubusercontent.com/Nereziel/cs2-WeaponPaints/main/website/img/skins/keychain-14.png"
    },
    {
        "id": "15",
        "name": "Przywieszka | Mały SAS",
        "image": "https://raw.githubusercontent.com/Nereziel/cs2-WeaponPaints/main/website/img/skins/keychain-15.png"
    },
    {
        "id": "16",
        "name": "Przywieszka | Przegrzana kiełba",
        "image": "https://raw.githubusercontent.com/Nereziel/cs2-WeaponPaints/main/website/img/skins/keychain-16.png"
    },
    {
        "id": "17",
        "name": "Przywieszka | Kałaszek",
        "image": "https://raw.githubusercontent.com/Nereziel/cs2-WeaponPaints/main/website/img/skins/keychain-17.png"
    },
    {
        "id": "18",
        "name": "Przywieszka | Odlewane AK",
        "image": "https://raw.githubusercontent.com/Nereziel/cs2-WeaponPaints/main/website/img/skins/keychain-18.png"
    },
    {
        "id": "19",
        "name": "Przywieszka | Kieszonkowe AWP",
        "image": "https://raw.githubusercontent.com/Nereziel/cs2-WeaponPaints/main/website/img/skins/keychain-19.png"
    },
    {
        "id": "20",
        "name": "Przywieszka | Tycianowa AWP",
        "image": "https://raw.githubusercontent.com/Nereziel/cs2-WeaponPaints/main/website/img/skins/keychain-20.png"
    },
    {
        "id": "21",
        "name": "Przywieszka | Malusieńki karat antyterrorystów",
        "image": "https://raw.githubusercontent.com/Nereziel/cs2-WeaponPaints/main/website/img/skins/keychain-21.png"
    },
    {
        "id": "22",
        "name": "Przywieszka | Strugany nóż",
        "image": "https://raw.githubusercontent.com/Nereziel/cs2-WeaponPaints/main/website/img/skins/keychain-22.png"
    },
    {
        "id": "23",
        "name": "Przywieszka | POP Art",
        "image": "https://raw.githubusercontent.com/Nereziel/cs2-WeaponPaints/main/website/img/skins/keychain-23.png"
    },
    {
        "id": "24",
        "name": "Przywieszka | Psikawka",
        "image": "https://raw.githubusercontent.com/Nereziel/cs2-WeaponPaints/main/website/img/skins/keychain-24.png"
    },
    {
        "id": "25",
        "name": "Przywieszka | Dyskotekowy MAC",
        "image": "https://raw.githubusercontent.com/Nereziel/cs2-WeaponPaints/main/website/img/skins/keychain-25.png"
    },
    {
        "id": "26",
        "name": "Przywieszka | Glazura",
        "image": "https://raw.githubusercontent.com/Nereziel/cs2-WeaponPaints/main/website/img/skins/keychain-26.png"
    },
    {
        "id": "27",
        "name": "Przywieszka | Kapiszonowiec",
        "image": "https://raw.githubusercontent.com/Nereziel/cs2-WeaponPaints/main/website/img/skins/keychain-27.png"
    },
    {
        "id": "28",
        "name": "Przywieszka | Żaroręki",
        "image": "https://raw.githubusercontent.com/Nereziel/cs2-WeaponPaints/main/website/img/skins/keychain-28.png"
    },
    {
        "id": "29",
        "name": "Przywieszka | Półszlachetny",
        "image": "https://raw.githubusercontent.com/Nereziel/cs2-WeaponPaints/main/website/img/skins/keychain-29.png"
    },
    {
        "id": "30",
        "name": "Przywieszka | Malusieńki karat terrorystów",
        "image": "https://raw.githubusercontent.com/Nereziel/cs2-WeaponPaints/main/website/img/skins/keychain-30.png"
    },
    {
        "id": "31",
        "name": "Przywieszka | Cenny strzał",
        "image": "https://raw.githubusercontent.com/Nereziel/cs2-WeaponPaints/main/website/img/skins/keychain-31.png"
    },
    {
        "id": "32",
        "name": "Przywieszka | Broń dziergana",
        "image": "https://raw.githubusercontent.com/Nereziel/cs2-WeaponPaints/main/website/img/skins/keychain-32.png"
    },
    {
        "id": "33",
        "name": "Przywieszka | Mały yeti",
        "image": "https://raw.githubusercontent.com/Nereziel/cs2-WeaponPaints/main/website/img/skins/keychain-33.png"
    }
]