[
    {
        "id": "3",
        "name": "音乐盒 | Daniel Sadowski - 深红突击",
        "image": "https://raw.githubusercontent.com/Nereziel/cs2-WeaponPaints/main/website/img/skins/music_kit-3.png"
    },
    {
        "id": "4",
        "name": "音乐盒 | Noisia - 尖峰时刻",
        "image": "https://raw.githubusercontent.com/Nereziel/cs2-WeaponPaints/main/website/img/skins/music_kit-4.png"
    },
    {
        "id": "5",
        "name": "音乐盒 | Robert Allaire - 叛乱",
        "image": "https://raw.githubusercontent.com/Nereziel/cs2-WeaponPaints/main/website/img/skins/music_kit-5.png"
    },
    {
        "id": "6",
        "name": "音乐盒 | Sean Murray - A*D*8",
        "image": "https://raw.githubusercontent.com/Nereziel/cs2-WeaponPaints/main/website/img/skins/music_kit-6.png"
    },
    {
        "id": "7",
        "name": "音乐盒 | Feed Me - 如日中天",
        "image": "https://raw.githubusercontent.com/Nereziel/cs2-WeaponPaints/main/website/img/skins/music_kit-7.png"
    },
    {
        "id": "8",
        "name": "音乐盒 | Dren - 骷髅爆破",
        "image": "https://raw.githubusercontent.com/Nereziel/cs2-WeaponPaints/main/website/img/skins/music_kit-8.png"
    },
    {
        "id": "9",
        "name": "音乐盒 | Austin Wintory - 沙漠之焰",
        "image": "https://raw.githubusercontent.com/Nereziel/cs2-WeaponPaints/main/website/img/skins/music_kit-9.png"
    },
    {
        "id": "10",
        "name": "音乐盒 | Sasha - 地球末夜",
        "image": "https://raw.githubusercontent.com/Nereziel/cs2-WeaponPaints/main/website/img/skins/music_kit-10.png"
    },
    {
        "id": "11",
        "name": "音乐盒 | Skog - 金属",
        "image": "https://raw.githubusercontent.com/Nereziel/cs2-WeaponPaints/main/website/img/skins/music_kit-11.png"
    },
    {
        "id": "12",
        "name": "音乐盒 | Midnight Riders - 圣诞之欲",
        "image": "https://raw.githubusercontent.com/Nereziel/cs2-WeaponPaints/main/website/img/skins/music_kit-12.png"
    },
    {
        "id": "13",
        "name": "音乐盒 | Matt Lange - 同型节奏",
        "image": "https://raw.githubusercontent.com/Nereziel/cs2-WeaponPaints/main/website/img/skins/music_kit-13.png"
    },
    {
        "id": "14",
        "name": "音乐盒 | Mateo Messina - 无人之境",
        "image": "https://raw.githubusercontent.com/Nereziel/cs2-WeaponPaints/main/website/img/skins/music_kit-14.png"
    },
    {
        "id": "15",
        "name": "音乐盒 | 多名作曲家 - 迈阿密热线",
        "image": "https://raw.githubusercontent.com/Nereziel/cs2-WeaponPaints/main/website/img/skins/music_kit-15.png"
    },
    {
        "id": "16",
        "name": "音乐盒 | Daniel Sadowski - 绝对统御",
        "image": "https://raw.githubusercontent.com/Nereziel/cs2-WeaponPaints/main/website/img/skins/music_kit-16.png"
    },
    {
        "id": "17",
        "name": "音乐盒 | Damjan Mravunac - 塔罗斯的法则",
        "image": "https://raw.githubusercontent.com/Nereziel/cs2-WeaponPaints/main/website/img/skins/music_kit-17.png"
    },
    {
        "id": "18",
        "name": "音乐盒 | Proxy - 万夫莫敌包",
        "image": "https://raw.githubusercontent.com/Nereziel/cs2-WeaponPaints/main/website/img/skins/music_kit-18.png"
    },
    {
        "id": "19",
        "name": "音乐盒 | Ki:Theory - 莫洛托夫烈火",
        "image": "https://raw.githubusercontent.com/Nereziel/cs2-WeaponPaints/main/website/img/skins/music_kit-19.png"
    },
    {
        "id": "20",
        "name": "音乐盒 | Troels Folmann - 超爆话筒",
        "image": "https://raw.githubusercontent.com/Nereziel/cs2-WeaponPaints/main/website/img/skins/music_kit-20.png"
    },
    {
        "id": "21",
        "name": "音乐盒 | Kelly Bailey - 有害物质环境",
        "image": "https://raw.githubusercontent.com/Nereziel/cs2-WeaponPaints/main/website/img/skins/music_kit-21.png"
    },
    {
        "id": "22",
        "name": "音乐盒 | Skog - II-爆头",
        "image": "https://raw.githubusercontent.com/Nereziel/cs2-WeaponPaints/main/website/img/skins/music_kit-22.png"
    },
    {
        "id": "23",
        "name": "音乐盒 | Daniel Sadowski - 8 位音乐盒",
        "image": "https://raw.githubusercontent.com/Nereziel/cs2-WeaponPaints/main/website/img/skins/music_kit-23.png"
    },
    {
        "id": "24",
        "name": "音乐盒 | AWOLNATION - 就是我",
        "image": "https://raw.githubusercontent.com/Nereziel/cs2-WeaponPaints/main/website/img/skins/music_kit-24.png"
    },
    {
        "id": "25",
        "name": "音乐盒 | Mord Fustang - 永恒之钻",
        "image": "https://raw.githubusercontent.com/Nereziel/cs2-WeaponPaints/main/website/img/skins/music_kit-25.png"
    },
    {
        "id": "26",
        "name": "音乐盒 | Michael Bross - 大举入侵！",
        "image": "https://raw.githubusercontent.com/Nereziel/cs2-WeaponPaints/main/website/img/skins/music_kit-26.png"
    },
    {
        "id": "27",
        "name": "音乐盒 | Ian Hultquist - 雄狮之口",
        "image": "https://raw.githubusercontent.com/Nereziel/cs2-WeaponPaints/main/website/img/skins/music_kit-27.png"
    },
    {
        "id": "28",
        "name": "音乐盒 | New Beat Fund - 海绵手指",
        "image": "https://raw.githubusercontent.com/Nereziel/cs2-WeaponPaints/main/website/img/skins/music_kit-28.png"
    },
    {
        "id": "29",
        "name": "音乐盒 | Beartooth - 令人发指",
        "image": "https://raw.githubusercontent.com/Nereziel/cs2-WeaponPaints/main/website/img/skins/music_kit-29.png"
    },
    {
        "id": "30",
        "name": "音乐盒 | Lennie Moore - 爪哇哈瓦那放克乐",
        "image": "https://raw.githubusercontent.com/Nereziel/cs2-WeaponPaints/main/website/img/skins/music_kit-30.png"
    },
    {
        "id": "31",
        "name": "音乐盒 | Darude - CSGO 精彩时刻",
        "image": "https://raw.githubusercontent.com/Nereziel/cs2-WeaponPaints/main/website/img/skins/music_kit-31.png"
    },
    {
        "id": "32",
        "name": "音乐盒 | Beartooth - 咄咄逼人",
        "image": "https://raw.githubusercontent.com/Nereziel/cs2-WeaponPaints/main/website/img/skins/music_kit-32.png"
    },
    {
        "id": "33",
        "name": "音乐盒 | Blitz Kids - 有为青年",
        "image": "https://raw.githubusercontent.com/Nereziel/cs2-WeaponPaints/main/website/img/skins/music_kit-33.png"
    },
    {
        "id": "34",
        "name": "音乐盒 | Hundredth - 冲破藩篱",
        "image": "https://raw.githubusercontent.com/Nereziel/cs2-WeaponPaints/main/website/img/skins/music_kit-34.png"
    },
    {
        "id": "35",
        "name": "音乐盒 | Neck Deep - 人生何处不青山",
        "image": "https://raw.githubusercontent.com/Nereziel/cs2-WeaponPaints/main/website/img/skins/music_kit-35.png"
    },
    {
        "id": "36",
        "name": "音乐盒 | Roam - 决心",
        "image": "https://raw.githubusercontent.com/Nereziel/cs2-WeaponPaints/main/website/img/skins/music_kit-36.png"
    },
    {
        "id": "37",
        "name": "音乐盒 | Twin Atlantic - GLA",
        "image": "https://raw.githubusercontent.com/Nereziel/cs2-WeaponPaints/main/website/img/skins/music_kit-37.png"
    },
    {
        "id": "38",
        "name": "音乐盒 | Skog - III-竞技场",
        "image": "https://raw.githubusercontent.com/Nereziel/cs2-WeaponPaints/main/website/img/skins/music_kit-38.png"
    },
    {
        "id": "39",
        "name": "音乐盒 | The Verkkars - EZ4ENCE",
        "image": "https://raw.githubusercontent.com/Nereziel/cs2-WeaponPaints/main/website/img/skins/music_kit-39.png"
    },
    {
        "id": "40",
        "name": "《光环：士官长合集》",
        "image": "https://raw.githubusercontent.com/Nereziel/cs2-WeaponPaints/main/website/img/skins/music_kit-40.png"
    },
    {
        "id": "41",
        "name": "音乐盒 | Scarlxrd - 疤王",
        "image": "https://raw.githubusercontent.com/Nereziel/cs2-WeaponPaints/main/website/img/skins/music_kit-41.png"
    },
    {
        "id": "42",
        "name": "《半衰期：爱莉克斯》，反叛者",
        "image": "https://raw.githubusercontent.com/Nereziel/cs2-WeaponPaints/main/website/img/skins/music_kit-42.png"
    },
    {
        "id": "43",
        "name": "音乐盒 | Austin Wintory - 巴克拉姆",
        "image": "https://raw.githubusercontent.com/Nereziel/cs2-WeaponPaints/main/website/img/skins/music_kit-43.png"
    },
    {
        "id": "44",
        "name": "音乐盒 | Dren - 枪手的卷饼卡车",
        "image": "https://raw.githubusercontent.com/Nereziel/cs2-WeaponPaints/main/website/img/skins/music_kit-44.png"
    },
    {
        "id": "45",
        "name": "音乐盒 | Daniel Sadowski - 巨龙之眼",
        "image": "https://raw.githubusercontent.com/Nereziel/cs2-WeaponPaints/main/website/img/skins/music_kit-45.png"
    },
    {
        "id": "46",
        "name": "音乐盒 | Tree Adams 和 Ben Bromfield - M.U.D.D. 军团",
        "image": "https://raw.githubusercontent.com/Nereziel/cs2-WeaponPaints/main/website/img/skins/music_kit-46.png"
    },
    {
        "id": "47",
        "name": "音乐盒 | Tim Huling - 新黑色电影",
        "image": "https://raw.githubusercontent.com/Nereziel/cs2-WeaponPaints/main/website/img/skins/music_kit-47.png"
    },
    {
        "id": "48",
        "name": "音乐盒 | Sam Marshall - 大胆尝试",
        "image": "https://raw.githubusercontent.com/Nereziel/cs2-WeaponPaints/main/website/img/skins/music_kit-48.png"
    },
    {
        "id": "49",
        "name": "音乐盒 | Matt Levine - 漂泊者",
        "image": "https://raw.githubusercontent.com/Nereziel/cs2-WeaponPaints/main/website/img/skins/music_kit-49.png"
    },
    {
        "id": "50",
        "name": "音乐盒 | Amon Tobin - 尘归尘",
        "image": "https://raw.githubusercontent.com/Nereziel/cs2-WeaponPaints/main/website/img/skins/music_kit-50.png"
    },
    {
        "id": "51",
        "name": "Darren Korb，黑帝斯音乐盒",
        "image": "https://raw.githubusercontent.com/Nereziel/cs2-WeaponPaints/main/website/img/skins/music_kit-51.png"
    },
    {
        "id": "52",
        "name": "音乐盒 | Neck Deep - 躺平青年",
        "image": "https://raw.githubusercontent.com/Nereziel/cs2-WeaponPaints/main/website/img/skins/music_kit-52.png"
    },
    {
        "id": "53",
        "name": "音乐盒 | Scarlxrd - 电锯·追命",
        "image": "https://raw.githubusercontent.com/Nereziel/cs2-WeaponPaints/main/website/img/skins/music_kit-53.png"
    },
    {
        "id": "54",
        "name": "音乐盒 | Austin Wintory - 咖啡拉花",
        "image": "https://raw.githubusercontent.com/Nereziel/cs2-WeaponPaints/main/website/img/skins/music_kit-54.png"
    },
    {
        "id": "55",
        "name": "音乐盒 | Chipzel - 黄色魔法",
        "image": "https://raw.githubusercontent.com/Nereziel/cs2-WeaponPaints/main/website/img/skins/music_kit-55.png"
    },
    {
        "id": "56",
        "name": "音乐盒 | Freaky DNA - 征服",
        "image": "https://raw.githubusercontent.com/Nereziel/cs2-WeaponPaints/main/website/img/skins/music_kit-56.png"
    },
    {
        "id": "57",
        "name": "音乐盒 | Jesse Harlin - 战火星空",
        "image": "https://raw.githubusercontent.com/Nereziel/cs2-WeaponPaints/main/website/img/skins/music_kit-57.png"
    },
    {
        "id": "58",
        "name": "音乐盒 | Laura Shigihara - 好好干，好好活",
        "image": "https://raw.githubusercontent.com/Nereziel/cs2-WeaponPaints/main/website/img/skins/music_kit-58.png"
    },
    {
        "id": "59",
        "name": "音乐盒 | Sarah Schachner - 蜂鸟",
        "image": "https://raw.githubusercontent.com/Nereziel/cs2-WeaponPaints/main/website/img/skins/music_kit-59.png"
    },
    {
        "id": "60",
        "name": "音乐盒 | bbno$ - 你急了！",
        "image": "https://raw.githubusercontent.com/Nereziel/cs2-WeaponPaints/main/website/img/skins/music_kit-60.png"
    },
    {
        "id": "61",
        "name": "音乐盒 | The Verkkars & n0thing - 闪光舞",
        "image": "https://raw.githubusercontent.com/Nereziel/cs2-WeaponPaints/main/website/img/skins/music_kit-61.png"
    },
    {
        "id": "62",
        "name": "音乐盒 | 3kliksphilip - 追溯起源",
        "image": "https://raw.githubusercontent.com/Nereziel/cs2-WeaponPaints/main/website/img/skins/music_kit-62.png"
    },
    {
        "id": "63",
        "name": "音乐盒 | Humanity's Last Breath - 虚空",
        "image": "https://raw.githubusercontent.com/Nereziel/cs2-WeaponPaints/main/website/img/skins/music_kit-63.png"
    },
    {
        "id": "64",
        "name": "音乐盒 | Juelz - 神枪手",
        "image": "https://raw.githubusercontent.com/Nereziel/cs2-WeaponPaints/main/website/img/skins/music_kit-64.png"
    },
    {
        "id": "65",
        "name": "音乐盒 | Knock2 - 冲击星*",
        "image": "https://raw.githubusercontent.com/Nereziel/cs2-WeaponPaints/main/website/img/skins/music_kit-65.png"
    },
    {
        "id": "66",
        "name": "音乐盒 | Meechy Darko - 哥特浮华",
        "image": "https://raw.githubusercontent.com/Nereziel/cs2-WeaponPaints/main/website/img/skins/music_kit-66.png"
    },
    {
        "id": "67",
        "name": "音乐盒 | Sullivan King - 困兽",
        "image": "https://raw.githubusercontent.com/Nereziel/cs2-WeaponPaints/main/website/img/skins/music_kit-67.png"
    },
    {
        "id": "68",
        "name": "音乐盒 | 完美世界 - 花脸",
        "image": "https://raw.githubusercontent.com/Nereziel/cs2-WeaponPaints/main/website/img/skins/music_kit-68.png"
    },
    {
        "id": "69",
        "name": "音乐盒 | Denzel Curry - 终极",
        "image": "https://raw.githubusercontent.com/Nereziel/cs2-WeaponPaints/main/website/img/skins/music_kit-69.png"
    },
    {
        "id": "71",
        "name": "音乐盒 | DRYDEN - 触摸能量",
        "image": "https://raw.githubusercontent.com/Nereziel/cs2-WeaponPaints/main/website/img/skins/music_kit-71.png"
    },
    {
        "id": "72",
        "name": "音乐盒 | ISOxo - 非人类",
        "image": "https://raw.githubusercontent.com/Nereziel/cs2-WeaponPaints/main/website/img/skins/music_kit-72.png"
    },
    {
        "id": "73",
        "name": "音乐盒 | KILL SCRIPT - 通宵达旦",
        "image": "https://raw.githubusercontent.com/Nereziel/cs2-WeaponPaints/main/website/img/skins/music_kit-73.png"
    },
    {
        "id": "74",
        "name": "音乐盒 | Knock2 - 燥起来！",
        "image": "https://raw.githubusercontent.com/Nereziel/cs2-WeaponPaints/main/website/img/skins/music_kit-74.png"
    },
    {
        "id": "75",
        "name": "音乐盒 | Rad Cat - 理由",
        "image": "https://raw.githubusercontent.com/Nereziel/cs2-WeaponPaints/main/website/img/skins/music_kit-75.png"
    },
    {
        "id": "76",
        "name": "音乐盒 | TWERL, Ekko & Sidetrack - 万众瞩目",
        "image": "https://raw.githubusercontent.com/Nereziel/cs2-WeaponPaints/main/website/img/skins/music_kit-76.png"
    },
    {
        "id": "78",
        "name": "音乐盒 | Austin Wintory，恶魔舞厅",
        "image": "https://raw.githubusercontent.com/Nereziel/cs2-WeaponPaints/main/website/img/skins/music_kit-78.png"
    },
    {
        "id": "79",
        "name": "音乐盒 | Ben Bromfield，兔子洞",
        "image": "https://raw.githubusercontent.com/Nereziel/cs2-WeaponPaints/main/website/img/skins/music_kit-79.png"
    },
    {
        "id": "80",
        "name": "音乐盒 | Daniel Sadowski，致命一击",
        "image": "https://raw.githubusercontent.com/Nereziel/cs2-WeaponPaints/main/website/img/skins/music_kit-80.png"
    },
    {
        "id": "81",
        "name": "音乐盒 | Dren McDonald，咖啡！加非！磕肥！",
        "image": "https://raw.githubusercontent.com/Nereziel/cs2-WeaponPaints/main/website/img/skins/music_kit-81.png"
    },
    {
        "id": "82",
        "name": "音乐盒 | Matt Levine，特工",
        "image": "https://raw.githubusercontent.com/Nereziel/cs2-WeaponPaints/main/website/img/skins/music_kit-82.png"
    },
    {
        "id": "83",
        "name": "音乐盒 | Sam Marshall，危在旦夕",
        "image": "https://raw.githubusercontent.com/Nereziel/cs2-WeaponPaints/main/website/img/skins/music_kit-83.png"
    },
    {
        "id": "84",
        "name": "音乐盒 | Tim Huling，恶魔油漆刷",
        "image": "https://raw.githubusercontent.com/Nereziel/cs2-WeaponPaints/main/website/img/skins/music_kit-84.png"
    },
    {
        "id": "85",
        "name": "音乐盒 | Tree Adams，柒月",
        "image": "https://raw.githubusercontent.com/Nereziel/cs2-WeaponPaints/main/website/img/skins/music_kit-85.png"
    },
    {
        "id": "86",
        "name": "音乐盒 | Perfect World, Ay Hey",
        "image": "https://raw.githubusercontent.com/Nereziel/cs2-WeaponPaints/main/website/img/skins/music_kit-86.png"
    }
]